[0.201s] DEBUG:colcon:Command line arguments: ['/usr/bin/colcon', 'list', '--names-only']
[0.202s] DEBUG:colcon:Parsed command line arguments: Namespace(log_base=None, log_level=None, verb_name='list', build_base='build', ignore_user_meta=False, metas=['./colcon.meta'], base_paths=['.'], packages_ignore=None, packages_ignore_regex=None, paths=None, packages_up_to=None, packages_up_to_regex=None, packages_above=None, packages_above_and_dependencies=None, packages_above_depth=None, packages_select_by_dep=None, packages_skip_by_dep=None, packages_skip_up_to=None, packages_select_build_failed=False, packages_skip_build_finished=False, packages_select_test_failures=False, packages_skip_test_passed=False, packages_select=None, packages_skip=None, packages_select_regex=None, packages_skip_regex=None, packages_start=None, packages_end=None, allow_overriding=[], topological_order=False, names_only=True, paths_only=False, topological_graph=False, topological_graph_dot=False, topological_graph_density=False, topological_graph_legend=False, topological_graph_dot_cluster=False, topological_graph_dot_include_skipped=False, verb_parser=<colcon_defaults.argument_parser.defaults.DefaultArgumentsDecorator object at 0x7586d9bb8440>, verb_extension=<colcon_package_information.verb.list.ListVerb object at 0x7586d9bb84a0>, main=<bound method ListVerb.main of <colcon_package_information.verb.list.ListVerb object at 0x7586d9bb84a0>>)
[0.229s] Level 1:colcon.colcon_core.package_discovery:discover_packages(colcon_meta) check parameters
[0.230s] Level 1:colcon.colcon_core.package_discovery:discover_packages(recursive) check parameters
[0.230s] Level 1:colcon.colcon_core.package_discovery:discover_packages(ignore) check parameters
[0.230s] Level 1:colcon.colcon_core.package_discovery:discover_packages(path) check parameters
[0.230s] Level 1:colcon.colcon_core.package_discovery:discover_packages(colcon_meta) discover
[0.231s] Level 1:colcon.colcon_core.package_discovery:discover_packages(recursive) discover
[0.232s] INFO:colcon.colcon_core.package_discovery:Crawling recursively for packages in '/mnt/c/Users/tiger/Desktop/robot/ROS2 RISC-V/src'
[0.236s] Level 1:colcon.colcon_core.package_identification:_identify(.) by extensions ['ignore', 'ignore_ament_install']
[0.241s] Level 1:colcon.colcon_core.package_identification:_identify(.) by extension 'ignore'
[0.241s] Level 1:colcon.colcon_core.package_identification:_identify(.) by extension 'ignore_ament_install'
[0.241s] Level 1:colcon.colcon_core.package_identification:_identify(.) by extensions ['colcon_pkg']
[0.242s] Level 1:colcon.colcon_core.package_identification:_identify(.) by extension 'colcon_pkg'
[0.242s] Level 1:colcon.colcon_core.package_identification:_identify(.) by extensions ['colcon_meta']
[0.242s] Level 1:colcon.colcon_core.package_identification:_identify(.) by extension 'colcon_meta'
[0.242s] Level 1:colcon.colcon_core.package_identification:_identify(.) by extensions ['ros']
[0.242s] Level 1:colcon.colcon_core.package_identification:_identify(.) by extension 'ros'
[0.271s] Level 1:colcon.colcon_core.package_identification:_identify(.) by extensions ['cmake', 'python']
[0.272s] Level 1:colcon.colcon_core.package_identification:_identify(.) by extension 'cmake'
[0.272s] Level 1:colcon.colcon_core.package_identification:_identify(.) by extension 'python'
[0.272s] Level 1:colcon.colcon_core.package_identification:_identify(.) by extensions ['python_setup_py']
[0.273s] Level 1:colcon.colcon_core.package_identification:_identify(.) by extension 'python_setup_py'
[0.281s] Level 1:colcon.colcon_core.package_identification:_identify(__pycache__) by extensions ['ignore', 'ignore_ament_install']
[0.281s] Level 1:colcon.colcon_core.package_identification:_identify(__pycache__) by extension 'ignore'
[0.282s] Level 1:colcon.colcon_core.package_identification:_identify(__pycache__) by extension 'ignore_ament_install'
[0.284s] Level 1:colcon.colcon_core.package_identification:_identify(__pycache__) by extensions ['colcon_pkg']
[0.284s] Level 1:colcon.colcon_core.package_identification:_identify(__pycache__) by extension 'colcon_pkg'
[0.284s] Level 1:colcon.colcon_core.package_identification:_identify(__pycache__) by extensions ['colcon_meta']
[0.285s] Level 1:colcon.colcon_core.package_identification:_identify(__pycache__) by extension 'colcon_meta'
[0.287s] Level 1:colcon.colcon_core.package_identification:_identify(__pycache__) by extensions ['ros']
[0.287s] Level 1:colcon.colcon_core.package_identification:_identify(__pycache__) by extension 'ros'
[0.290s] Level 1:colcon.colcon_core.package_identification:_identify(__pycache__) by extensions ['cmake', 'python']
[0.290s] Level 1:colcon.colcon_core.package_identification:_identify(__pycache__) by extension 'cmake'
[0.291s] Level 1:colcon.colcon_core.package_identification:_identify(__pycache__) by extension 'python'
[0.292s] Level 1:colcon.colcon_core.package_identification:_identify(__pycache__) by extensions ['python_setup_py']
[0.292s] Level 1:colcon.colcon_core.package_identification:_identify(__pycache__) by extension 'python_setup_py'
[0.295s] Level 1:colcon.colcon_core.package_identification:_identify(action_demo_cpp) by extensions ['ignore', 'ignore_ament_install']
[0.295s] Level 1:colcon.colcon_core.package_identification:_identify(action_demo_cpp) by extension 'ignore'
[0.295s] Level 1:colcon.colcon_core.package_identification:_identify(action_demo_cpp) by extension 'ignore_ament_install'
[0.296s] Level 1:colcon.colcon_core.package_identification:_identify(action_demo_cpp) by extensions ['colcon_pkg']
[0.297s] Level 1:colcon.colcon_core.package_identification:_identify(action_demo_cpp) by extension 'colcon_pkg'
[0.297s] Level 1:colcon.colcon_core.package_identification:_identify(action_demo_cpp) by extensions ['colcon_meta']
[0.297s] Level 1:colcon.colcon_core.package_identification:_identify(action_demo_cpp) by extension 'colcon_meta'
[0.298s] Level 1:colcon.colcon_core.package_identification:_identify(action_demo_cpp) by extensions ['ros']
[0.298s] Level 1:colcon.colcon_core.package_identification:_identify(action_demo_cpp) by extension 'ros'
[0.310s] DEBUG:colcon.colcon_core.package_identification:Package 'action_demo_cpp' with type 'ros.ament_cmake' and name 'action_demo_cpp'
[0.313s] Level 1:colcon.colcon_core.package_identification:_identify(action_demo_interfaces) by extensions ['ignore', 'ignore_ament_install']
[0.313s] Level 1:colcon.colcon_core.package_identification:_identify(action_demo_interfaces) by extension 'ignore'
[0.314s] Level 1:colcon.colcon_core.package_identification:_identify(action_demo_interfaces) by extension 'ignore_ament_install'
[0.315s] Level 1:colcon.colcon_core.package_identification:_identify(action_demo_interfaces) by extensions ['colcon_pkg']
[0.315s] Level 1:colcon.colcon_core.package_identification:_identify(action_demo_interfaces) by extension 'colcon_pkg'
[0.316s] Level 1:colcon.colcon_core.package_identification:_identify(action_demo_interfaces) by extensions ['colcon_meta']
[0.316s] Level 1:colcon.colcon_core.package_identification:_identify(action_demo_interfaces) by extension 'colcon_meta'
[0.317s] Level 1:colcon.colcon_core.package_identification:_identify(action_demo_interfaces) by extensions ['ros']
[0.317s] Level 1:colcon.colcon_core.package_identification:_identify(action_demo_interfaces) by extension 'ros'
[0.323s] DEBUG:colcon.colcon_core.package_identification:Package 'action_demo_interfaces' with type 'ros.ament_cmake' and name 'action_demo_interfaces'
[0.325s] Level 1:colcon.colcon_core.package_identification:_identify(action_demo_py) by extensions ['ignore', 'ignore_ament_install']
[0.325s] Level 1:colcon.colcon_core.package_identification:_identify(action_demo_py) by extension 'ignore'
[0.326s] Level 1:colcon.colcon_core.package_identification:_identify(action_demo_py) by extension 'ignore_ament_install'
[0.327s] Level 1:colcon.colcon_core.package_identification:_identify(action_demo_py) by extensions ['colcon_pkg']
[0.327s] Level 1:colcon.colcon_core.package_identification:_identify(action_demo_py) by extension 'colcon_pkg'
[0.328s] Level 1:colcon.colcon_core.package_identification:_identify(action_demo_py) by extensions ['colcon_meta']
[0.328s] Level 1:colcon.colcon_core.package_identification:_identify(action_demo_py) by extension 'colcon_meta'
[0.328s] Level 1:colcon.colcon_core.package_identification:_identify(action_demo_py) by extensions ['ros']
[0.328s] Level 1:colcon.colcon_core.package_identification:_identify(action_demo_py) by extension 'ros'
[0.336s] DEBUG:colcon.colcon_core.package_identification:Package 'action_demo_py' with type 'ros.ament_python' and name 'action_demo_py'
[0.339s] Level 1:colcon.colcon_core.package_identification:_identify(course_lab_interfaces) by extensions ['ignore', 'ignore_ament_install']
[0.339s] Level 1:colcon.colcon_core.package_identification:_identify(course_lab_interfaces) by extension 'ignore'
[0.340s] Level 1:colcon.colcon_core.package_identification:_identify(course_lab_interfaces) by extension 'ignore_ament_install'
[0.340s] Level 1:colcon.colcon_core.package_identification:_identify(course_lab_interfaces) by extensions ['colcon_pkg']
[0.341s] Level 1:colcon.colcon_core.package_identification:_identify(course_lab_interfaces) by extension 'colcon_pkg'
[0.341s] Level 1:colcon.colcon_core.package_identification:_identify(course_lab_interfaces) by extensions ['colcon_meta']
[0.341s] Level 1:colcon.colcon_core.package_identification:_identify(course_lab_interfaces) by extension 'colcon_meta'
[0.342s] Level 1:colcon.colcon_core.package_identification:_identify(course_lab_interfaces) by extensions ['ros']
[0.342s] Level 1:colcon.colcon_core.package_identification:_identify(course_lab_interfaces) by extension 'ros'
[0.349s] DEBUG:colcon.colcon_core.package_identification:Package 'course_lab_interfaces' with type 'ros.ament_cmake' and name 'course_lab_interfaces'
[0.351s] Level 1:colcon.colcon_core.package_identification:_identify(course_lab_utils) by extensions ['ignore', 'ignore_ament_install']
[0.352s] Level 1:colcon.colcon_core.package_identification:_identify(course_lab_utils) by extension 'ignore'
[0.353s] Level 1:colcon.colcon_core.package_identification:_identify(course_lab_utils) by extension 'ignore_ament_install'
[0.354s] Level 1:colcon.colcon_core.package_identification:_identify(course_lab_utils) by extensions ['colcon_pkg']
[0.354s] Level 1:colcon.colcon_core.package_identification:_identify(course_lab_utils) by extension 'colcon_pkg'
[0.354s] Level 1:colcon.colcon_core.package_identification:_identify(course_lab_utils) by extensions ['colcon_meta']
[0.354s] Level 1:colcon.colcon_core.package_identification:_identify(course_lab_utils) by extension 'colcon_meta'
[0.355s] Level 1:colcon.colcon_core.package_identification:_identify(course_lab_utils) by extensions ['ros']
[0.355s] Level 1:colcon.colcon_core.package_identification:_identify(course_lab_utils) by extension 'ros'
[0.361s] DEBUG:colcon.colcon_core.package_identification:Package 'course_lab_utils' with type 'ros.ament_python' and name 'course_lab_utils'
[0.365s] Level 1:colcon.colcon_core.package_identification:_identify(lab_code) by extensions ['ignore', 'ignore_ament_install']
[0.365s] Level 1:colcon.colcon_core.package_identification:_identify(lab_code) by extension 'ignore'
[0.366s] Level 1:colcon.colcon_core.package_identification:_identify(lab_code) by extension 'ignore_ament_install'
[0.366s] Level 1:colcon.colcon_core.package_identification:_identify(lab_code) by extensions ['colcon_pkg']
[0.367s] Level 1:colcon.colcon_core.package_identification:_identify(lab_code) by extension 'colcon_pkg'
[0.367s] Level 1:colcon.colcon_core.package_identification:_identify(lab_code) by extensions ['colcon_meta']
[0.367s] Level 1:colcon.colcon_core.package_identification:_identify(lab_code) by extension 'colcon_meta'
[0.368s] Level 1:colcon.colcon_core.package_identification:_identify(lab_code) by extensions ['ros']
[0.368s] Level 1:colcon.colcon_core.package_identification:_identify(lab_code) by extension 'ros'
[0.370s] Level 1:colcon.colcon_core.package_identification:_identify(lab_code) by extensions ['cmake', 'python']
[0.370s] Level 1:colcon.colcon_core.package_identification:_identify(lab_code) by extension 'cmake'
[0.370s] Level 1:colcon.colcon_core.package_identification:_identify(lab_code) by extension 'python'
[0.371s] Level 1:colcon.colcon_core.package_identification:_identify(lab_code) by extensions ['python_setup_py']
[0.371s] Level 1:colcon.colcon_core.package_identification:_identify(lab_code) by extension 'python_setup_py'
[0.374s] Level 1:colcon.colcon_core.package_identification:_identify(lab_code/__pycache__) by extensions ['ignore', 'ignore_ament_install']
[0.374s] Level 1:colcon.colcon_core.package_identification:_identify(lab_code/__pycache__) by extension 'ignore'
[0.375s] Level 1:colcon.colcon_core.package_identification:_identify(lab_code/__pycache__) by extension 'ignore_ament_install'
[0.378s] Level 1:colcon.colcon_core.package_identification:_identify(lab_code/__pycache__) by extensions ['colcon_pkg']
[0.380s] Level 1:colcon.colcon_core.package_identification:_identify(lab_code/__pycache__) by extension 'colcon_pkg'
[0.381s] Level 1:colcon.colcon_core.package_identification:_identify(lab_code/__pycache__) by extensions ['colcon_meta']
[0.381s] Level 1:colcon.colcon_core.package_identification:_identify(lab_code/__pycache__) by extension 'colcon_meta'
[0.383s] Level 1:colcon.colcon_core.package_identification:_identify(lab_code/__pycache__) by extensions ['ros']
[0.383s] Level 1:colcon.colcon_core.package_identification:_identify(lab_code/__pycache__) by extension 'ros'
[0.386s] Level 1:colcon.colcon_core.package_identification:_identify(lab_code/__pycache__) by extensions ['cmake', 'python']
[0.387s] Level 1:colcon.colcon_core.package_identification:_identify(lab_code/__pycache__) by extension 'cmake'
[0.387s] Level 1:colcon.colcon_core.package_identification:_identify(lab_code/__pycache__) by extension 'python'
[0.388s] Level 1:colcon.colcon_core.package_identification:_identify(lab_code/__pycache__) by extensions ['python_setup_py']
[0.388s] Level 1:colcon.colcon_core.package_identification:_identify(lab_code/__pycache__) by extension 'python_setup_py'
[0.399s] Level 1:colcon.colcon_core.package_identification:_identify(lab_code/ch01_lab) by extensions ['ignore', 'ignore_ament_install']
[0.399s] Level 1:colcon.colcon_core.package_identification:_identify(lab_code/ch01_lab) by extension 'ignore'
[0.400s] Level 1:colcon.colcon_core.package_identification:_identify(lab_code/ch01_lab) by extension 'ignore_ament_install'
[0.401s] Level 1:colcon.colcon_core.package_identification:_identify(lab_code/ch01_lab) by extensions ['colcon_pkg']
[0.402s] Level 1:colcon.colcon_core.package_identification:_identify(lab_code/ch01_lab) by extension 'colcon_pkg'
[0.403s] Level 1:colcon.colcon_core.package_identification:_identify(lab_code/ch01_lab) by extensions ['colcon_meta']
[0.403s] Level 1:colcon.colcon_core.package_identification:_identify(lab_code/ch01_lab) by extension 'colcon_meta'
[0.405s] Level 1:colcon.colcon_core.package_identification:_identify(lab_code/ch01_lab) by extensions ['ros']
[0.405s] Level 1:colcon.colcon_core.package_identification:_identify(lab_code/ch01_lab) by extension 'ros'
[0.414s] DEBUG:colcon.colcon_core.package_identification:Package 'lab_code/ch01_lab' with type 'ros.ament_python' and name 'lifecycle_demo'
[0.417s] Level 1:colcon.colcon_core.package_identification:_identify(lab_code/ch02_lab) by extensions ['ignore', 'ignore_ament_install']
[0.417s] Level 1:colcon.colcon_core.package_identification:_identify(lab_code/ch02_lab) by extension 'ignore'
[0.418s] Level 1:colcon.colcon_core.package_identification:_identify(lab_code/ch02_lab) by extension 'ignore_ament_install'
[0.420s] Level 1:colcon.colcon_core.package_identification:_identify(lab_code/ch02_lab) by extensions ['colcon_pkg']
[0.420s] Level 1:colcon.colcon_core.package_identification:_identify(lab_code/ch02_lab) by extension 'colcon_pkg'
[0.421s] Level 1:colcon.colcon_core.package_identification:_identify(lab_code/ch02_lab) by extensions ['colcon_meta']
[0.421s] Level 1:colcon.colcon_core.package_identification:_identify(lab_code/ch02_lab) by extension 'colcon_meta'
[0.422s] Level 1:colcon.colcon_core.package_identification:_identify(lab_code/ch02_lab) by extensions ['ros']
[0.422s] Level 1:colcon.colcon_core.package_identification:_identify(lab_code/ch02_lab) by extension 'ros'
[0.428s] Level 1:colcon.colcon_core.package_identification:_identify(lab_code/ch02_lab) by extensions ['cmake', 'python']
[0.428s] Level 1:colcon.colcon_core.package_identification:_identify(lab_code/ch02_lab) by extension 'cmake'
[0.428s] Level 1:colcon.colcon_core.package_identification:_identify(lab_code/ch02_lab) by extension 'python'
[0.429s] Level 1:colcon.colcon_core.package_identification:_identify(lab_code/ch02_lab) by extensions ['python_setup_py']
[0.429s] Level 1:colcon.colcon_core.package_identification:_identify(lab_code/ch02_lab) by extension 'python_setup_py'
[0.440s] Level 1:colcon.colcon_core.package_identification:_identify(lab_code/ch02_lab/docs) by extensions ['ignore', 'ignore_ament_install']
[0.441s] Level 1:colcon.colcon_core.package_identification:_identify(lab_code/ch02_lab/docs) by extension 'ignore'
[0.444s] Level 1:colcon.colcon_core.package_identification:_identify(lab_code/ch02_lab/docs) by extension 'ignore_ament_install'
[0.447s] Level 1:colcon.colcon_core.package_identification:_identify(lab_code/ch02_lab/docs) by extensions ['colcon_pkg']
[0.448s] Level 1:colcon.colcon_core.package_identification:_identify(lab_code/ch02_lab/docs) by extension 'colcon_pkg'
[0.450s] Level 1:colcon.colcon_core.package_identification:_identify(lab_code/ch02_lab/docs) by extensions ['colcon_meta']
[0.450s] Level 1:colcon.colcon_core.package_identification:_identify(lab_code/ch02_lab/docs) by extension 'colcon_meta'
[0.452s] Level 1:colcon.colcon_core.package_identification:_identify(lab_code/ch02_lab/docs) by extensions ['ros']
[0.452s] Level 1:colcon.colcon_core.package_identification:_identify(lab_code/ch02_lab/docs) by extension 'ros'
[0.457s] Level 1:colcon.colcon_core.package_identification:_identify(lab_code/ch02_lab/docs) by extensions ['cmake', 'python']
[0.457s] Level 1:colcon.colcon_core.package_identification:_identify(lab_code/ch02_lab/docs) by extension 'cmake'
[0.458s] Level 1:colcon.colcon_core.package_identification:_identify(lab_code/ch02_lab/docs) by extension 'python'
[0.459s] Level 1:colcon.colcon_core.package_identification:_identify(lab_code/ch02_lab/docs) by extensions ['python_setup_py']
[0.460s] Level 1:colcon.colcon_core.package_identification:_identify(lab_code/ch02_lab/docs) by extension 'python_setup_py'
[0.466s] Level 1:colcon.colcon_core.package_identification:_identify(lab_code/ch02_lab/docs/images) by extensions ['ignore', 'ignore_ament_install']
[0.467s] Level 1:colcon.colcon_core.package_identification:_identify(lab_code/ch02_lab/docs/images) by extension 'ignore'
[0.470s] Level 1:colcon.colcon_core.package_identification:_identify(lab_code/ch02_lab/docs/images) by extension 'ignore_ament_install'
[0.474s] Level 1:colcon.colcon_core.package_identification:_identify(lab_code/ch02_lab/docs/images) by extensions ['colcon_pkg']
[0.474s] Level 1:colcon.colcon_core.package_identification:_identify(lab_code/ch02_lab/docs/images) by extension 'colcon_pkg'
[0.481s] Level 1:colcon.colcon_core.package_identification:_identify(lab_code/ch02_lab/docs/images) by extensions ['colcon_meta']
[0.481s] Level 1:colcon.colcon_core.package_identification:_identify(lab_code/ch02_lab/docs/images) by extension 'colcon_meta'
[0.487s] Level 1:colcon.colcon_core.package_identification:_identify(lab_code/ch02_lab/docs/images) by extensions ['ros']
[0.487s] Level 1:colcon.colcon_core.package_identification:_identify(lab_code/ch02_lab/docs/images) by extension 'ros'
[0.508s] Level 1:colcon.colcon_core.package_identification:_identify(lab_code/ch02_lab/docs/images) by extensions ['cmake', 'python']
[0.509s] Level 1:colcon.colcon_core.package_identification:_identify(lab_code/ch02_lab/docs/images) by extension 'cmake'
[0.511s] Level 1:colcon.colcon_core.package_identification:_identify(lab_code/ch02_lab/docs/images) by extension 'python'
[0.514s] Level 1:colcon.colcon_core.package_identification:_identify(lab_code/ch02_lab/docs/images) by extensions ['python_setup_py']
[0.514s] Level 1:colcon.colcon_core.package_identification:_identify(lab_code/ch02_lab/docs/images) by extension 'python_setup_py'
[0.519s] Level 1:colcon.colcon_core.package_identification:_identify(lab_code/ch02_lab/hello_pkg) by extensions ['ignore', 'ignore_ament_install']
[0.519s] Level 1:colcon.colcon_core.package_identification:_identify(lab_code/ch02_lab/hello_pkg) by extension 'ignore'
[0.520s] Level 1:colcon.colcon_core.package_identification:_identify(lab_code/ch02_lab/hello_pkg) by extension 'ignore_ament_install'
[0.522s] Level 1:colcon.colcon_core.package_identification:_identify(lab_code/ch02_lab/hello_pkg) by extensions ['colcon_pkg']
[0.522s] Level 1:colcon.colcon_core.package_identification:_identify(lab_code/ch02_lab/hello_pkg) by extension 'colcon_pkg'
[0.524s] Level 1:colcon.colcon_core.package_identification:_identify(lab_code/ch02_lab/hello_pkg) by extensions ['colcon_meta']
[0.524s] Level 1:colcon.colcon_core.package_identification:_identify(lab_code/ch02_lab/hello_pkg) by extension 'colcon_meta'
[0.527s] Level 1:colcon.colcon_core.package_identification:_identify(lab_code/ch02_lab/hello_pkg) by extensions ['ros']
[0.527s] Level 1:colcon.colcon_core.package_identification:_identify(lab_code/ch02_lab/hello_pkg) by extension 'ros'
[0.552s] DEBUG:colcon.colcon_core.package_identification:Package 'lab_code/ch02_lab/hello_pkg' with type 'ros.ament_python' and name 'hello_pkg'
[0.559s] Level 1:colcon.colcon_core.package_identification:_identify(lab_code/ch03_lab) by extensions ['ignore', 'ignore_ament_install']
[0.560s] Level 1:colcon.colcon_core.package_identification:_identify(lab_code/ch03_lab) by extension 'ignore'
[0.562s] Level 1:colcon.colcon_core.package_identification:_identify(lab_code/ch03_lab) by extension 'ignore_ament_install'
[0.565s] Level 1:colcon.colcon_core.package_identification:_identify(lab_code/ch03_lab) by extensions ['colcon_pkg']
[0.565s] Level 1:colcon.colcon_core.package_identification:_identify(lab_code/ch03_lab) by extension 'colcon_pkg'
[0.567s] Level 1:colcon.colcon_core.package_identification:_identify(lab_code/ch03_lab) by extensions ['colcon_meta']
[0.567s] Level 1:colcon.colcon_core.package_identification:_identify(lab_code/ch03_lab) by extension 'colcon_meta'
[0.570s] Level 1:colcon.colcon_core.package_identification:_identify(lab_code/ch03_lab) by extensions ['ros']
[0.570s] Level 1:colcon.colcon_core.package_identification:_identify(lab_code/ch03_lab) by extension 'ros'
[0.576s] Level 1:colcon.colcon_core.package_identification:_identify(lab_code/ch03_lab) by extensions ['cmake', 'python']
[0.576s] Level 1:colcon.colcon_core.package_identification:_identify(lab_code/ch03_lab) by extension 'cmake'
[0.577s] Level 1:colcon.colcon_core.package_identification:_identify(lab_code/ch03_lab) by extension 'python'
[0.585s] Level 1:colcon.colcon_core.package_identification:_identify(lab_code/ch03_lab) by extensions ['python_setup_py']
[0.585s] Level 1:colcon.colcon_core.package_identification:_identify(lab_code/ch03_lab) by extension 'python_setup_py'
[0.590s] Level 1:colcon.colcon_core.package_identification:_identify(lab_code/ch03_lab/docs) by extensions ['ignore', 'ignore_ament_install']
[0.591s] Level 1:colcon.colcon_core.package_identification:_identify(lab_code/ch03_lab/docs) by extension 'ignore'
[0.592s] Level 1:colcon.colcon_core.package_identification:_identify(lab_code/ch03_lab/docs) by extension 'ignore_ament_install'
[0.597s] Level 1:colcon.colcon_core.package_identification:_identify(lab_code/ch03_lab/docs) by extensions ['colcon_pkg']
[0.597s] Level 1:colcon.colcon_core.package_identification:_identify(lab_code/ch03_lab/docs) by extension 'colcon_pkg'
[0.599s] Level 1:colcon.colcon_core.package_identification:_identify(lab_code/ch03_lab/docs) by extensions ['colcon_meta']
[0.600s] Level 1:colcon.colcon_core.package_identification:_identify(lab_code/ch03_lab/docs) by extension 'colcon_meta'
[0.606s] Level 1:colcon.colcon_core.package_identification:_identify(lab_code/ch03_lab/docs) by extensions ['ros']
[0.606s] Level 1:colcon.colcon_core.package_identification:_identify(lab_code/ch03_lab/docs) by extension 'ros'
[0.617s] Level 1:colcon.colcon_core.package_identification:_identify(lab_code/ch03_lab/docs) by extensions ['cmake', 'python']
[0.617s] Level 1:colcon.colcon_core.package_identification:_identify(lab_code/ch03_lab/docs) by extension 'cmake'
[0.619s] Level 1:colcon.colcon_core.package_identification:_identify(lab_code/ch03_lab/docs) by extension 'python'
[0.621s] Level 1:colcon.colcon_core.package_identification:_identify(lab_code/ch03_lab/docs) by extensions ['python_setup_py']
[0.621s] Level 1:colcon.colcon_core.package_identification:_identify(lab_code/ch03_lab/docs) by extension 'python_setup_py'
[0.632s] Level 1:colcon.colcon_core.package_identification:_identify(lab_code/ch03_lab/docs/images) by extensions ['ignore', 'ignore_ament_install']
[0.632s] Level 1:colcon.colcon_core.package_identification:_identify(lab_code/ch03_lab/docs/images) by extension 'ignore'
[0.635s] Level 1:colcon.colcon_core.package_identification:_identify(lab_code/ch03_lab/docs/images) by extension 'ignore_ament_install'
[0.641s] Level 1:colcon.colcon_core.package_identification:_identify(lab_code/ch03_lab/docs/images) by extensions ['colcon_pkg']
[0.643s] Level 1:colcon.colcon_core.package_identification:_identify(lab_code/ch03_lab/docs/images) by extension 'colcon_pkg'
[0.648s] Level 1:colcon.colcon_core.package_identification:_identify(lab_code/ch03_lab/docs/images) by extensions ['colcon_meta']
[0.648s] Level 1:colcon.colcon_core.package_identification:_identify(lab_code/ch03_lab/docs/images) by extension 'colcon_meta'
[0.658s] Level 1:colcon.colcon_core.package_identification:_identify(lab_code/ch03_lab/docs/images) by extensions ['ros']
[0.658s] Level 1:colcon.colcon_core.package_identification:_identify(lab_code/ch03_lab/docs/images) by extension 'ros'
[0.666s] Level 1:colcon.colcon_core.package_identification:_identify(lab_code/ch03_lab/docs/images) by extensions ['cmake', 'python']
[0.666s] Level 1:colcon.colcon_core.package_identification:_identify(lab_code/ch03_lab/docs/images) by extension 'cmake'
[0.668s] Level 1:colcon.colcon_core.package_identification:_identify(lab_code/ch03_lab/docs/images) by extension 'python'
[0.670s] Level 1:colcon.colcon_core.package_identification:_identify(lab_code/ch03_lab/docs/images) by extensions ['python_setup_py']
[0.670s] Level 1:colcon.colcon_core.package_identification:_identify(lab_code/ch03_lab/docs/images) by extension 'python_setup_py'
[0.674s] Level 1:colcon.colcon_core.package_identification:_identify(lab_code/ch03_lab/sensor_interfaces) by extensions ['ignore', 'ignore_ament_install']
[0.674s] Level 1:colcon.colcon_core.package_identification:_identify(lab_code/ch03_lab/sensor_interfaces) by extension 'ignore'
[0.675s] Level 1:colcon.colcon_core.package_identification:_identify(lab_code/ch03_lab/sensor_interfaces) by extension 'ignore_ament_install'
[0.677s] Level 1:colcon.colcon_core.package_identification:_identify(lab_code/ch03_lab/sensor_interfaces) by extensions ['colcon_pkg']
[0.677s] Level 1:colcon.colcon_core.package_identification:_identify(lab_code/ch03_lab/sensor_interfaces) by extension 'colcon_pkg'
[0.684s] Level 1:colcon.colcon_core.package_identification:_identify(lab_code/ch03_lab/sensor_interfaces) by extensions ['colcon_meta']
[0.684s] Level 1:colcon.colcon_core.package_identification:_identify(lab_code/ch03_lab/sensor_interfaces) by extension 'colcon_meta'
[0.688s] Level 1:colcon.colcon_core.package_identification:_identify(lab_code/ch03_lab/sensor_interfaces) by extensions ['ros']
[0.688s] Level 1:colcon.colcon_core.package_identification:_identify(lab_code/ch03_lab/sensor_interfaces) by extension 'ros'
[0.704s] DEBUG:colcon.colcon_core.package_identification:Package 'lab_code/ch03_lab/sensor_interfaces' with type 'ros.ament_cmake' and name 'sensor_interfaces'
[0.709s] Level 1:colcon.colcon_core.package_identification:_identify(lab_code/ch03_lab/sensor_pub) by extensions ['ignore', 'ignore_ament_install']
[0.709s] Level 1:colcon.colcon_core.package_identification:_identify(lab_code/ch03_lab/sensor_pub) by extension 'ignore'
[0.710s] Level 1:colcon.colcon_core.package_identification:_identify(lab_code/ch03_lab/sensor_pub) by extension 'ignore_ament_install'
[0.711s] Level 1:colcon.colcon_core.package_identification:_identify(lab_code/ch03_lab/sensor_pub) by extensions ['colcon_pkg']
[0.712s] Level 1:colcon.colcon_core.package_identification:_identify(lab_code/ch03_lab/sensor_pub) by extension 'colcon_pkg'
[0.712s] Level 1:colcon.colcon_core.package_identification:_identify(lab_code/ch03_lab/sensor_pub) by extensions ['colcon_meta']
[0.712s] Level 1:colcon.colcon_core.package_identification:_identify(lab_code/ch03_lab/sensor_pub) by extension 'colcon_meta'
[0.714s] Level 1:colcon.colcon_core.package_identification:_identify(lab_code/ch03_lab/sensor_pub) by extensions ['ros']
[0.714s] Level 1:colcon.colcon_core.package_identification:_identify(lab_code/ch03_lab/sensor_pub) by extension 'ros'
[0.728s] DEBUG:colcon.colcon_core.package_identification:Package 'lab_code/ch03_lab/sensor_pub' with type 'ros.ament_python' and name 'sensor_pub'
[0.734s] Level 1:colcon.colcon_core.package_identification:_identify(lab_code/ch03_lab/topic_demo) by extensions ['ignore', 'ignore_ament_install']
[0.734s] Level 1:colcon.colcon_core.package_identification:_identify(lab_code/ch03_lab/topic_demo) by extension 'ignore'
[0.736s] Level 1:colcon.colcon_core.package_identification:_identify(lab_code/ch03_lab/topic_demo) by extension 'ignore_ament_install'
[0.742s] Level 1:colcon.colcon_core.package_identification:_identify(lab_code/ch03_lab/topic_demo) by extensions ['colcon_pkg']
[0.743s] Level 1:colcon.colcon_core.package_identification:_identify(lab_code/ch03_lab/topic_demo) by extension 'colcon_pkg'
[0.744s] Level 1:colcon.colcon_core.package_identification:_identify(lab_code/ch03_lab/topic_demo) by extensions ['colcon_meta']
[0.744s] Level 1:colcon.colcon_core.package_identification:_identify(lab_code/ch03_lab/topic_demo) by extension 'colcon_meta'
[0.748s] Level 1:colcon.colcon_core.package_identification:_identify(lab_code/ch03_lab/topic_demo) by extensions ['ros']
[0.748s] Level 1:colcon.colcon_core.package_identification:_identify(lab_code/ch03_lab/topic_demo) by extension 'ros'
[0.759s] DEBUG:colcon.colcon_core.package_identification:Package 'lab_code/ch03_lab/topic_demo' with type 'ros.ament_python' and name 'topic_demo'
[0.762s] Level 1:colcon.colcon_core.package_identification:_identify(lab_code/ch04_lab) by extensions ['ignore', 'ignore_ament_install']
[0.763s] Level 1:colcon.colcon_core.package_identification:_identify(lab_code/ch04_lab) by extension 'ignore'
[0.764s] Level 1:colcon.colcon_core.package_identification:_identify(lab_code/ch04_lab) by extension 'ignore_ament_install'
[0.768s] Level 1:colcon.colcon_core.package_identification:_identify(lab_code/ch04_lab) by extensions ['colcon_pkg']
[0.768s] Level 1:colcon.colcon_core.package_identification:_identify(lab_code/ch04_lab) by extension 'colcon_pkg'
[0.770s] Level 1:colcon.colcon_core.package_identification:_identify(lab_code/ch04_lab) by extensions ['colcon_meta']
[0.770s] Level 1:colcon.colcon_core.package_identification:_identify(lab_code/ch04_lab) by extension 'colcon_meta'
[0.772s] Level 1:colcon.colcon_core.package_identification:_identify(lab_code/ch04_lab) by extensions ['ros']
[0.772s] Level 1:colcon.colcon_core.package_identification:_identify(lab_code/ch04_lab) by extension 'ros'
[0.777s] Level 1:colcon.colcon_core.package_identification:_identify(lab_code/ch04_lab) by extensions ['cmake', 'python']
[0.777s] Level 1:colcon.colcon_core.package_identification:_identify(lab_code/ch04_lab) by extension 'cmake'
[0.782s] Level 1:colcon.colcon_core.package_identification:_identify(lab_code/ch04_lab) by extension 'python'
[0.784s] Level 1:colcon.colcon_core.package_identification:_identify(lab_code/ch04_lab) by extensions ['python_setup_py']
[0.784s] Level 1:colcon.colcon_core.package_identification:_identify(lab_code/ch04_lab) by extension 'python_setup_py'
[0.791s] Level 1:colcon.colcon_core.package_identification:_identify(lab_code/ch04_lab/docs) by extensions ['ignore', 'ignore_ament_install']
[0.791s] Level 1:colcon.colcon_core.package_identification:_identify(lab_code/ch04_lab/docs) by extension 'ignore'
[0.795s] Level 1:colcon.colcon_core.package_identification:_identify(lab_code/ch04_lab/docs) by extension 'ignore_ament_install'
[0.800s] Level 1:colcon.colcon_core.package_identification:_identify(lab_code/ch04_lab/docs) by extensions ['colcon_pkg']
[0.800s] Level 1:colcon.colcon_core.package_identification:_identify(lab_code/ch04_lab/docs) by extension 'colcon_pkg'
[0.802s] Level 1:colcon.colcon_core.package_identification:_identify(lab_code/ch04_lab/docs) by extensions ['colcon_meta']
[0.802s] Level 1:colcon.colcon_core.package_identification:_identify(lab_code/ch04_lab/docs) by extension 'colcon_meta'
[0.805s] Level 1:colcon.colcon_core.package_identification:_identify(lab_code/ch04_lab/docs) by extensions ['ros']
[0.805s] Level 1:colcon.colcon_core.package_identification:_identify(lab_code/ch04_lab/docs) by extension 'ros'
[0.813s] Level 1:colcon.colcon_core.package_identification:_identify(lab_code/ch04_lab/docs) by extensions ['cmake', 'python']
[0.813s] Level 1:colcon.colcon_core.package_identification:_identify(lab_code/ch04_lab/docs) by extension 'cmake'
[0.814s] Level 1:colcon.colcon_core.package_identification:_identify(lab_code/ch04_lab/docs) by extension 'python'
[0.815s] Level 1:colcon.colcon_core.package_identification:_identify(lab_code/ch04_lab/docs) by extensions ['python_setup_py']
[0.815s] Level 1:colcon.colcon_core.package_identification:_identify(lab_code/ch04_lab/docs) by extension 'python_setup_py'
[0.822s] Level 1:colcon.colcon_core.package_identification:_identify(lab_code/ch04_lab/docs/images) by extensions ['ignore', 'ignore_ament_install']
[0.822s] Level 1:colcon.colcon_core.package_identification:_identify(lab_code/ch04_lab/docs/images) by extension 'ignore'
[0.823s] Level 1:colcon.colcon_core.package_identification:_identify(lab_code/ch04_lab/docs/images) by extension 'ignore_ament_install'
[0.826s] Level 1:colcon.colcon_core.package_identification:_identify(lab_code/ch04_lab/docs/images) by extensions ['colcon_pkg']
[0.826s] Level 1:colcon.colcon_core.package_identification:_identify(lab_code/ch04_lab/docs/images) by extension 'colcon_pkg'
[0.827s] Level 1:colcon.colcon_core.package_identification:_identify(lab_code/ch04_lab/docs/images) by extensions ['colcon_meta']
[0.827s] Level 1:colcon.colcon_core.package_identification:_identify(lab_code/ch04_lab/docs/images) by extension 'colcon_meta'
[0.830s] Level 1:colcon.colcon_core.package_identification:_identify(lab_code/ch04_lab/docs/images) by extensions ['ros']
[0.830s] Level 1:colcon.colcon_core.package_identification:_identify(lab_code/ch04_lab/docs/images) by extension 'ros'
[0.837s] Level 1:colcon.colcon_core.package_identification:_identify(lab_code/ch04_lab/docs/images) by extensions ['cmake', 'python']
[0.838s] Level 1:colcon.colcon_core.package_identification:_identify(lab_code/ch04_lab/docs/images) by extension 'cmake'
[0.839s] Level 1:colcon.colcon_core.package_identification:_identify(lab_code/ch04_lab/docs/images) by extension 'python'
[0.840s] Level 1:colcon.colcon_core.package_identification:_identify(lab_code/ch04_lab/docs/images) by extensions ['python_setup_py']
[0.840s] Level 1:colcon.colcon_core.package_identification:_identify(lab_code/ch04_lab/docs/images) by extension 'python_setup_py'
[0.845s] Level 1:colcon.colcon_core.package_identification:_identify(lab_code/ch04_lab/service_demo) by extensions ['ignore', 'ignore_ament_install']
[0.845s] Level 1:colcon.colcon_core.package_identification:_identify(lab_code/ch04_lab/service_demo) by extension 'ignore'
[0.846s] Level 1:colcon.colcon_core.package_identification:_identify(lab_code/ch04_lab/service_demo) by extension 'ignore_ament_install'
[0.848s] Level 1:colcon.colcon_core.package_identification:_identify(lab_code/ch04_lab/service_demo) by extensions ['colcon_pkg']
[0.849s] Level 1:colcon.colcon_core.package_identification:_identify(lab_code/ch04_lab/service_demo) by extension 'colcon_pkg'
[0.850s] Level 1:colcon.colcon_core.package_identification:_identify(lab_code/ch04_lab/service_demo) by extensions ['colcon_meta']
[0.850s] Level 1:colcon.colcon_core.package_identification:_identify(lab_code/ch04_lab/service_demo) by extension 'colcon_meta'
[0.855s] Level 1:colcon.colcon_core.package_identification:_identify(lab_code/ch04_lab/service_demo) by extensions ['ros']
[0.855s] Level 1:colcon.colcon_core.package_identification:_identify(lab_code/ch04_lab/service_demo) by extension 'ros'
[0.872s] DEBUG:colcon.colcon_core.package_identification:Package 'lab_code/ch04_lab/service_demo' with type 'ros.ament_python' and name 'service_demo'
[0.874s] Level 1:colcon.colcon_core.package_identification:_identify(lab_code/ch05_lab) by extensions ['ignore', 'ignore_ament_install']
[0.875s] Level 1:colcon.colcon_core.package_identification:_identify(lab_code/ch05_lab) by extension 'ignore'
[0.875s] Level 1:colcon.colcon_core.package_identification:_identify(lab_code/ch05_lab) by extension 'ignore_ament_install'
[0.877s] Level 1:colcon.colcon_core.package_identification:_identify(lab_code/ch05_lab) by extensions ['colcon_pkg']
[0.877s] Level 1:colcon.colcon_core.package_identification:_identify(lab_code/ch05_lab) by extension 'colcon_pkg'
[0.878s] Level 1:colcon.colcon_core.package_identification:_identify(lab_code/ch05_lab) by extensions ['colcon_meta']
[0.878s] Level 1:colcon.colcon_core.package_identification:_identify(lab_code/ch05_lab) by extension 'colcon_meta'
[0.879s] Level 1:colcon.colcon_core.package_identification:_identify(lab_code/ch05_lab) by extensions ['ros']
[0.881s] Level 1:colcon.colcon_core.package_identification:_identify(lab_code/ch05_lab) by extension 'ros'
[0.886s] Level 1:colcon.colcon_core.package_identification:_identify(lab_code/ch05_lab) by extensions ['cmake', 'python']
[0.886s] Level 1:colcon.colcon_core.package_identification:_identify(lab_code/ch05_lab) by extension 'cmake'
[0.887s] Level 1:colcon.colcon_core.package_identification:_identify(lab_code/ch05_lab) by extension 'python'
[0.888s] Level 1:colcon.colcon_core.package_identification:_identify(lab_code/ch05_lab) by extensions ['python_setup_py']
[0.888s] Level 1:colcon.colcon_core.package_identification:_identify(lab_code/ch05_lab) by extension 'python_setup_py'
[0.893s] Level 1:colcon.colcon_core.package_identification:_identify(lab_code/ch05_lab/action_demo) by extensions ['ignore', 'ignore_ament_install']
[0.893s] Level 1:colcon.colcon_core.package_identification:_identify(lab_code/ch05_lab/action_demo) by extension 'ignore'
[0.894s] Level 1:colcon.colcon_core.package_identification:_identify(lab_code/ch05_lab/action_demo) by extension 'ignore_ament_install'
[0.903s] Level 1:colcon.colcon_core.package_identification:_identify(lab_code/ch05_lab/action_demo) by extensions ['colcon_pkg']
[0.903s] Level 1:colcon.colcon_core.package_identification:_identify(lab_code/ch05_lab/action_demo) by extension 'colcon_pkg'
[0.904s] Level 1:colcon.colcon_core.package_identification:_identify(lab_code/ch05_lab/action_demo) by extensions ['colcon_meta']
[0.905s] Level 1:colcon.colcon_core.package_identification:_identify(lab_code/ch05_lab/action_demo) by extension 'colcon_meta'
[0.907s] Level 1:colcon.colcon_core.package_identification:_identify(lab_code/ch05_lab/action_demo) by extensions ['ros']
[0.907s] Level 1:colcon.colcon_core.package_identification:_identify(lab_code/ch05_lab/action_demo) by extension 'ros'
[0.920s] DEBUG:colcon.colcon_core.package_identification:Package 'lab_code/ch05_lab/action_demo' with type 'ros.ament_python' and name 'action_demo'
[0.925s] Level 1:colcon.colcon_core.package_identification:_identify(lab_code/ch05_lab/docs) by extensions ['ignore', 'ignore_ament_install']
[0.925s] Level 1:colcon.colcon_core.package_identification:_identify(lab_code/ch05_lab/docs) by extension 'ignore'
[0.927s] Level 1:colcon.colcon_core.package_identification:_identify(lab_code/ch05_lab/docs) by extension 'ignore_ament_install'
[0.929s] Level 1:colcon.colcon_core.package_identification:_identify(lab_code/ch05_lab/docs) by extensions ['colcon_pkg']
[0.930s] Level 1:colcon.colcon_core.package_identification:_identify(lab_code/ch05_lab/docs) by extension 'colcon_pkg'
[0.931s] Level 1:colcon.colcon_core.package_identification:_identify(lab_code/ch05_lab/docs) by extensions ['colcon_meta']
[0.931s] Level 1:colcon.colcon_core.package_identification:_identify(lab_code/ch05_lab/docs) by extension 'colcon_meta'
[0.933s] Level 1:colcon.colcon_core.package_identification:_identify(lab_code/ch05_lab/docs) by extensions ['ros']
[0.933s] Level 1:colcon.colcon_core.package_identification:_identify(lab_code/ch05_lab/docs) by extension 'ros'
[0.939s] Level 1:colcon.colcon_core.package_identification:_identify(lab_code/ch05_lab/docs) by extensions ['cmake', 'python']
[0.939s] Level 1:colcon.colcon_core.package_identification:_identify(lab_code/ch05_lab/docs) by extension 'cmake'
[0.942s] Level 1:colcon.colcon_core.package_identification:_identify(lab_code/ch05_lab/docs) by extension 'python'
[0.943s] Level 1:colcon.colcon_core.package_identification:_identify(lab_code/ch05_lab/docs) by extensions ['python_setup_py']
[0.944s] Level 1:colcon.colcon_core.package_identification:_identify(lab_code/ch05_lab/docs) by extension 'python_setup_py'
[0.952s] Level 1:colcon.colcon_core.package_identification:_identify(lab_code/ch05_lab/docs/images) by extensions ['ignore', 'ignore_ament_install']
[0.952s] Level 1:colcon.colcon_core.package_identification:_identify(lab_code/ch05_lab/docs/images) by extension 'ignore'
[0.954s] Level 1:colcon.colcon_core.package_identification:_identify(lab_code/ch05_lab/docs/images) by extension 'ignore_ament_install'
[0.957s] Level 1:colcon.colcon_core.package_identification:_identify(lab_code/ch05_lab/docs/images) by extensions ['colcon_pkg']
[0.957s] Level 1:colcon.colcon_core.package_identification:_identify(lab_code/ch05_lab/docs/images) by extension 'colcon_pkg'
[0.959s] Level 1:colcon.colcon_core.package_identification:_identify(lab_code/ch05_lab/docs/images) by extensions ['colcon_meta']
[0.959s] Level 1:colcon.colcon_core.package_identification:_identify(lab_code/ch05_lab/docs/images) by extension 'colcon_meta'
[0.963s] Level 1:colcon.colcon_core.package_identification:_identify(lab_code/ch05_lab/docs/images) by extensions ['ros']
[0.963s] Level 1:colcon.colcon_core.package_identification:_identify(lab_code/ch05_lab/docs/images) by extension 'ros'
[0.970s] Level 1:colcon.colcon_core.package_identification:_identify(lab_code/ch05_lab/docs/images) by extensions ['cmake', 'python']
[0.971s] Level 1:colcon.colcon_core.package_identification:_identify(lab_code/ch05_lab/docs/images) by extension 'cmake'
[0.972s] Level 1:colcon.colcon_core.package_identification:_identify(lab_code/ch05_lab/docs/images) by extension 'python'
[0.974s] Level 1:colcon.colcon_core.package_identification:_identify(lab_code/ch05_lab/docs/images) by extensions ['python_setup_py']
[0.974s] Level 1:colcon.colcon_core.package_identification:_identify(lab_code/ch05_lab/docs/images) by extension 'python_setup_py'
[0.978s] Level 1:colcon.colcon_core.package_identification:_identify(lab_code/ch06_lab) by extensions ['ignore', 'ignore_ament_install']
[0.978s] Level 1:colcon.colcon_core.package_identification:_identify(lab_code/ch06_lab) by extension 'ignore'
[0.979s] Level 1:colcon.colcon_core.package_identification:_identify(lab_code/ch06_lab) by extension 'ignore_ament_install'
[0.991s] Level 1:colcon.colcon_core.package_identification:_identify(lab_code/ch06_lab) by extensions ['colcon_pkg']
[0.991s] Level 1:colcon.colcon_core.package_identification:_identify(lab_code/ch06_lab) by extension 'colcon_pkg'
[0.993s] Level 1:colcon.colcon_core.package_identification:_identify(lab_code/ch06_lab) by extensions ['colcon_meta']
[0.993s] Level 1:colcon.colcon_core.package_identification:_identify(lab_code/ch06_lab) by extension 'colcon_meta'
[1.000s] Level 1:colcon.colcon_core.package_identification:_identify(lab_code/ch06_lab) by extensions ['ros']
[1.000s] Level 1:colcon.colcon_core.package_identification:_identify(lab_code/ch06_lab) by extension 'ros'
[1.008s] Level 1:colcon.colcon_core.package_identification:_identify(lab_code/ch06_lab) by extensions ['cmake', 'python']
[1.008s] Level 1:colcon.colcon_core.package_identification:_identify(lab_code/ch06_lab) by extension 'cmake'
[1.012s] Level 1:colcon.colcon_core.package_identification:_identify(lab_code/ch06_lab) by extension 'python'
[1.014s] Level 1:colcon.colcon_core.package_identification:_identify(lab_code/ch06_lab) by extensions ['python_setup_py']
[1.014s] Level 1:colcon.colcon_core.package_identification:_identify(lab_code/ch06_lab) by extension 'python_setup_py'
[1.021s] Level 1:colcon.colcon_core.package_identification:_identify(lab_code/ch06_lab/param_demo) by extensions ['ignore', 'ignore_ament_install']
[1.021s] Level 1:colcon.colcon_core.package_identification:_identify(lab_code/ch06_lab/param_demo) by extension 'ignore'
[1.022s] Level 1:colcon.colcon_core.package_identification:_identify(lab_code/ch06_lab/param_demo) by extension 'ignore_ament_install'
[1.029s] Level 1:colcon.colcon_core.package_identification:_identify(lab_code/ch06_lab/param_demo) by extensions ['colcon_pkg']
[1.029s] Level 1:colcon.colcon_core.package_identification:_identify(lab_code/ch06_lab/param_demo) by extension 'colcon_pkg'
[1.031s] Level 1:colcon.colcon_core.package_identification:_identify(lab_code/ch06_lab/param_demo) by extensions ['colcon_meta']
[1.031s] Level 1:colcon.colcon_core.package_identification:_identify(lab_code/ch06_lab/param_demo) by extension 'colcon_meta'
[1.034s] Level 1:colcon.colcon_core.package_identification:_identify(lab_code/ch06_lab/param_demo) by extensions ['ros']
[1.034s] Level 1:colcon.colcon_core.package_identification:_identify(lab_code/ch06_lab/param_demo) by extension 'ros'
[1.052s] DEBUG:colcon.colcon_core.package_identification:Package 'lab_code/ch06_lab/param_demo' with type 'ros.ament_python' and name 'param_demo'
[1.058s] Level 1:colcon.colcon_core.package_identification:_identify(lab_code/ch07_lab) by extensions ['ignore', 'ignore_ament_install']
[1.058s] Level 1:colcon.colcon_core.package_identification:_identify(lab_code/ch07_lab) by extension 'ignore'
[1.064s] Level 1:colcon.colcon_core.package_identification:_identify(lab_code/ch07_lab) by extension 'ignore_ament_install'
[1.069s] Level 1:colcon.colcon_core.package_identification:_identify(lab_code/ch07_lab) by extensions ['colcon_pkg']
[1.069s] Level 1:colcon.colcon_core.package_identification:_identify(lab_code/ch07_lab) by extension 'colcon_pkg'
[1.071s] Level 1:colcon.colcon_core.package_identification:_identify(lab_code/ch07_lab) by extensions ['colcon_meta']
[1.072s] Level 1:colcon.colcon_core.package_identification:_identify(lab_code/ch07_lab) by extension 'colcon_meta'
[1.073s] Level 1:colcon.colcon_core.package_identification:_identify(lab_code/ch07_lab) by extensions ['ros']
[1.073s] Level 1:colcon.colcon_core.package_identification:_identify(lab_code/ch07_lab) by extension 'ros'
[1.078s] Level 1:colcon.colcon_core.package_identification:_identify(lab_code/ch07_lab) by extensions ['cmake', 'python']
[1.078s] Level 1:colcon.colcon_core.package_identification:_identify(lab_code/ch07_lab) by extension 'cmake'
[1.079s] Level 1:colcon.colcon_core.package_identification:_identify(lab_code/ch07_lab) by extension 'python'
[1.080s] Level 1:colcon.colcon_core.package_identification:_identify(lab_code/ch07_lab) by extensions ['python_setup_py']
[1.081s] Level 1:colcon.colcon_core.package_identification:_identify(lab_code/ch07_lab) by extension 'python_setup_py'
[1.092s] Level 1:colcon.colcon_core.package_identification:_identify(lab_code/ch07_lab/tf_demo) by extensions ['ignore', 'ignore_ament_install']
[1.092s] Level 1:colcon.colcon_core.package_identification:_identify(lab_code/ch07_lab/tf_demo) by extension 'ignore'
[1.094s] Level 1:colcon.colcon_core.package_identification:_identify(lab_code/ch07_lab/tf_demo) by extension 'ignore_ament_install'
[1.096s] Level 1:colcon.colcon_core.package_identification:_identify(lab_code/ch07_lab/tf_demo) by extensions ['colcon_pkg']
[1.097s] Level 1:colcon.colcon_core.package_identification:_identify(lab_code/ch07_lab/tf_demo) by extension 'colcon_pkg'
[1.101s] Level 1:colcon.colcon_core.package_identification:_identify(lab_code/ch07_lab/tf_demo) by extensions ['colcon_meta']
[1.102s] Level 1:colcon.colcon_core.package_identification:_identify(lab_code/ch07_lab/tf_demo) by extension 'colcon_meta'
[1.105s] Level 1:colcon.colcon_core.package_identification:_identify(lab_code/ch07_lab/tf_demo) by extensions ['ros']
[1.105s] Level 1:colcon.colcon_core.package_identification:_identify(lab_code/ch07_lab/tf_demo) by extension 'ros'
[1.120s] DEBUG:colcon.colcon_core.package_identification:Package 'lab_code/ch07_lab/tf_demo' with type 'ros.ament_python' and name 'tf_demo'
[1.124s] Level 1:colcon.colcon_core.package_identification:_identify(lab_code/ch08_lab) by extensions ['ignore', 'ignore_ament_install']
[1.125s] Level 1:colcon.colcon_core.package_identification:_identify(lab_code/ch08_lab) by extension 'ignore'
[1.128s] Level 1:colcon.colcon_core.package_identification:_identify(lab_code/ch08_lab) by extension 'ignore_ament_install'
[1.131s] Level 1:colcon.colcon_core.package_identification:_identify(lab_code/ch08_lab) by extensions ['colcon_pkg']
[1.131s] Level 1:colcon.colcon_core.package_identification:_identify(lab_code/ch08_lab) by extension 'colcon_pkg'
[1.132s] Level 1:colcon.colcon_core.package_identification:_identify(lab_code/ch08_lab) by extensions ['colcon_meta']
[1.133s] Level 1:colcon.colcon_core.package_identification:_identify(lab_code/ch08_lab) by extension 'colcon_meta'
[1.135s] Level 1:colcon.colcon_core.package_identification:_identify(lab_code/ch08_lab) by extensions ['ros']
[1.135s] Level 1:colcon.colcon_core.package_identification:_identify(lab_code/ch08_lab) by extension 'ros'
[1.142s] Level 1:colcon.colcon_core.package_identification:_identify(lab_code/ch08_lab) by extensions ['cmake', 'python']
[1.143s] Level 1:colcon.colcon_core.package_identification:_identify(lab_code/ch08_lab) by extension 'cmake'
[1.144s] Level 1:colcon.colcon_core.package_identification:_identify(lab_code/ch08_lab) by extension 'python'
[1.145s] Level 1:colcon.colcon_core.package_identification:_identify(lab_code/ch08_lab) by extensions ['python_setup_py']
[1.146s] Level 1:colcon.colcon_core.package_identification:_identify(lab_code/ch08_lab) by extension 'python_setup_py'
[1.153s] Level 1:colcon.colcon_core.package_identification:_identify(lab_code/ch08_lab/urdf_demo) by extensions ['ignore', 'ignore_ament_install']
[1.153s] Level 1:colcon.colcon_core.package_identification:_identify(lab_code/ch08_lab/urdf_demo) by extension 'ignore'
[1.157s] Level 1:colcon.colcon_core.package_identification:_identify(lab_code/ch08_lab/urdf_demo) by extension 'ignore_ament_install'
[1.164s] Level 1:colcon.colcon_core.package_identification:_identify(lab_code/ch08_lab/urdf_demo) by extensions ['colcon_pkg']
[1.164s] Level 1:colcon.colcon_core.package_identification:_identify(lab_code/ch08_lab/urdf_demo) by extension 'colcon_pkg'
[1.165s] Level 1:colcon.colcon_core.package_identification:_identify(lab_code/ch08_lab/urdf_demo) by extensions ['colcon_meta']
[1.166s] Level 1:colcon.colcon_core.package_identification:_identify(lab_code/ch08_lab/urdf_demo) by extension 'colcon_meta'
[1.168s] Level 1:colcon.colcon_core.package_identification:_identify(lab_code/ch08_lab/urdf_demo) by extensions ['ros']
[1.168s] Level 1:colcon.colcon_core.package_identification:_identify(lab_code/ch08_lab/urdf_demo) by extension 'ros'
[1.183s] DEBUG:colcon.colcon_core.package_identification:Package 'lab_code/ch08_lab/urdf_demo' with type 'ros.ament_python' and name 'urdf_demo'
[1.194s] Level 1:colcon.colcon_core.package_identification:_identify(lab_code/ch09_lab) by extensions ['ignore', 'ignore_ament_install']
[1.195s] Level 1:colcon.colcon_core.package_identification:_identify(lab_code/ch09_lab) by extension 'ignore'
[1.196s] Level 1:colcon.colcon_core.package_identification:_identify(lab_code/ch09_lab) by extension 'ignore_ament_install'
[1.200s] Level 1:colcon.colcon_core.package_identification:_identify(lab_code/ch09_lab) by extensions ['colcon_pkg']
[1.200s] Level 1:colcon.colcon_core.package_identification:_identify(lab_code/ch09_lab) by extension 'colcon_pkg'
[1.202s] Level 1:colcon.colcon_core.package_identification:_identify(lab_code/ch09_lab) by extensions ['colcon_meta']
[1.202s] Level 1:colcon.colcon_core.package_identification:_identify(lab_code/ch09_lab) by extension 'colcon_meta'
[1.203s] Level 1:colcon.colcon_core.package_identification:_identify(lab_code/ch09_lab) by extensions ['ros']
[1.204s] Level 1:colcon.colcon_core.package_identification:_identify(lab_code/ch09_lab) by extension 'ros'
[1.207s] Level 1:colcon.colcon_core.package_identification:_identify(lab_code/ch09_lab) by extensions ['cmake', 'python']
[1.207s] Level 1:colcon.colcon_core.package_identification:_identify(lab_code/ch09_lab) by extension 'cmake'
[1.208s] Level 1:colcon.colcon_core.package_identification:_identify(lab_code/ch09_lab) by extension 'python'
[1.209s] Level 1:colcon.colcon_core.package_identification:_identify(lab_code/ch09_lab) by extensions ['python_setup_py']
[1.209s] Level 1:colcon.colcon_core.package_identification:_identify(lab_code/ch09_lab) by extension 'python_setup_py'
[1.221s] Level 1:colcon.colcon_core.package_identification:_identify(lab_code/ch09_lab/sim_demo) by extensions ['ignore', 'ignore_ament_install']
[1.221s] Level 1:colcon.colcon_core.package_identification:_identify(lab_code/ch09_lab/sim_demo) by extension 'ignore'
[1.223s] Level 1:colcon.colcon_core.package_identification:_identify(lab_code/ch09_lab/sim_demo) by extension 'ignore_ament_install'
[1.225s] Level 1:colcon.colcon_core.package_identification:_identify(lab_code/ch09_lab/sim_demo) by extensions ['colcon_pkg']
[1.225s] Level 1:colcon.colcon_core.package_identification:_identify(lab_code/ch09_lab/sim_demo) by extension 'colcon_pkg'
[1.226s] Level 1:colcon.colcon_core.package_identification:_identify(lab_code/ch09_lab/sim_demo) by extensions ['colcon_meta']
[1.226s] Level 1:colcon.colcon_core.package_identification:_identify(lab_code/ch09_lab/sim_demo) by extension 'colcon_meta'
[1.235s] Level 1:colcon.colcon_core.package_identification:_identify(lab_code/ch09_lab/sim_demo) by extensions ['ros']
[1.236s] Level 1:colcon.colcon_core.package_identification:_identify(lab_code/ch09_lab/sim_demo) by extension 'ros'
[1.255s] DEBUG:colcon.colcon_core.package_identification:Package 'lab_code/ch09_lab/sim_demo' with type 'ros.ament_python' and name 'sim_demo'
[1.258s] Level 1:colcon.colcon_core.package_identification:_identify(lab_code/ch10_lab) by extensions ['ignore', 'ignore_ament_install']
[1.259s] Level 1:colcon.colcon_core.package_identification:_identify(lab_code/ch10_lab) by extension 'ignore'
[1.260s] Level 1:colcon.colcon_core.package_identification:_identify(lab_code/ch10_lab) by extension 'ignore_ament_install'
[1.261s] Level 1:colcon.colcon_core.package_identification:_identify(lab_code/ch10_lab) by extensions ['colcon_pkg']
[1.261s] Level 1:colcon.colcon_core.package_identification:_identify(lab_code/ch10_lab) by extension 'colcon_pkg'
[1.262s] Level 1:colcon.colcon_core.package_identification:_identify(lab_code/ch10_lab) by extensions ['colcon_meta']
[1.262s] Level 1:colcon.colcon_core.package_identification:_identify(lab_code/ch10_lab) by extension 'colcon_meta'
[1.263s] Level 1:colcon.colcon_core.package_identification:_identify(lab_code/ch10_lab) by extensions ['ros']
[1.263s] Level 1:colcon.colcon_core.package_identification:_identify(lab_code/ch10_lab) by extension 'ros'
[1.267s] Level 1:colcon.colcon_core.package_identification:_identify(lab_code/ch10_lab) by extensions ['cmake', 'python']
[1.267s] Level 1:colcon.colcon_core.package_identification:_identify(lab_code/ch10_lab) by extension 'cmake'
[1.268s] Level 1:colcon.colcon_core.package_identification:_identify(lab_code/ch10_lab) by extension 'python'
[1.269s] Level 1:colcon.colcon_core.package_identification:_identify(lab_code/ch10_lab) by extensions ['python_setup_py']
[1.269s] Level 1:colcon.colcon_core.package_identification:_identify(lab_code/ch10_lab) by extension 'python_setup_py'
[1.274s] Level 1:colcon.colcon_core.package_identification:_identify(lab_code/ch10_lab/slam_lab) by extensions ['ignore', 'ignore_ament_install']
[1.274s] Level 1:colcon.colcon_core.package_identification:_identify(lab_code/ch10_lab/slam_lab) by extension 'ignore'
[1.275s] Level 1:colcon.colcon_core.package_identification:_identify(lab_code/ch10_lab/slam_lab) by extension 'ignore_ament_install'
[1.277s] Level 1:colcon.colcon_core.package_identification:_identify(lab_code/ch10_lab/slam_lab) by extensions ['colcon_pkg']
[1.277s] Level 1:colcon.colcon_core.package_identification:_identify(lab_code/ch10_lab/slam_lab) by extension 'colcon_pkg'
[1.278s] Level 1:colcon.colcon_core.package_identification:_identify(lab_code/ch10_lab/slam_lab) by extensions ['colcon_meta']
[1.278s] Level 1:colcon.colcon_core.package_identification:_identify(lab_code/ch10_lab/slam_lab) by extension 'colcon_meta'
[1.280s] Level 1:colcon.colcon_core.package_identification:_identify(lab_code/ch10_lab/slam_lab) by extensions ['ros']
[1.280s] Level 1:colcon.colcon_core.package_identification:_identify(lab_code/ch10_lab/slam_lab) by extension 'ros'
[1.303s] DEBUG:colcon.colcon_core.package_identification:Package 'lab_code/ch10_lab/slam_lab' with type 'ros.ament_python' and name 'slam_lab'
[1.305s] Level 1:colcon.colcon_core.package_identification:_identify(lab_code/ch11_lab) by extensions ['ignore', 'ignore_ament_install']
[1.306s] Level 1:colcon.colcon_core.package_identification:_identify(lab_code/ch11_lab) by extension 'ignore'
[1.306s] Level 1:colcon.colcon_core.package_identification:_identify(lab_code/ch11_lab) by extension 'ignore_ament_install'
[1.308s] Level 1:colcon.colcon_core.package_identification:_identify(lab_code/ch11_lab) by extensions ['colcon_pkg']
[1.308s] Level 1:colcon.colcon_core.package_identification:_identify(lab_code/ch11_lab) by extension 'colcon_pkg'
[1.309s] Level 1:colcon.colcon_core.package_identification:_identify(lab_code/ch11_lab) by extensions ['colcon_meta']
[1.309s] Level 1:colcon.colcon_core.package_identification:_identify(lab_code/ch11_lab) by extension 'colcon_meta'
[1.310s] Level 1:colcon.colcon_core.package_identification:_identify(lab_code/ch11_lab) by extensions ['ros']
[1.310s] Level 1:colcon.colcon_core.package_identification:_identify(lab_code/ch11_lab) by extension 'ros'
[1.315s] Level 1:colcon.colcon_core.package_identification:_identify(lab_code/ch11_lab) by extensions ['cmake', 'python']
[1.316s] Level 1:colcon.colcon_core.package_identification:_identify(lab_code/ch11_lab) by extension 'cmake'
[1.317s] Level 1:colcon.colcon_core.package_identification:_identify(lab_code/ch11_lab) by extension 'python'
[1.318s] Level 1:colcon.colcon_core.package_identification:_identify(lab_code/ch11_lab) by extensions ['python_setup_py']
[1.318s] Level 1:colcon.colcon_core.package_identification:_identify(lab_code/ch11_lab) by extension 'python_setup_py'
[1.322s] Level 1:colcon.colcon_core.package_identification:_identify(lab_code/ch11_lab/navigation_lab) by extensions ['ignore', 'ignore_ament_install']
[1.323s] Level 1:colcon.colcon_core.package_identification:_identify(lab_code/ch11_lab/navigation_lab) by extension 'ignore'
[1.324s] Level 1:colcon.colcon_core.package_identification:_identify(lab_code/ch11_lab/navigation_lab) by extension 'ignore_ament_install'
[1.326s] Level 1:colcon.colcon_core.package_identification:_identify(lab_code/ch11_lab/navigation_lab) by extensions ['colcon_pkg']
[1.326s] Level 1:colcon.colcon_core.package_identification:_identify(lab_code/ch11_lab/navigation_lab) by extension 'colcon_pkg'
[1.327s] Level 1:colcon.colcon_core.package_identification:_identify(lab_code/ch11_lab/navigation_lab) by extensions ['colcon_meta']
[1.327s] Level 1:colcon.colcon_core.package_identification:_identify(lab_code/ch11_lab/navigation_lab) by extension 'colcon_meta'
[1.330s] Level 1:colcon.colcon_core.package_identification:_identify(lab_code/ch11_lab/navigation_lab) by extensions ['ros']
[1.330s] Level 1:colcon.colcon_core.package_identification:_identify(lab_code/ch11_lab/navigation_lab) by extension 'ros'
[1.341s] DEBUG:colcon.colcon_core.package_identification:Package 'lab_code/ch11_lab/navigation_lab' with type 'ros.ament_python' and name 'navigation_lab'
[1.348s] Level 1:colcon.colcon_core.package_identification:_identify(lab_code/ch12_lab) by extensions ['ignore', 'ignore_ament_install']
[1.348s] Level 1:colcon.colcon_core.package_identification:_identify(lab_code/ch12_lab) by extension 'ignore'
[1.352s] Level 1:colcon.colcon_core.package_identification:_identify(lab_code/ch12_lab) by extension 'ignore_ament_install'
[1.353s] Level 1:colcon.colcon_core.package_identification:_identify(lab_code/ch12_lab) by extensions ['colcon_pkg']
[1.353s] Level 1:colcon.colcon_core.package_identification:_identify(lab_code/ch12_lab) by extension 'colcon_pkg'
[1.355s] Level 1:colcon.colcon_core.package_identification:_identify(lab_code/ch12_lab) by extensions ['colcon_meta']
[1.355s] Level 1:colcon.colcon_core.package_identification:_identify(lab_code/ch12_lab) by extension 'colcon_meta'
[1.357s] Level 1:colcon.colcon_core.package_identification:_identify(lab_code/ch12_lab) by extensions ['ros']
[1.357s] Level 1:colcon.colcon_core.package_identification:_identify(lab_code/ch12_lab) by extension 'ros'
[1.361s] Level 1:colcon.colcon_core.package_identification:_identify(lab_code/ch12_lab) by extensions ['cmake', 'python']
[1.361s] Level 1:colcon.colcon_core.package_identification:_identify(lab_code/ch12_lab) by extension 'cmake'
[1.362s] Level 1:colcon.colcon_core.package_identification:_identify(lab_code/ch12_lab) by extension 'python'
[1.363s] Level 1:colcon.colcon_core.package_identification:_identify(lab_code/ch12_lab) by extensions ['python_setup_py']
[1.363s] Level 1:colcon.colcon_core.package_identification:_identify(lab_code/ch12_lab) by extension 'python_setup_py'
[1.367s] Level 1:colcon.colcon_core.package_identification:_identify(lab_code/ch12_lab/realsense_lab) by extensions ['ignore', 'ignore_ament_install']
[1.368s] Level 1:colcon.colcon_core.package_identification:_identify(lab_code/ch12_lab/realsense_lab) by extension 'ignore'
[1.369s] Level 1:colcon.colcon_core.package_identification:_identify(lab_code/ch12_lab/realsense_lab) by extension 'ignore_ament_install'
[1.373s] Level 1:colcon.colcon_core.package_identification:_identify(lab_code/ch12_lab/realsense_lab) by extensions ['colcon_pkg']
[1.374s] Level 1:colcon.colcon_core.package_identification:_identify(lab_code/ch12_lab/realsense_lab) by extension 'colcon_pkg'
[1.377s] Level 1:colcon.colcon_core.package_identification:_identify(lab_code/ch12_lab/realsense_lab) by extensions ['colcon_meta']
[1.378s] Level 1:colcon.colcon_core.package_identification:_identify(lab_code/ch12_lab/realsense_lab) by extension 'colcon_meta'
[1.380s] Level 1:colcon.colcon_core.package_identification:_identify(lab_code/ch12_lab/realsense_lab) by extensions ['ros']
[1.380s] Level 1:colcon.colcon_core.package_identification:_identify(lab_code/ch12_lab/realsense_lab) by extension 'ros'
[1.397s] DEBUG:colcon.colcon_core.package_identification:Package 'lab_code/ch12_lab/realsense_lab' with type 'ros.ament_python' and name 'realsense_lab'
[1.400s] Level 1:colcon.colcon_core.package_identification:_identify(lab_code/ch13_lab) by extensions ['ignore', 'ignore_ament_install']
[1.401s] Level 1:colcon.colcon_core.package_identification:_identify(lab_code/ch13_lab) by extension 'ignore'
[1.402s] Level 1:colcon.colcon_core.package_identification:_identify(lab_code/ch13_lab) by extension 'ignore_ament_install'
[1.404s] Level 1:colcon.colcon_core.package_identification:_identify(lab_code/ch13_lab) by extensions ['colcon_pkg']
[1.404s] Level 1:colcon.colcon_core.package_identification:_identify(lab_code/ch13_lab) by extension 'colcon_pkg'
[1.405s] Level 1:colcon.colcon_core.package_identification:_identify(lab_code/ch13_lab) by extensions ['colcon_meta']
[1.406s] Level 1:colcon.colcon_core.package_identification:_identify(lab_code/ch13_lab) by extension 'colcon_meta'
[1.407s] Level 1:colcon.colcon_core.package_identification:_identify(lab_code/ch13_lab) by extensions ['ros']
[1.407s] Level 1:colcon.colcon_core.package_identification:_identify(lab_code/ch13_lab) by extension 'ros'
[1.411s] Level 1:colcon.colcon_core.package_identification:_identify(lab_code/ch13_lab) by extensions ['cmake', 'python']
[1.411s] Level 1:colcon.colcon_core.package_identification:_identify(lab_code/ch13_lab) by extension 'cmake'
[1.412s] Level 1:colcon.colcon_core.package_identification:_identify(lab_code/ch13_lab) by extension 'python'
[1.412s] Level 1:colcon.colcon_core.package_identification:_identify(lab_code/ch13_lab) by extensions ['python_setup_py']
[1.413s] Level 1:colcon.colcon_core.package_identification:_identify(lab_code/ch13_lab) by extension 'python_setup_py'
[1.421s] Level 1:colcon.colcon_core.package_identification:_identify(lab_code/ch13_lab/__pycache__) by extensions ['ignore', 'ignore_ament_install']
[1.421s] Level 1:colcon.colcon_core.package_identification:_identify(lab_code/ch13_lab/__pycache__) by extension 'ignore'
[1.422s] Level 1:colcon.colcon_core.package_identification:_identify(lab_code/ch13_lab/__pycache__) by extension 'ignore_ament_install'
[1.425s] Level 1:colcon.colcon_core.package_identification:_identify(lab_code/ch13_lab/__pycache__) by extensions ['colcon_pkg']
[1.425s] Level 1:colcon.colcon_core.package_identification:_identify(lab_code/ch13_lab/__pycache__) by extension 'colcon_pkg'
[1.426s] Level 1:colcon.colcon_core.package_identification:_identify(lab_code/ch13_lab/__pycache__) by extensions ['colcon_meta']
[1.426s] Level 1:colcon.colcon_core.package_identification:_identify(lab_code/ch13_lab/__pycache__) by extension 'colcon_meta'
[1.429s] Level 1:colcon.colcon_core.package_identification:_identify(lab_code/ch13_lab/__pycache__) by extensions ['ros']
[1.429s] Level 1:colcon.colcon_core.package_identification:_identify(lab_code/ch13_lab/__pycache__) by extension 'ros'
[1.434s] Level 1:colcon.colcon_core.package_identification:_identify(lab_code/ch13_lab/__pycache__) by extensions ['cmake', 'python']
[1.434s] Level 1:colcon.colcon_core.package_identification:_identify(lab_code/ch13_lab/__pycache__) by extension 'cmake'
[1.435s] Level 1:colcon.colcon_core.package_identification:_identify(lab_code/ch13_lab/__pycache__) by extension 'python'
[1.436s] Level 1:colcon.colcon_core.package_identification:_identify(lab_code/ch13_lab/__pycache__) by extensions ['python_setup_py']
[1.437s] Level 1:colcon.colcon_core.package_identification:_identify(lab_code/ch13_lab/__pycache__) by extension 'python_setup_py'
[1.441s] Level 1:colcon.colcon_core.package_identification:_identify(lab_code/ch13_lab/slam_bringup_lab) by extensions ['ignore', 'ignore_ament_install']
[1.441s] Level 1:colcon.colcon_core.package_identification:_identify(lab_code/ch13_lab/slam_bringup_lab) by extension 'ignore'
[1.444s] Level 1:colcon.colcon_core.package_identification:_identify(lab_code/ch13_lab/slam_bringup_lab) by extension 'ignore_ament_install'
[1.450s] Level 1:colcon.colcon_core.package_identification:_identify(lab_code/ch13_lab/slam_bringup_lab) by extensions ['colcon_pkg']
[1.450s] Level 1:colcon.colcon_core.package_identification:_identify(lab_code/ch13_lab/slam_bringup_lab) by extension 'colcon_pkg'
[1.452s] Level 1:colcon.colcon_core.package_identification:_identify(lab_code/ch13_lab/slam_bringup_lab) by extensions ['colcon_meta']
[1.452s] Level 1:colcon.colcon_core.package_identification:_identify(lab_code/ch13_lab/slam_bringup_lab) by extension 'colcon_meta'
[1.454s] Level 1:colcon.colcon_core.package_identification:_identify(lab_code/ch13_lab/slam_bringup_lab) by extensions ['ros']
[1.454s] Level 1:colcon.colcon_core.package_identification:_identify(lab_code/ch13_lab/slam_bringup_lab) by extension 'ros'
[1.467s] DEBUG:colcon.colcon_core.package_identification:Package 'lab_code/ch13_lab/slam_bringup_lab' with type 'ros.ament_python' and name 'slam_bringup_lab'
[1.470s] Level 1:colcon.colcon_core.package_identification:_identify(lab_code/ch14_lab) by extensions ['ignore', 'ignore_ament_install']
[1.470s] Level 1:colcon.colcon_core.package_identification:_identify(lab_code/ch14_lab) by extension 'ignore'
[1.471s] Level 1:colcon.colcon_core.package_identification:_identify(lab_code/ch14_lab) by extension 'ignore_ament_install'
[1.474s] Level 1:colcon.colcon_core.package_identification:_identify(lab_code/ch14_lab) by extensions ['colcon_pkg']
[1.475s] Level 1:colcon.colcon_core.package_identification:_identify(lab_code/ch14_lab) by extension 'colcon_pkg'
[1.476s] Level 1:colcon.colcon_core.package_identification:_identify(lab_code/ch14_lab) by extensions ['colcon_meta']
[1.476s] Level 1:colcon.colcon_core.package_identification:_identify(lab_code/ch14_lab) by extension 'colcon_meta'
[1.477s] Level 1:colcon.colcon_core.package_identification:_identify(lab_code/ch14_lab) by extensions ['ros']
[1.477s] Level 1:colcon.colcon_core.package_identification:_identify(lab_code/ch14_lab) by extension 'ros'
[1.481s] Level 1:colcon.colcon_core.package_identification:_identify(lab_code/ch14_lab) by extensions ['cmake', 'python']
[1.481s] Level 1:colcon.colcon_core.package_identification:_identify(lab_code/ch14_lab) by extension 'cmake'
[1.482s] Level 1:colcon.colcon_core.package_identification:_identify(lab_code/ch14_lab) by extension 'python'
[1.483s] Level 1:colcon.colcon_core.package_identification:_identify(lab_code/ch14_lab) by extensions ['python_setup_py']
[1.483s] Level 1:colcon.colcon_core.package_identification:_identify(lab_code/ch14_lab) by extension 'python_setup_py'
[1.492s] Level 1:colcon.colcon_core.package_identification:_identify(lab_code/ch14_lab/__pycache__) by extensions ['ignore', 'ignore_ament_install']
[1.493s] Level 1:colcon.colcon_core.package_identification:_identify(lab_code/ch14_lab/__pycache__) by extension 'ignore'
[1.494s] Level 1:colcon.colcon_core.package_identification:_identify(lab_code/ch14_lab/__pycache__) by extension 'ignore_ament_install'
[1.496s] Level 1:colcon.colcon_core.package_identification:_identify(lab_code/ch14_lab/__pycache__) by extensions ['colcon_pkg']
[1.496s] Level 1:colcon.colcon_core.package_identification:_identify(lab_code/ch14_lab/__pycache__) by extension 'colcon_pkg'
[1.497s] Level 1:colcon.colcon_core.package_identification:_identify(lab_code/ch14_lab/__pycache__) by extensions ['colcon_meta']
[1.497s] Level 1:colcon.colcon_core.package_identification:_identify(lab_code/ch14_lab/__pycache__) by extension 'colcon_meta'
[1.501s] Level 1:colcon.colcon_core.package_identification:_identify(lab_code/ch14_lab/__pycache__) by extensions ['ros']
[1.502s] Level 1:colcon.colcon_core.package_identification:_identify(lab_code/ch14_lab/__pycache__) by extension 'ros'
[1.509s] Level 1:colcon.colcon_core.package_identification:_identify(lab_code/ch14_lab/__pycache__) by extensions ['cmake', 'python']
[1.509s] Level 1:colcon.colcon_core.package_identification:_identify(lab_code/ch14_lab/__pycache__) by extension 'cmake'
[1.510s] Level 1:colcon.colcon_core.package_identification:_identify(lab_code/ch14_lab/__pycache__) by extension 'python'
[1.511s] Level 1:colcon.colcon_core.package_identification:_identify(lab_code/ch14_lab/__pycache__) by extensions ['python_setup_py']
[1.511s] Level 1:colcon.colcon_core.package_identification:_identify(lab_code/ch14_lab/__pycache__) by extension 'python_setup_py'
[1.517s] Level 1:colcon.colcon_core.package_identification:_identify(lab_code/ch14_lab/nav_bringup_lab) by extensions ['ignore', 'ignore_ament_install']
[1.518s] Level 1:colcon.colcon_core.package_identification:_identify(lab_code/ch14_lab/nav_bringup_lab) by extension 'ignore'
[1.519s] Level 1:colcon.colcon_core.package_identification:_identify(lab_code/ch14_lab/nav_bringup_lab) by extension 'ignore_ament_install'
[1.522s] Level 1:colcon.colcon_core.package_identification:_identify(lab_code/ch14_lab/nav_bringup_lab) by extensions ['colcon_pkg']
[1.522s] Level 1:colcon.colcon_core.package_identification:_identify(lab_code/ch14_lab/nav_bringup_lab) by extension 'colcon_pkg'
[1.523s] Level 1:colcon.colcon_core.package_identification:_identify(lab_code/ch14_lab/nav_bringup_lab) by extensions ['colcon_meta']
[1.523s] Level 1:colcon.colcon_core.package_identification:_identify(lab_code/ch14_lab/nav_bringup_lab) by extension 'colcon_meta'
[1.526s] Level 1:colcon.colcon_core.package_identification:_identify(lab_code/ch14_lab/nav_bringup_lab) by extensions ['ros']
[1.526s] Level 1:colcon.colcon_core.package_identification:_identify(lab_code/ch14_lab/nav_bringup_lab) by extension 'ros'
[1.539s] DEBUG:colcon.colcon_core.package_identification:Package 'lab_code/ch14_lab/nav_bringup_lab' with type 'ros.ament_python' and name 'nav_bringup_lab'
[1.542s] Level 1:colcon.colcon_core.package_identification:_identify(lab_code/ch15_lab) by extensions ['ignore', 'ignore_ament_install']
[1.542s] Level 1:colcon.colcon_core.package_identification:_identify(lab_code/ch15_lab) by extension 'ignore'
[1.543s] Level 1:colcon.colcon_core.package_identification:_identify(lab_code/ch15_lab) by extension 'ignore_ament_install'
[1.548s] Level 1:colcon.colcon_core.package_identification:_identify(lab_code/ch15_lab) by extensions ['colcon_pkg']
[1.548s] Level 1:colcon.colcon_core.package_identification:_identify(lab_code/ch15_lab) by extension 'colcon_pkg'
[1.549s] Level 1:colcon.colcon_core.package_identification:_identify(lab_code/ch15_lab) by extensions ['colcon_meta']
[1.549s] Level 1:colcon.colcon_core.package_identification:_identify(lab_code/ch15_lab) by extension 'colcon_meta'
[1.551s] Level 1:colcon.colcon_core.package_identification:_identify(lab_code/ch15_lab) by extensions ['ros']
[1.551s] Level 1:colcon.colcon_core.package_identification:_identify(lab_code/ch15_lab) by extension 'ros'
[1.554s] Level 1:colcon.colcon_core.package_identification:_identify(lab_code/ch15_lab) by extensions ['cmake', 'python']
[1.554s] Level 1:colcon.colcon_core.package_identification:_identify(lab_code/ch15_lab) by extension 'cmake'
[1.555s] Level 1:colcon.colcon_core.package_identification:_identify(lab_code/ch15_lab) by extension 'python'
[1.556s] Level 1:colcon.colcon_core.package_identification:_identify(lab_code/ch15_lab) by extensions ['python_setup_py']
[1.557s] Level 1:colcon.colcon_core.package_identification:_identify(lab_code/ch15_lab) by extension 'python_setup_py'
[1.563s] Level 1:colcon.colcon_core.package_identification:_identify(lab_code/ch15_lab/arm_joint_pub_lab) by extensions ['ignore', 'ignore_ament_install']
[1.563s] Level 1:colcon.colcon_core.package_identification:_identify(lab_code/ch15_lab/arm_joint_pub_lab) by extension 'ignore'
[1.565s] Level 1:colcon.colcon_core.package_identification:_identify(lab_code/ch15_lab/arm_joint_pub_lab) by extension 'ignore_ament_install'
[1.567s] Level 1:colcon.colcon_core.package_identification:_identify(lab_code/ch15_lab/arm_joint_pub_lab) by extensions ['colcon_pkg']
[1.567s] Level 1:colcon.colcon_core.package_identification:_identify(lab_code/ch15_lab/arm_joint_pub_lab) by extension 'colcon_pkg'
[1.569s] Level 1:colcon.colcon_core.package_identification:_identify(lab_code/ch15_lab/arm_joint_pub_lab) by extensions ['colcon_meta']
[1.569s] Level 1:colcon.colcon_core.package_identification:_identify(lab_code/ch15_lab/arm_joint_pub_lab) by extension 'colcon_meta'
[1.571s] Level 1:colcon.colcon_core.package_identification:_identify(lab_code/ch15_lab/arm_joint_pub_lab) by extensions ['ros']
[1.571s] Level 1:colcon.colcon_core.package_identification:_identify(lab_code/ch15_lab/arm_joint_pub_lab) by extension 'ros'
[1.584s] DEBUG:colcon.colcon_core.package_identification:Package 'lab_code/ch15_lab/arm_joint_pub_lab' with type 'ros.ament_python' and name 'arm_joint_pub_lab'
[1.596s] Level 1:colcon.colcon_core.package_identification:_identify(lab_code/ch15_lab/checker3) by extensions ['ignore', 'ignore_ament_install']
[1.596s] Level 1:colcon.colcon_core.package_identification:_identify(lab_code/ch15_lab/checker3) by extension 'ignore'
[1.597s] Level 1:colcon.colcon_core.package_identification:_identify(lab_code/ch15_lab/checker3) by extension 'ignore_ament_install'
[1.599s] Level 1:colcon.colcon_core.package_identification:_identify(lab_code/ch15_lab/checker3) by extensions ['colcon_pkg']
[1.599s] Level 1:colcon.colcon_core.package_identification:_identify(lab_code/ch15_lab/checker3) by extension 'colcon_pkg'
[1.601s] Level 1:colcon.colcon_core.package_identification:_identify(lab_code/ch15_lab/checker3) by extensions ['colcon_meta']
[1.601s] Level 1:colcon.colcon_core.package_identification:_identify(lab_code/ch15_lab/checker3) by extension 'colcon_meta'
[1.604s] Level 1:colcon.colcon_core.package_identification:_identify(lab_code/ch15_lab/checker3) by extensions ['ros']
[1.604s] Level 1:colcon.colcon_core.package_identification:_identify(lab_code/ch15_lab/checker3) by extension 'ros'
[1.610s] Level 1:colcon.colcon_core.package_identification:_identify(lab_code/ch15_lab/checker3) by extensions ['cmake', 'python']
[1.610s] Level 1:colcon.colcon_core.package_identification:_identify(lab_code/ch15_lab/checker3) by extension 'cmake'
[1.611s] Level 1:colcon.colcon_core.package_identification:_identify(lab_code/ch15_lab/checker3) by extension 'python'
[1.613s] Level 1:colcon.colcon_core.package_identification:_identify(lab_code/ch15_lab/checker3) by extensions ['python_setup_py']
[1.613s] Level 1:colcon.colcon_core.package_identification:_identify(lab_code/ch15_lab/checker3) by extension 'python_setup_py'
[1.617s] Level 1:colcon.colcon_core.package_identification:_identify(lab_code/ch16_lab) by extensions ['ignore', 'ignore_ament_install']
[1.617s] Level 1:colcon.colcon_core.package_identification:_identify(lab_code/ch16_lab) by extension 'ignore'
[1.618s] Level 1:colcon.colcon_core.package_identification:_identify(lab_code/ch16_lab) by extension 'ignore_ament_install'
[1.620s] Level 1:colcon.colcon_core.package_identification:_identify(lab_code/ch16_lab) by extensions ['colcon_pkg']
[1.620s] Level 1:colcon.colcon_core.package_identification:_identify(lab_code/ch16_lab) by extension 'colcon_pkg'
[1.621s] Level 1:colcon.colcon_core.package_identification:_identify(lab_code/ch16_lab) by extensions ['colcon_meta']
[1.621s] Level 1:colcon.colcon_core.package_identification:_identify(lab_code/ch16_lab) by extension 'colcon_meta'
[1.622s] Level 1:colcon.colcon_core.package_identification:_identify(lab_code/ch16_lab) by extensions ['ros']
[1.623s] Level 1:colcon.colcon_core.package_identification:_identify(lab_code/ch16_lab) by extension 'ros'
[1.627s] Level 1:colcon.colcon_core.package_identification:_identify(lab_code/ch16_lab) by extensions ['cmake', 'python']
[1.627s] Level 1:colcon.colcon_core.package_identification:_identify(lab_code/ch16_lab) by extension 'cmake'
[1.628s] Level 1:colcon.colcon_core.package_identification:_identify(lab_code/ch16_lab) by extension 'python'
[1.629s] Level 1:colcon.colcon_core.package_identification:_identify(lab_code/ch16_lab) by extensions ['python_setup_py']
[1.629s] Level 1:colcon.colcon_core.package_identification:_identify(lab_code/ch16_lab) by extension 'python_setup_py'
[1.634s] Level 1:colcon.colcon_core.package_identification:_identify(lab_code/ch16_lab/arm_state_publisher) by extensions ['ignore', 'ignore_ament_install']
[1.634s] Level 1:colcon.colcon_core.package_identification:_identify(lab_code/ch16_lab/arm_state_publisher) by extension 'ignore'
[1.635s] Level 1:colcon.colcon_core.package_identification:_identify(lab_code/ch16_lab/arm_state_publisher) by extension 'ignore_ament_install'
[1.637s] Level 1:colcon.colcon_core.package_identification:_identify(lab_code/ch16_lab/arm_state_publisher) by extensions ['colcon_pkg']
[1.637s] Level 1:colcon.colcon_core.package_identification:_identify(lab_code/ch16_lab/arm_state_publisher) by extension 'colcon_pkg'
[1.639s] Level 1:colcon.colcon_core.package_identification:_identify(lab_code/ch16_lab/arm_state_publisher) by extensions ['colcon_meta']
[1.639s] Level 1:colcon.colcon_core.package_identification:_identify(lab_code/ch16_lab/arm_state_publisher) by extension 'colcon_meta'
[1.641s] Level 1:colcon.colcon_core.package_identification:_identify(lab_code/ch16_lab/arm_state_publisher) by extensions ['ros']
[1.641s] Level 1:colcon.colcon_core.package_identification:_identify(lab_code/ch16_lab/arm_state_publisher) by extension 'ros'
[1.651s] Level 1:colcon.colcon_core.package_identification:_identify(lab_code/ch16_lab/arm_state_publisher) by extensions ['cmake', 'python']
[1.651s] Level 1:colcon.colcon_core.package_identification:_identify(lab_code/ch16_lab/arm_state_publisher) by extension 'cmake'
[1.653s] Level 1:colcon.colcon_core.package_identification:_identify(lab_code/ch16_lab/arm_state_publisher) by extension 'python'
[1.655s] Level 1:colcon.colcon_core.package_identification:_identify(lab_code/ch16_lab/arm_state_publisher) by extensions ['python_setup_py']
[1.655s] Level 1:colcon.colcon_core.package_identification:_identify(lab_code/ch16_lab/arm_state_publisher) by extension 'python_setup_py'
[1.664s] Level 1:colcon.colcon_core.package_identification:_identify(lab_code/ch16_lab/arm_state_publisher/__pycache__) by extensions ['ignore', 'ignore_ament_install']
[1.664s] Level 1:colcon.colcon_core.package_identification:_identify(lab_code/ch16_lab/arm_state_publisher/__pycache__) by extension 'ignore'
[1.666s] Level 1:colcon.colcon_core.package_identification:_identify(lab_code/ch16_lab/arm_state_publisher/__pycache__) by extension 'ignore_ament_install'
[1.669s] Level 1:colcon.colcon_core.package_identification:_identify(lab_code/ch16_lab/arm_state_publisher/__pycache__) by extensions ['colcon_pkg']
[1.669s] Level 1:colcon.colcon_core.package_identification:_identify(lab_code/ch16_lab/arm_state_publisher/__pycache__) by extension 'colcon_pkg'
[1.671s] Level 1:colcon.colcon_core.package_identification:_identify(lab_code/ch16_lab/arm_state_publisher/__pycache__) by extensions ['colcon_meta']
[1.671s] Level 1:colcon.colcon_core.package_identification:_identify(lab_code/ch16_lab/arm_state_publisher/__pycache__) by extension 'colcon_meta'
[1.675s] Level 1:colcon.colcon_core.package_identification:_identify(lab_code/ch16_lab/arm_state_publisher/__pycache__) by extensions ['ros']
[1.675s] Level 1:colcon.colcon_core.package_identification:_identify(lab_code/ch16_lab/arm_state_publisher/__pycache__) by extension 'ros'
[1.681s] Level 1:colcon.colcon_core.package_identification:_identify(lab_code/ch16_lab/arm_state_publisher/__pycache__) by extensions ['cmake', 'python']
[1.681s] Level 1:colcon.colcon_core.package_identification:_identify(lab_code/ch16_lab/arm_state_publisher/__pycache__) by extension 'cmake'
[1.682s] Level 1:colcon.colcon_core.package_identification:_identify(lab_code/ch16_lab/arm_state_publisher/__pycache__) by extension 'python'
[1.683s] Level 1:colcon.colcon_core.package_identification:_identify(lab_code/ch16_lab/arm_state_publisher/__pycache__) by extensions ['python_setup_py']
[1.684s] Level 1:colcon.colcon_core.package_identification:_identify(lab_code/ch16_lab/arm_state_publisher/__pycache__) by extension 'python_setup_py'
[1.697s] Level 1:colcon.colcon_core.package_identification:_identify(lab_code/ch16_lab/arm_urdf) by extensions ['ignore', 'ignore_ament_install']
[1.698s] Level 1:colcon.colcon_core.package_identification:_identify(lab_code/ch16_lab/arm_urdf) by extension 'ignore'
[1.703s] Level 1:colcon.colcon_core.package_identification:_identify(lab_code/ch16_lab/arm_urdf) by extension 'ignore_ament_install'
[1.705s] Level 1:colcon.colcon_core.package_identification:_identify(lab_code/ch16_lab/arm_urdf) by extensions ['colcon_pkg']
[1.706s] Level 1:colcon.colcon_core.package_identification:_identify(lab_code/ch16_lab/arm_urdf) by extension 'colcon_pkg'
[1.707s] Level 1:colcon.colcon_core.package_identification:_identify(lab_code/ch16_lab/arm_urdf) by extensions ['colcon_meta']
[1.707s] Level 1:colcon.colcon_core.package_identification:_identify(lab_code/ch16_lab/arm_urdf) by extension 'colcon_meta'
[1.708s] Level 1:colcon.colcon_core.package_identification:_identify(lab_code/ch16_lab/arm_urdf) by extensions ['ros']
[1.708s] Level 1:colcon.colcon_core.package_identification:_identify(lab_code/ch16_lab/arm_urdf) by extension 'ros'
[1.713s] Level 1:colcon.colcon_core.package_identification:_identify(lab_code/ch16_lab/arm_urdf) by extensions ['cmake', 'python']
[1.714s] Level 1:colcon.colcon_core.package_identification:_identify(lab_code/ch16_lab/arm_urdf) by extension 'cmake'
[1.716s] Level 1:colcon.colcon_core.package_identification:_identify(lab_code/ch16_lab/arm_urdf) by extension 'python'
[1.717s] Level 1:colcon.colcon_core.package_identification:_identify(lab_code/ch16_lab/arm_urdf) by extensions ['python_setup_py']
[1.717s] Level 1:colcon.colcon_core.package_identification:_identify(lab_code/ch16_lab/arm_urdf) by extension 'python_setup_py'
[1.723s] Level 1:colcon.colcon_core.package_identification:_identify(lab_code/ch16_lab/arm_urdf/launch) by extensions ['ignore', 'ignore_ament_install']
[1.723s] Level 1:colcon.colcon_core.package_identification:_identify(lab_code/ch16_lab/arm_urdf/launch) by extension 'ignore'
[1.724s] Level 1:colcon.colcon_core.package_identification:_identify(lab_code/ch16_lab/arm_urdf/launch) by extension 'ignore_ament_install'
[1.727s] Level 1:colcon.colcon_core.package_identification:_identify(lab_code/ch16_lab/arm_urdf/launch) by extensions ['colcon_pkg']
[1.727s] Level 1:colcon.colcon_core.package_identification:_identify(lab_code/ch16_lab/arm_urdf/launch) by extension 'colcon_pkg'
[1.728s] Level 1:colcon.colcon_core.package_identification:_identify(lab_code/ch16_lab/arm_urdf/launch) by extensions ['colcon_meta']
[1.729s] Level 1:colcon.colcon_core.package_identification:_identify(lab_code/ch16_lab/arm_urdf/launch) by extension 'colcon_meta'
[1.732s] Level 1:colcon.colcon_core.package_identification:_identify(lab_code/ch16_lab/arm_urdf/launch) by extensions ['ros']
[1.732s] Level 1:colcon.colcon_core.package_identification:_identify(lab_code/ch16_lab/arm_urdf/launch) by extension 'ros'
[1.737s] Level 1:colcon.colcon_core.package_identification:_identify(lab_code/ch16_lab/arm_urdf/launch) by extensions ['cmake', 'python']
[1.737s] Level 1:colcon.colcon_core.package_identification:_identify(lab_code/ch16_lab/arm_urdf/launch) by extension 'cmake'
[1.738s] Level 1:colcon.colcon_core.package_identification:_identify(lab_code/ch16_lab/arm_urdf/launch) by extension 'python'
[1.740s] Level 1:colcon.colcon_core.package_identification:_identify(lab_code/ch16_lab/arm_urdf/launch) by extensions ['python_setup_py']
[1.740s] Level 1:colcon.colcon_core.package_identification:_identify(lab_code/ch16_lab/arm_urdf/launch) by extension 'python_setup_py'
[1.754s] Level 1:colcon.colcon_core.package_identification:_identify(lab_code/ch16_lab/arm_urdf/launch/__pycache__) by extensions ['ignore', 'ignore_ament_install']
[1.754s] Level 1:colcon.colcon_core.package_identification:_identify(lab_code/ch16_lab/arm_urdf/launch/__pycache__) by extension 'ignore'
[1.760s] Level 1:colcon.colcon_core.package_identification:_identify(lab_code/ch16_lab/arm_urdf/launch/__pycache__) by extension 'ignore_ament_install'
[1.763s] Level 1:colcon.colcon_core.package_identification:_identify(lab_code/ch16_lab/arm_urdf/launch/__pycache__) by extensions ['colcon_pkg']
[1.763s] Level 1:colcon.colcon_core.package_identification:_identify(lab_code/ch16_lab/arm_urdf/launch/__pycache__) by extension 'colcon_pkg'
[1.765s] Level 1:colcon.colcon_core.package_identification:_identify(lab_code/ch16_lab/arm_urdf/launch/__pycache__) by extensions ['colcon_meta']
[1.765s] Level 1:colcon.colcon_core.package_identification:_identify(lab_code/ch16_lab/arm_urdf/launch/__pycache__) by extension 'colcon_meta'
[1.769s] Level 1:colcon.colcon_core.package_identification:_identify(lab_code/ch16_lab/arm_urdf/launch/__pycache__) by extensions ['ros']
[1.769s] Level 1:colcon.colcon_core.package_identification:_identify(lab_code/ch16_lab/arm_urdf/launch/__pycache__) by extension 'ros'
[1.776s] Level 1:colcon.colcon_core.package_identification:_identify(lab_code/ch16_lab/arm_urdf/launch/__pycache__) by extensions ['cmake', 'python']
[1.776s] Level 1:colcon.colcon_core.package_identification:_identify(lab_code/ch16_lab/arm_urdf/launch/__pycache__) by extension 'cmake'
[1.777s] Level 1:colcon.colcon_core.package_identification:_identify(lab_code/ch16_lab/arm_urdf/launch/__pycache__) by extension 'python'
[1.779s] Level 1:colcon.colcon_core.package_identification:_identify(lab_code/ch16_lab/arm_urdf/launch/__pycache__) by extensions ['python_setup_py']
[1.779s] Level 1:colcon.colcon_core.package_identification:_identify(lab_code/ch16_lab/arm_urdf/launch/__pycache__) by extension 'python_setup_py'
[1.785s] Level 1:colcon.colcon_core.package_identification:_identify(lab_code/ch16_lab/arm_urdf/urdf) by extensions ['ignore', 'ignore_ament_install']
[1.786s] Level 1:colcon.colcon_core.package_identification:_identify(lab_code/ch16_lab/arm_urdf/urdf) by extension 'ignore'
[1.789s] Level 1:colcon.colcon_core.package_identification:_identify(lab_code/ch16_lab/arm_urdf/urdf) by extension 'ignore_ament_install'
[1.795s] Level 1:colcon.colcon_core.package_identification:_identify(lab_code/ch16_lab/arm_urdf/urdf) by extensions ['colcon_pkg']
[1.796s] Level 1:colcon.colcon_core.package_identification:_identify(lab_code/ch16_lab/arm_urdf/urdf) by extension 'colcon_pkg'
[1.797s] Level 1:colcon.colcon_core.package_identification:_identify(lab_code/ch16_lab/arm_urdf/urdf) by extensions ['colcon_meta']
[1.797s] Level 1:colcon.colcon_core.package_identification:_identify(lab_code/ch16_lab/arm_urdf/urdf) by extension 'colcon_meta'
[1.804s] Level 1:colcon.colcon_core.package_identification:_identify(lab_code/ch16_lab/arm_urdf/urdf) by extensions ['ros']
[1.804s] Level 1:colcon.colcon_core.package_identification:_identify(lab_code/ch16_lab/arm_urdf/urdf) by extension 'ros'
[1.810s] Level 1:colcon.colcon_core.package_identification:_identify(lab_code/ch16_lab/arm_urdf/urdf) by extensions ['cmake', 'python']
[1.811s] Level 1:colcon.colcon_core.package_identification:_identify(lab_code/ch16_lab/arm_urdf/urdf) by extension 'cmake'
[1.812s] Level 1:colcon.colcon_core.package_identification:_identify(lab_code/ch16_lab/arm_urdf/urdf) by extension 'python'
[1.813s] Level 1:colcon.colcon_core.package_identification:_identify(lab_code/ch16_lab/arm_urdf/urdf) by extensions ['python_setup_py']
[1.813s] Level 1:colcon.colcon_core.package_identification:_identify(lab_code/ch16_lab/arm_urdf/urdf) by extension 'python_setup_py'
[1.820s] Level 1:colcon.colcon_core.package_identification:_identify(lab_code/ch17_lab) by extensions ['ignore', 'ignore_ament_install']
[1.821s] Level 1:colcon.colcon_core.package_identification:_identify(lab_code/ch17_lab) by extension 'ignore'
[1.822s] Level 1:colcon.colcon_core.package_identification:_identify(lab_code/ch17_lab) by extension 'ignore_ament_install'
[1.824s] Level 1:colcon.colcon_core.package_identification:_identify(lab_code/ch17_lab) by extensions ['colcon_pkg']
[1.824s] Level 1:colcon.colcon_core.package_identification:_identify(lab_code/ch17_lab) by extension 'colcon_pkg'
[1.825s] Level 1:colcon.colcon_core.package_identification:_identify(lab_code/ch17_lab) by extensions ['colcon_meta']
[1.825s] Level 1:colcon.colcon_core.package_identification:_identify(lab_code/ch17_lab) by extension 'colcon_meta'
[1.826s] Level 1:colcon.colcon_core.package_identification:_identify(lab_code/ch17_lab) by extensions ['ros']
[1.826s] Level 1:colcon.colcon_core.package_identification:_identify(lab_code/ch17_lab) by extension 'ros'
[1.830s] Level 1:colcon.colcon_core.package_identification:_identify(lab_code/ch17_lab) by extensions ['cmake', 'python']
[1.830s] Level 1:colcon.colcon_core.package_identification:_identify(lab_code/ch17_lab) by extension 'cmake'
[1.831s] Level 1:colcon.colcon_core.package_identification:_identify(lab_code/ch17_lab) by extension 'python'
[1.832s] Level 1:colcon.colcon_core.package_identification:_identify(lab_code/ch17_lab) by extensions ['python_setup_py']
[1.832s] Level 1:colcon.colcon_core.package_identification:_identify(lab_code/ch17_lab) by extension 'python_setup_py'
[1.837s] Level 1:colcon.colcon_core.package_identification:_identify(lab_code/ch17_lab/__pycache__) by extensions ['ignore', 'ignore_ament_install']
[1.837s] Level 1:colcon.colcon_core.package_identification:_identify(lab_code/ch17_lab/__pycache__) by extension 'ignore'
[1.838s] Level 1:colcon.colcon_core.package_identification:_identify(lab_code/ch17_lab/__pycache__) by extension 'ignore_ament_install'
[1.840s] Level 1:colcon.colcon_core.package_identification:_identify(lab_code/ch17_lab/__pycache__) by extensions ['colcon_pkg']
[1.840s] Level 1:colcon.colcon_core.package_identification:_identify(lab_code/ch17_lab/__pycache__) by extension 'colcon_pkg'
[1.842s] Level 1:colcon.colcon_core.package_identification:_identify(lab_code/ch17_lab/__pycache__) by extensions ['colcon_meta']
[1.842s] Level 1:colcon.colcon_core.package_identification:_identify(lab_code/ch17_lab/__pycache__) by extension 'colcon_meta'
[1.844s] Level 1:colcon.colcon_core.package_identification:_identify(lab_code/ch17_lab/__pycache__) by extensions ['ros']
[1.845s] Level 1:colcon.colcon_core.package_identification:_identify(lab_code/ch17_lab/__pycache__) by extension 'ros'
[1.853s] Level 1:colcon.colcon_core.package_identification:_identify(lab_code/ch17_lab/__pycache__) by extensions ['cmake', 'python']
[1.853s] Level 1:colcon.colcon_core.package_identification:_identify(lab_code/ch17_lab/__pycache__) by extension 'cmake'
[1.854s] Level 1:colcon.colcon_core.package_identification:_identify(lab_code/ch17_lab/__pycache__) by extension 'python'
[1.855s] Level 1:colcon.colcon_core.package_identification:_identify(lab_code/ch17_lab/__pycache__) by extensions ['python_setup_py']
[1.856s] Level 1:colcon.colcon_core.package_identification:_identify(lab_code/ch17_lab/__pycache__) by extension 'python_setup_py'
[1.862s] Level 1:colcon.colcon_core.package_identification:_identify(lab_code/ch17_lab/moveit_fk_ik_lab) by extensions ['ignore', 'ignore_ament_install']
[1.862s] Level 1:colcon.colcon_core.package_identification:_identify(lab_code/ch17_lab/moveit_fk_ik_lab) by extension 'ignore'
[1.864s] Level 1:colcon.colcon_core.package_identification:_identify(lab_code/ch17_lab/moveit_fk_ik_lab) by extension 'ignore_ament_install'
[1.866s] Level 1:colcon.colcon_core.package_identification:_identify(lab_code/ch17_lab/moveit_fk_ik_lab) by extensions ['colcon_pkg']
[1.866s] Level 1:colcon.colcon_core.package_identification:_identify(lab_code/ch17_lab/moveit_fk_ik_lab) by extension 'colcon_pkg'
[1.867s] Level 1:colcon.colcon_core.package_identification:_identify(lab_code/ch17_lab/moveit_fk_ik_lab) by extensions ['colcon_meta']
[1.867s] Level 1:colcon.colcon_core.package_identification:_identify(lab_code/ch17_lab/moveit_fk_ik_lab) by extension 'colcon_meta'
[1.869s] Level 1:colcon.colcon_core.package_identification:_identify(lab_code/ch17_lab/moveit_fk_ik_lab) by extensions ['ros']
[1.869s] Level 1:colcon.colcon_core.package_identification:_identify(lab_code/ch17_lab/moveit_fk_ik_lab) by extension 'ros'
[1.881s] DEBUG:colcon.colcon_core.package_identification:Package 'lab_code/ch17_lab/moveit_fk_ik_lab' with type 'ros.ament_python' and name 'moveit_fk_ik_lab'
[1.884s] Level 1:colcon.colcon_core.package_identification:_identify(lab_code/ch18_lab) by extensions ['ignore', 'ignore_ament_install']
[1.884s] Level 1:colcon.colcon_core.package_identification:_identify(lab_code/ch18_lab) by extension 'ignore'
[1.885s] Level 1:colcon.colcon_core.package_identification:_identify(lab_code/ch18_lab) by extension 'ignore_ament_install'
[1.886s] Level 1:colcon.colcon_core.package_identification:_identify(lab_code/ch18_lab) by extensions ['colcon_pkg']
[1.886s] Level 1:colcon.colcon_core.package_identification:_identify(lab_code/ch18_lab) by extension 'colcon_pkg'
[1.887s] Level 1:colcon.colcon_core.package_identification:_identify(lab_code/ch18_lab) by extensions ['colcon_meta']
[1.887s] Level 1:colcon.colcon_core.package_identification:_identify(lab_code/ch18_lab) by extension 'colcon_meta'
[1.893s] Level 1:colcon.colcon_core.package_identification:_identify(lab_code/ch18_lab) by extensions ['ros']
[1.894s] Level 1:colcon.colcon_core.package_identification:_identify(lab_code/ch18_lab) by extension 'ros'
[1.897s] Level 1:colcon.colcon_core.package_identification:_identify(lab_code/ch18_lab) by extensions ['cmake', 'python']
[1.897s] Level 1:colcon.colcon_core.package_identification:_identify(lab_code/ch18_lab) by extension 'cmake'
[1.898s] Level 1:colcon.colcon_core.package_identification:_identify(lab_code/ch18_lab) by extension 'python'
[1.899s] Level 1:colcon.colcon_core.package_identification:_identify(lab_code/ch18_lab) by extensions ['python_setup_py']
[1.899s] Level 1:colcon.colcon_core.package_identification:_identify(lab_code/ch18_lab) by extension 'python_setup_py'
[1.904s] Level 1:colcon.colcon_core.package_identification:_identify(lab_code/ch18_lab/moveit_pick_place_lab) by extensions ['ignore', 'ignore_ament_install']
[1.904s] Level 1:colcon.colcon_core.package_identification:_identify(lab_code/ch18_lab/moveit_pick_place_lab) by extension 'ignore'
[1.905s] Level 1:colcon.colcon_core.package_identification:_identify(lab_code/ch18_lab/moveit_pick_place_lab) by extension 'ignore_ament_install'
[1.907s] Level 1:colcon.colcon_core.package_identification:_identify(lab_code/ch18_lab/moveit_pick_place_lab) by extensions ['colcon_pkg']
[1.907s] Level 1:colcon.colcon_core.package_identification:_identify(lab_code/ch18_lab/moveit_pick_place_lab) by extension 'colcon_pkg'
[1.908s] Level 1:colcon.colcon_core.package_identification:_identify(lab_code/ch18_lab/moveit_pick_place_lab) by extensions ['colcon_meta']
[1.908s] Level 1:colcon.colcon_core.package_identification:_identify(lab_code/ch18_lab/moveit_pick_place_lab) by extension 'colcon_meta'
[1.910s] Level 1:colcon.colcon_core.package_identification:_identify(lab_code/ch18_lab/moveit_pick_place_lab) by extensions ['ros']
[1.911s] Level 1:colcon.colcon_core.package_identification:_identify(lab_code/ch18_lab/moveit_pick_place_lab) by extension 'ros'
[1.921s] DEBUG:colcon.colcon_core.package_identification:Package 'lab_code/ch18_lab/moveit_pick_place_lab' with type 'ros.ament_python' and name 'moveit_pick_place_lab'
[1.924s] Level 1:colcon.colcon_core.package_identification:_identify(lab_code/ch19_lab) by extensions ['ignore', 'ignore_ament_install']
[1.924s] Level 1:colcon.colcon_core.package_identification:_identify(lab_code/ch19_lab) by extension 'ignore'
[1.925s] Level 1:colcon.colcon_core.package_identification:_identify(lab_code/ch19_lab) by extension 'ignore_ament_install'
[1.926s] Level 1:colcon.colcon_core.package_identification:_identify(lab_code/ch19_lab) by extensions ['colcon_pkg']
[1.927s] Level 1:colcon.colcon_core.package_identification:_identify(lab_code/ch19_lab) by extension 'colcon_pkg'
[1.928s] Level 1:colcon.colcon_core.package_identification:_identify(lab_code/ch19_lab) by extensions ['colcon_meta']
[1.928s] Level 1:colcon.colcon_core.package_identification:_identify(lab_code/ch19_lab) by extension 'colcon_meta'
[1.931s] Level 1:colcon.colcon_core.package_identification:_identify(lab_code/ch19_lab) by extensions ['ros']
[1.931s] Level 1:colcon.colcon_core.package_identification:_identify(lab_code/ch19_lab) by extension 'ros'
[1.939s] Level 1:colcon.colcon_core.package_identification:_identify(lab_code/ch19_lab) by extensions ['cmake', 'python']
[1.939s] Level 1:colcon.colcon_core.package_identification:_identify(lab_code/ch19_lab) by extension 'cmake'
[1.940s] Level 1:colcon.colcon_core.package_identification:_identify(lab_code/ch19_lab) by extension 'python'
[1.942s] Level 1:colcon.colcon_core.package_identification:_identify(lab_code/ch19_lab) by extensions ['python_setup_py']
[1.942s] Level 1:colcon.colcon_core.package_identification:_identify(lab_code/ch19_lab) by extension 'python_setup_py'
[1.952s] Level 1:colcon.colcon_core.package_identification:_identify(lab_code/ch19_lab/vision_detection_lab) by extensions ['ignore', 'ignore_ament_install']
[1.953s] Level 1:colcon.colcon_core.package_identification:_identify(lab_code/ch19_lab/vision_detection_lab) by extension 'ignore'
[1.964s] Level 1:colcon.colcon_core.package_identification:_identify(lab_code/ch19_lab/vision_detection_lab) by extension 'ignore_ament_install'
[1.967s] Level 1:colcon.colcon_core.package_identification:_identify(lab_code/ch19_lab/vision_detection_lab) by extensions ['colcon_pkg']
[1.967s] Level 1:colcon.colcon_core.package_identification:_identify(lab_code/ch19_lab/vision_detection_lab) by extension 'colcon_pkg'
[1.968s] Level 1:colcon.colcon_core.package_identification:_identify(lab_code/ch19_lab/vision_detection_lab) by extensions ['colcon_meta']
[1.968s] Level 1:colcon.colcon_core.package_identification:_identify(lab_code/ch19_lab/vision_detection_lab) by extension 'colcon_meta'
[1.971s] Level 1:colcon.colcon_core.package_identification:_identify(lab_code/ch19_lab/vision_detection_lab) by extensions ['ros']
[1.971s] Level 1:colcon.colcon_core.package_identification:_identify(lab_code/ch19_lab/vision_detection_lab) by extension 'ros'
[1.987s] DEBUG:colcon.colcon_core.package_identification:Package 'lab_code/ch19_lab/vision_detection_lab' with type 'ros.ament_python' and name 'vision_detection_lab'
[1.994s] Level 1:colcon.colcon_core.package_identification:_identify(lab_code/ch20_lab) by extensions ['ignore', 'ignore_ament_install']
[1.996s] Level 1:colcon.colcon_core.package_identification:_identify(lab_code/ch20_lab) by extension 'ignore'
[1.998s] Level 1:colcon.colcon_core.package_identification:_identify(lab_code/ch20_lab) by extension 'ignore_ament_install'
[2.008s] Level 1:colcon.colcon_core.package_identification:_identify(lab_code/ch20_lab) by extensions ['colcon_pkg']
[2.009s] Level 1:colcon.colcon_core.package_identification:_identify(lab_code/ch20_lab) by extension 'colcon_pkg'
[2.010s] Level 1:colcon.colcon_core.package_identification:_identify(lab_code/ch20_lab) by extensions ['colcon_meta']
[2.010s] Level 1:colcon.colcon_core.package_identification:_identify(lab_code/ch20_lab) by extension 'colcon_meta'
[2.012s] Level 1:colcon.colcon_core.package_identification:_identify(lab_code/ch20_lab) by extensions ['ros']
[2.013s] Level 1:colcon.colcon_core.package_identification:_identify(lab_code/ch20_lab) by extension 'ros'
[2.018s] Level 1:colcon.colcon_core.package_identification:_identify(lab_code/ch20_lab) by extensions ['cmake', 'python']
[2.018s] Level 1:colcon.colcon_core.package_identification:_identify(lab_code/ch20_lab) by extension 'cmake'
[2.020s] Level 1:colcon.colcon_core.package_identification:_identify(lab_code/ch20_lab) by extension 'python'
[2.021s] Level 1:colcon.colcon_core.package_identification:_identify(lab_code/ch20_lab) by extensions ['python_setup_py']
[2.022s] Level 1:colcon.colcon_core.package_identification:_identify(lab_code/ch20_lab) by extension 'python_setup_py'
[2.028s] Level 1:colcon.colcon_core.package_identification:_identify(lab_code/ch20_lab/vision_llm_demo) by extensions ['ignore', 'ignore_ament_install']
[2.029s] Level 1:colcon.colcon_core.package_identification:_identify(lab_code/ch20_lab/vision_llm_demo) by extension 'ignore'
[2.030s] Level 1:colcon.colcon_core.package_identification:_identify(lab_code/ch20_lab/vision_llm_demo) by extension 'ignore_ament_install'
[2.033s] Level 1:colcon.colcon_core.package_identification:_identify(lab_code/ch20_lab/vision_llm_demo) by extensions ['colcon_pkg']
[2.033s] Level 1:colcon.colcon_core.package_identification:_identify(lab_code/ch20_lab/vision_llm_demo) by extension 'colcon_pkg'
[2.035s] Level 1:colcon.colcon_core.package_identification:_identify(lab_code/ch20_lab/vision_llm_demo) by extensions ['colcon_meta']
[2.035s] Level 1:colcon.colcon_core.package_identification:_identify(lab_code/ch20_lab/vision_llm_demo) by extension 'colcon_meta'
[2.039s] Level 1:colcon.colcon_core.package_identification:_identify(lab_code/ch20_lab/vision_llm_demo) by extensions ['ros']
[2.039s] Level 1:colcon.colcon_core.package_identification:_identify(lab_code/ch20_lab/vision_llm_demo) by extension 'ros'
[2.054s] DEBUG:colcon.colcon_core.package_identification:Package 'lab_code/ch20_lab/vision_llm_demo' with type 'ros.ament_python' and name 'vision_llm_demo'
[2.058s] Level 1:colcon.colcon_core.package_identification:_identify(lab_code/ch21_lab) by extensions ['ignore', 'ignore_ament_install']
[2.058s] Level 1:colcon.colcon_core.package_identification:_identify(lab_code/ch21_lab) by extension 'ignore'
[2.059s] Level 1:colcon.colcon_core.package_identification:_identify(lab_code/ch21_lab) by extension 'ignore_ament_install'
[2.061s] Level 1:colcon.colcon_core.package_identification:_identify(lab_code/ch21_lab) by extensions ['colcon_pkg']
[2.061s] Level 1:colcon.colcon_core.package_identification:_identify(lab_code/ch21_lab) by extension 'colcon_pkg'
[2.062s] Level 1:colcon.colcon_core.package_identification:_identify(lab_code/ch21_lab) by extensions ['colcon_meta']
[2.062s] Level 1:colcon.colcon_core.package_identification:_identify(lab_code/ch21_lab) by extension 'colcon_meta'
[2.067s] Level 1:colcon.colcon_core.package_identification:_identify(lab_code/ch21_lab) by extensions ['ros']
[2.068s] Level 1:colcon.colcon_core.package_identification:_identify(lab_code/ch21_lab) by extension 'ros'
[2.071s] Level 1:colcon.colcon_core.package_identification:_identify(lab_code/ch21_lab) by extensions ['cmake', 'python']
[2.071s] Level 1:colcon.colcon_core.package_identification:_identify(lab_code/ch21_lab) by extension 'cmake'
[2.072s] Level 1:colcon.colcon_core.package_identification:_identify(lab_code/ch21_lab) by extension 'python'
[2.073s] Level 1:colcon.colcon_core.package_identification:_identify(lab_code/ch21_lab) by extensions ['python_setup_py']
[2.073s] Level 1:colcon.colcon_core.package_identification:_identify(lab_code/ch21_lab) by extension 'python_setup_py'
[2.079s] Level 1:colcon.colcon_core.package_identification:_identify(lab_code/ch21_lab/vision_pickup_lab) by extensions ['ignore', 'ignore_ament_install']
[2.079s] Level 1:colcon.colcon_core.package_identification:_identify(lab_code/ch21_lab/vision_pickup_lab) by extension 'ignore'
[2.080s] Level 1:colcon.colcon_core.package_identification:_identify(lab_code/ch21_lab/vision_pickup_lab) by extension 'ignore_ament_install'
[2.082s] Level 1:colcon.colcon_core.package_identification:_identify(lab_code/ch21_lab/vision_pickup_lab) by extensions ['colcon_pkg']
[2.082s] Level 1:colcon.colcon_core.package_identification:_identify(lab_code/ch21_lab/vision_pickup_lab) by extension 'colcon_pkg'
[2.083s] Level 1:colcon.colcon_core.package_identification:_identify(lab_code/ch21_lab/vision_pickup_lab) by extensions ['colcon_meta']
[2.083s] Level 1:colcon.colcon_core.package_identification:_identify(lab_code/ch21_lab/vision_pickup_lab) by extension 'colcon_meta'
[2.085s] Level 1:colcon.colcon_core.package_identification:_identify(lab_code/ch21_lab/vision_pickup_lab) by extensions ['ros']
[2.085s] Level 1:colcon.colcon_core.package_identification:_identify(lab_code/ch21_lab/vision_pickup_lab) by extension 'ros'
[2.100s] DEBUG:colcon.colcon_core.package_identification:Package 'lab_code/ch21_lab/vision_pickup_lab' with type 'ros.ament_python' and name 'vision_pickup_lab'
[2.102s] Level 1:colcon.colcon_core.package_identification:_identify(log) by extensions ['ignore', 'ignore_ament_install']
[2.103s] Level 1:colcon.colcon_core.package_identification:_identify(log) by extension 'ignore'
[2.103s] Level 1:colcon.colcon_core.package_identification:_identify(log) ignored
[2.105s] Level 1:colcon.colcon_core.package_identification:_identify(msgs_demo_interfaces) by extensions ['ignore', 'ignore_ament_install']
[2.105s] Level 1:colcon.colcon_core.package_identification:_identify(msgs_demo_interfaces) by extension 'ignore'
[2.105s] Level 1:colcon.colcon_core.package_identification:_identify(msgs_demo_interfaces) by extension 'ignore_ament_install'
[2.106s] Level 1:colcon.colcon_core.package_identification:_identify(msgs_demo_interfaces) by extensions ['colcon_pkg']
[2.106s] Level 1:colcon.colcon_core.package_identification:_identify(msgs_demo_interfaces) by extension 'colcon_pkg'
[2.107s] Level 1:colcon.colcon_core.package_identification:_identify(msgs_demo_interfaces) by extensions ['colcon_meta']
[2.108s] Level 1:colcon.colcon_core.package_identification:_identify(msgs_demo_interfaces) by extension 'colcon_meta'
[2.109s] Level 1:colcon.colcon_core.package_identification:_identify(msgs_demo_interfaces) by extensions ['ros']
[2.109s] Level 1:colcon.colcon_core.package_identification:_identify(msgs_demo_interfaces) by extension 'ros'
[2.116s] DEBUG:colcon.colcon_core.package_identification:Package 'msgs_demo_interfaces' with type 'ros.ament_cmake' and name 'msgs_demo_interfaces'
[2.117s] Level 1:colcon.colcon_core.package_identification:_identify(name_demo_cpp) by extensions ['ignore', 'ignore_ament_install']
[2.117s] Level 1:colcon.colcon_core.package_identification:_identify(name_demo_cpp) by extension 'ignore'
[2.118s] Level 1:colcon.colcon_core.package_identification:_identify(name_demo_cpp) by extension 'ignore_ament_install'
[2.119s] Level 1:colcon.colcon_core.package_identification:_identify(name_demo_cpp) by extensions ['colcon_pkg']
[2.119s] Level 1:colcon.colcon_core.package_identification:_identify(name_demo_cpp) by extension 'colcon_pkg'
[2.119s] Level 1:colcon.colcon_core.package_identification:_identify(name_demo_cpp) by extensions ['colcon_meta']
[2.119s] Level 1:colcon.colcon_core.package_identification:_identify(name_demo_cpp) by extension 'colcon_meta'
[2.120s] Level 1:colcon.colcon_core.package_identification:_identify(name_demo_cpp) by extensions ['ros']
[2.120s] Level 1:colcon.colcon_core.package_identification:_identify(name_demo_cpp) by extension 'ros'
[2.125s] DEBUG:colcon.colcon_core.package_identification:Package 'name_demo_cpp' with type 'ros.ament_cmake' and name 'name_demo_cpp'
[2.127s] Level 1:colcon.colcon_core.package_identification:_identify(navigation_sim_demo_ros2) by extensions ['ignore', 'ignore_ament_install']
[2.131s] Level 1:colcon.colcon_core.package_identification:_identify(navigation_sim_demo_ros2) by extension 'ignore'
[2.131s] Level 1:colcon.colcon_core.package_identification:_identify(navigation_sim_demo_ros2) by extension 'ignore_ament_install'
[2.132s] Level 1:colcon.colcon_core.package_identification:_identify(navigation_sim_demo_ros2) by extensions ['colcon_pkg']
[2.133s] Level 1:colcon.colcon_core.package_identification:_identify(navigation_sim_demo_ros2) by extension 'colcon_pkg'
[2.133s] Level 1:colcon.colcon_core.package_identification:_identify(navigation_sim_demo_ros2) by extensions ['colcon_meta']
[2.133s] Level 1:colcon.colcon_core.package_identification:_identify(navigation_sim_demo_ros2) by extension 'colcon_meta'
[2.134s] Level 1:colcon.colcon_core.package_identification:_identify(navigation_sim_demo_ros2) by extensions ['ros']
[2.134s] Level 1:colcon.colcon_core.package_identification:_identify(navigation_sim_demo_ros2) by extension 'ros'
[2.143s] DEBUG:colcon.colcon_core.package_identification:Package 'navigation_sim_demo_ros2' with type 'ros.ament_python' and name 'navigation_sim_demo_ros2'
[2.145s] Level 1:colcon.colcon_core.package_identification:_identify(param_demo_cpp) by extensions ['ignore', 'ignore_ament_install']
[2.145s] Level 1:colcon.colcon_core.package_identification:_identify(param_demo_cpp) by extension 'ignore'
[2.146s] Level 1:colcon.colcon_core.package_identification:_identify(param_demo_cpp) by extension 'ignore_ament_install'
[2.146s] Level 1:colcon.colcon_core.package_identification:_identify(param_demo_cpp) by extensions ['colcon_pkg']
[2.147s] Level 1:colcon.colcon_core.package_identification:_identify(param_demo_cpp) by extension 'colcon_pkg'
[2.147s] Level 1:colcon.colcon_core.package_identification:_identify(param_demo_cpp) by extensions ['colcon_meta']
[2.147s] Level 1:colcon.colcon_core.package_identification:_identify(param_demo_cpp) by extension 'colcon_meta'
[2.148s] Level 1:colcon.colcon_core.package_identification:_identify(param_demo_cpp) by extensions ['ros']
[2.148s] Level 1:colcon.colcon_core.package_identification:_identify(param_demo_cpp) by extension 'ros'
[2.158s] DEBUG:colcon.colcon_core.package_identification:Package 'param_demo_cpp' with type 'ros.ament_cmake' and name 'param_demo_cpp'
[2.159s] Level 1:colcon.colcon_core.package_identification:_identify(param_demo_py) by extensions ['ignore', 'ignore_ament_install']
[2.160s] Level 1:colcon.colcon_core.package_identification:_identify(param_demo_py) by extension 'ignore'
[2.160s] Level 1:colcon.colcon_core.package_identification:_identify(param_demo_py) by extension 'ignore_ament_install'
[2.161s] Level 1:colcon.colcon_core.package_identification:_identify(param_demo_py) by extensions ['colcon_pkg']
[2.161s] Level 1:colcon.colcon_core.package_identification:_identify(param_demo_py) by extension 'colcon_pkg'
[2.162s] Level 1:colcon.colcon_core.package_identification:_identify(param_demo_py) by extensions ['colcon_meta']
[2.162s] Level 1:colcon.colcon_core.package_identification:_identify(param_demo_py) by extension 'colcon_meta'
[2.163s] Level 1:colcon.colcon_core.package_identification:_identify(param_demo_py) by extensions ['ros']
[2.163s] Level 1:colcon.colcon_core.package_identification:_identify(param_demo_py) by extension 'ros'
[2.171s] DEBUG:colcon.colcon_core.package_identification:Package 'param_demo_py' with type 'ros.ament_python' and name 'param_demo_py'
[2.174s] Level 1:colcon.colcon_core.package_identification:_identify(robot_sim_demo) by extensions ['ignore', 'ignore_ament_install']
[2.174s] Level 1:colcon.colcon_core.package_identification:_identify(robot_sim_demo) by extension 'ignore'
[2.174s] Level 1:colcon.colcon_core.package_identification:_identify(robot_sim_demo) by extension 'ignore_ament_install'
[2.175s] Level 1:colcon.colcon_core.package_identification:_identify(robot_sim_demo) by extensions ['colcon_pkg']
[2.175s] Level 1:colcon.colcon_core.package_identification:_identify(robot_sim_demo) by extension 'colcon_pkg'
[2.176s] Level 1:colcon.colcon_core.package_identification:_identify(robot_sim_demo) by extensions ['colcon_meta']
[2.176s] Level 1:colcon.colcon_core.package_identification:_identify(robot_sim_demo) by extension 'colcon_meta'
[2.177s] Level 1:colcon.colcon_core.package_identification:_identify(robot_sim_demo) by extensions ['ros']
[2.177s] Level 1:colcon.colcon_core.package_identification:_identify(robot_sim_demo) by extension 'ros'
[2.183s] DEBUG:colcon.colcon_core.package_identification:Package 'robot_sim_demo' with type 'ros.ament_python' and name 'robot_sim_demo'
[2.185s] Level 1:colcon.colcon_core.package_identification:_identify(service_demo_cpp) by extensions ['ignore', 'ignore_ament_install']
[2.185s] Level 1:colcon.colcon_core.package_identification:_identify(service_demo_cpp) by extension 'ignore'
[2.186s] Level 1:colcon.colcon_core.package_identification:_identify(service_demo_cpp) by extension 'ignore_ament_install'
[2.187s] Level 1:colcon.colcon_core.package_identification:_identify(service_demo_cpp) by extensions ['colcon_pkg']
[2.187s] Level 1:colcon.colcon_core.package_identification:_identify(service_demo_cpp) by extension 'colcon_pkg'
[2.187s] Level 1:colcon.colcon_core.package_identification:_identify(service_demo_cpp) by extensions ['colcon_meta']
[2.188s] Level 1:colcon.colcon_core.package_identification:_identify(service_demo_cpp) by extension 'colcon_meta'
[2.188s] Level 1:colcon.colcon_core.package_identification:_identify(service_demo_cpp) by extensions ['ros']
[2.188s] Level 1:colcon.colcon_core.package_identification:_identify(service_demo_cpp) by extension 'ros'
[2.198s] DEBUG:colcon.colcon_core.package_identification:Package 'service_demo_cpp' with type 'ros.ament_cmake' and name 'service_demo_cpp'
[2.201s] Level 1:colcon.colcon_core.package_identification:_identify(service_demo_interfaces) by extensions ['ignore', 'ignore_ament_install']
[2.201s] Level 1:colcon.colcon_core.package_identification:_identify(service_demo_interfaces) by extension 'ignore'
[2.202s] Level 1:colcon.colcon_core.package_identification:_identify(service_demo_interfaces) by extension 'ignore_ament_install'
[2.204s] Level 1:colcon.colcon_core.package_identification:_identify(service_demo_interfaces) by extensions ['colcon_pkg']
[2.204s] Level 1:colcon.colcon_core.package_identification:_identify(service_demo_interfaces) by extension 'colcon_pkg'
[2.205s] Level 1:colcon.colcon_core.package_identification:_identify(service_demo_interfaces) by extensions ['colcon_meta']
[2.205s] Level 1:colcon.colcon_core.package_identification:_identify(service_demo_interfaces) by extension 'colcon_meta'
[2.206s] Level 1:colcon.colcon_core.package_identification:_identify(service_demo_interfaces) by extensions ['ros']
[2.206s] Level 1:colcon.colcon_core.package_identification:_identify(service_demo_interfaces) by extension 'ros'
[2.219s] DEBUG:colcon.colcon_core.package_identification:Package 'service_demo_interfaces' with type 'ros.ament_cmake' and name 'service_demo_interfaces'
[2.223s] Level 1:colcon.colcon_core.package_identification:_identify(service_demo_py) by extensions ['ignore', 'ignore_ament_install']
[2.223s] Level 1:colcon.colcon_core.package_identification:_identify(service_demo_py) by extension 'ignore'
[2.224s] Level 1:colcon.colcon_core.package_identification:_identify(service_demo_py) by extension 'ignore_ament_install'
[2.226s] Level 1:colcon.colcon_core.package_identification:_identify(service_demo_py) by extensions ['colcon_pkg']
[2.226s] Level 1:colcon.colcon_core.package_identification:_identify(service_demo_py) by extension 'colcon_pkg'
[2.227s] Level 1:colcon.colcon_core.package_identification:_identify(service_demo_py) by extensions ['colcon_meta']
[2.228s] Level 1:colcon.colcon_core.package_identification:_identify(service_demo_py) by extension 'colcon_meta'
[2.228s] Level 1:colcon.colcon_core.package_identification:_identify(service_demo_py) by extensions ['ros']
[2.229s] Level 1:colcon.colcon_core.package_identification:_identify(service_demo_py) by extension 'ros'
[2.237s] DEBUG:colcon.colcon_core.package_identification:Package 'service_demo_py' with type 'ros.ament_python' and name 'service_demo_py'
[2.238s] Level 1:colcon.colcon_core.package_identification:_identify(slam_sim_demo_ros2) by extensions ['ignore', 'ignore_ament_install']
[2.239s] Level 1:colcon.colcon_core.package_identification:_identify(slam_sim_demo_ros2) by extension 'ignore'
[2.239s] Level 1:colcon.colcon_core.package_identification:_identify(slam_sim_demo_ros2) by extension 'ignore_ament_install'
[2.240s] Level 1:colcon.colcon_core.package_identification:_identify(slam_sim_demo_ros2) by extensions ['colcon_pkg']
[2.240s] Level 1:colcon.colcon_core.package_identification:_identify(slam_sim_demo_ros2) by extension 'colcon_pkg'
[2.241s] Level 1:colcon.colcon_core.package_identification:_identify(slam_sim_demo_ros2) by extensions ['colcon_meta']
[2.241s] Level 1:colcon.colcon_core.package_identification:_identify(slam_sim_demo_ros2) by extension 'colcon_meta'
[2.241s] Level 1:colcon.colcon_core.package_identification:_identify(slam_sim_demo_ros2) by extensions ['ros']
[2.241s] Level 1:colcon.colcon_core.package_identification:_identify(slam_sim_demo_ros2) by extension 'ros'
[2.246s] DEBUG:colcon.colcon_core.package_identification:Package 'slam_sim_demo_ros2' with type 'ros.ament_python' and name 'slam_sim_demo_ros2'
[2.248s] Level 1:colcon.colcon_core.package_identification:_identify(tf_demo_cpp) by extensions ['ignore', 'ignore_ament_install']
[2.248s] Level 1:colcon.colcon_core.package_identification:_identify(tf_demo_cpp) by extension 'ignore'
[2.249s] Level 1:colcon.colcon_core.package_identification:_identify(tf_demo_cpp) by extension 'ignore_ament_install'
[2.249s] Level 1:colcon.colcon_core.package_identification:_identify(tf_demo_cpp) by extensions ['colcon_pkg']
[2.250s] Level 1:colcon.colcon_core.package_identification:_identify(tf_demo_cpp) by extension 'colcon_pkg'
[2.250s] Level 1:colcon.colcon_core.package_identification:_identify(tf_demo_cpp) by extensions ['colcon_meta']
[2.251s] Level 1:colcon.colcon_core.package_identification:_identify(tf_demo_cpp) by extension 'colcon_meta'
[2.255s] Level 1:colcon.colcon_core.package_identification:_identify(tf_demo_cpp) by extensions ['ros']
[2.255s] Level 1:colcon.colcon_core.package_identification:_identify(tf_demo_cpp) by extension 'ros'
[2.265s] DEBUG:colcon.colcon_core.package_identification:Package 'tf_demo_cpp' with type 'ros.ament_cmake' and name 'tf_demo_cpp'
[2.268s] Level 1:colcon.colcon_core.package_identification:_identify(tf_demo_py) by extensions ['ignore', 'ignore_ament_install']
[2.268s] Level 1:colcon.colcon_core.package_identification:_identify(tf_demo_py) by extension 'ignore'
[2.268s] Level 1:colcon.colcon_core.package_identification:_identify(tf_demo_py) by extension 'ignore_ament_install'
[2.270s] Level 1:colcon.colcon_core.package_identification:_identify(tf_demo_py) by extensions ['colcon_pkg']
[2.270s] Level 1:colcon.colcon_core.package_identification:_identify(tf_demo_py) by extension 'colcon_pkg'
[2.271s] Level 1:colcon.colcon_core.package_identification:_identify(tf_demo_py) by extensions ['colcon_meta']
[2.271s] Level 1:colcon.colcon_core.package_identification:_identify(tf_demo_py) by extension 'colcon_meta'
[2.272s] Level 1:colcon.colcon_core.package_identification:_identify(tf_demo_py) by extensions ['ros']
[2.272s] Level 1:colcon.colcon_core.package_identification:_identify(tf_demo_py) by extension 'ros'
[2.277s] DEBUG:colcon.colcon_core.package_identification:Package 'tf_demo_py' with type 'ros.ament_python' and name 'tf_demo_py'
[2.279s] Level 1:colcon.colcon_core.package_identification:_identify(tf_follower_ros2) by extensions ['ignore', 'ignore_ament_install']
[2.279s] Level 1:colcon.colcon_core.package_identification:_identify(tf_follower_ros2) by extension 'ignore'
[2.279s] Level 1:colcon.colcon_core.package_identification:_identify(tf_follower_ros2) by extension 'ignore_ament_install'
[2.282s] Level 1:colcon.colcon_core.package_identification:_identify(tf_follower_ros2) by extensions ['colcon_pkg']
[2.282s] Level 1:colcon.colcon_core.package_identification:_identify(tf_follower_ros2) by extension 'colcon_pkg'
[2.283s] Level 1:colcon.colcon_core.package_identification:_identify(tf_follower_ros2) by extensions ['colcon_meta']
[2.283s] Level 1:colcon.colcon_core.package_identification:_identify(tf_follower_ros2) by extension 'colcon_meta'
[2.284s] Level 1:colcon.colcon_core.package_identification:_identify(tf_follower_ros2) by extensions ['ros']
[2.284s] Level 1:colcon.colcon_core.package_identification:_identify(tf_follower_ros2) by extension 'ros'
[2.290s] DEBUG:colcon.colcon_core.package_identification:Package 'tf_follower_ros2' with type 'ros.ament_python' and name 'tf_follower_ros2'
[2.291s] Level 1:colcon.colcon_core.package_identification:_identify(topic_demo_cpp) by extensions ['ignore', 'ignore_ament_install']
[2.291s] Level 1:colcon.colcon_core.package_identification:_identify(topic_demo_cpp) by extension 'ignore'
[2.292s] Level 1:colcon.colcon_core.package_identification:_identify(topic_demo_cpp) by extension 'ignore_ament_install'
[2.293s] Level 1:colcon.colcon_core.package_identification:_identify(topic_demo_cpp) by extensions ['colcon_pkg']
[2.293s] Level 1:colcon.colcon_core.package_identification:_identify(topic_demo_cpp) by extension 'colcon_pkg'
[2.293s] Level 1:colcon.colcon_core.package_identification:_identify(topic_demo_cpp) by extensions ['colcon_meta']
[2.294s] Level 1:colcon.colcon_core.package_identification:_identify(topic_demo_cpp) by extension 'colcon_meta'
[2.294s] Level 1:colcon.colcon_core.package_identification:_identify(topic_demo_cpp) by extensions ['ros']
[2.295s] Level 1:colcon.colcon_core.package_identification:_identify(topic_demo_cpp) by extension 'ros'
[2.304s] DEBUG:colcon.colcon_core.package_identification:Package 'topic_demo_cpp' with type 'ros.ament_cmake' and name 'topic_demo_cpp'
[2.306s] Level 1:colcon.colcon_core.package_identification:_identify(topic_demo_interfaces) by extensions ['ignore', 'ignore_ament_install']
[2.306s] Level 1:colcon.colcon_core.package_identification:_identify(topic_demo_interfaces) by extension 'ignore'
[2.306s] Level 1:colcon.colcon_core.package_identification:_identify(topic_demo_interfaces) by extension 'ignore_ament_install'
[2.307s] Level 1:colcon.colcon_core.package_identification:_identify(topic_demo_interfaces) by extensions ['colcon_pkg']
[2.307s] Level 1:colcon.colcon_core.package_identification:_identify(topic_demo_interfaces) by extension 'colcon_pkg'
[2.308s] Level 1:colcon.colcon_core.package_identification:_identify(topic_demo_interfaces) by extensions ['colcon_meta']
[2.308s] Level 1:colcon.colcon_core.package_identification:_identify(topic_demo_interfaces) by extension 'colcon_meta'
[2.308s] Level 1:colcon.colcon_core.package_identification:_identify(topic_demo_interfaces) by extensions ['ros']
[2.309s] Level 1:colcon.colcon_core.package_identification:_identify(topic_demo_interfaces) by extension 'ros'
[2.318s] DEBUG:colcon.colcon_core.package_identification:Package 'topic_demo_interfaces' with type 'ros.ament_cmake' and name 'topic_demo_interfaces'
[2.320s] Level 1:colcon.colcon_core.package_identification:_identify(topic_demo_py) by extensions ['ignore', 'ignore_ament_install']
[2.320s] Level 1:colcon.colcon_core.package_identification:_identify(topic_demo_py) by extension 'ignore'
[2.321s] Level 1:colcon.colcon_core.package_identification:_identify(topic_demo_py) by extension 'ignore_ament_install'
[2.322s] Level 1:colcon.colcon_core.package_identification:_identify(topic_demo_py) by extensions ['colcon_pkg']
[2.322s] Level 1:colcon.colcon_core.package_identification:_identify(topic_demo_py) by extension 'colcon_pkg'
[2.323s] Level 1:colcon.colcon_core.package_identification:_identify(topic_demo_py) by extensions ['colcon_meta']
[2.323s] Level 1:colcon.colcon_core.package_identification:_identify(topic_demo_py) by extension 'colcon_meta'
[2.324s] Level 1:colcon.colcon_core.package_identification:_identify(topic_demo_py) by extensions ['ros']
[2.324s] Level 1:colcon.colcon_core.package_identification:_identify(topic_demo_py) by extension 'ros'
[2.332s] DEBUG:colcon.colcon_core.package_identification:Package 'topic_demo_py' with type 'ros.ament_python' and name 'topic_demo_py'
[2.334s] Level 1:colcon.colcon_core.package_identification:_identify(urdf_demo_ros2) by extensions ['ignore', 'ignore_ament_install']
[2.334s] Level 1:colcon.colcon_core.package_identification:_identify(urdf_demo_ros2) by extension 'ignore'
[2.335s] Level 1:colcon.colcon_core.package_identification:_identify(urdf_demo_ros2) by extension 'ignore_ament_install'
[2.336s] Level 1:colcon.colcon_core.package_identification:_identify(urdf_demo_ros2) by extensions ['colcon_pkg']
[2.336s] Level 1:colcon.colcon_core.package_identification:_identify(urdf_demo_ros2) by extension 'colcon_pkg'
[2.337s] Level 1:colcon.colcon_core.package_identification:_identify(urdf_demo_ros2) by extensions ['colcon_meta']
[2.337s] Level 1:colcon.colcon_core.package_identification:_identify(urdf_demo_ros2) by extension 'colcon_meta'
[2.339s] Level 1:colcon.colcon_core.package_identification:_identify(urdf_demo_ros2) by extensions ['ros']
[2.339s] Level 1:colcon.colcon_core.package_identification:_identify(urdf_demo_ros2) by extension 'ros'
[2.346s] DEBUG:colcon.colcon_core.package_identification:Package 'urdf_demo_ros2' with type 'ros.ament_python' and name 'urdf_demo_ros2'
[2.348s] Level 1:colcon.colcon_core.package_identification:_identify(xarm) by extensions ['ignore', 'ignore_ament_install']
[2.348s] Level 1:colcon.colcon_core.package_identification:_identify(xarm) by extension 'ignore'
[2.349s] Level 1:colcon.colcon_core.package_identification:_identify(xarm) by extension 'ignore_ament_install'
[2.350s] Level 1:colcon.colcon_core.package_identification:_identify(xarm) by extensions ['colcon_pkg']
[2.350s] Level 1:colcon.colcon_core.package_identification:_identify(xarm) by extension 'colcon_pkg'
[2.351s] Level 1:colcon.colcon_core.package_identification:_identify(xarm) by extensions ['colcon_meta']
[2.351s] Level 1:colcon.colcon_core.package_identification:_identify(xarm) by extension 'colcon_meta'
[2.351s] Level 1:colcon.colcon_core.package_identification:_identify(xarm) by extensions ['ros']
[2.351s] Level 1:colcon.colcon_core.package_identification:_identify(xarm) by extension 'ros'
[2.367s] DEBUG:colcon.colcon_core.package_identification:Package 'xarm' with type 'ros.ament_python' and name 'xarm_ros2_arm_only'
[2.381s] Level 1:colcon.colcon_core.package_identification:_identify(xarm_description) by extensions ['ignore', 'ignore_ament_install']
[2.381s] Level 1:colcon.colcon_core.package_identification:_identify(xarm_description) by extension 'ignore'
[2.382s] Level 1:colcon.colcon_core.package_identification:_identify(xarm_description) by extension 'ignore_ament_install'
[2.385s] Level 1:colcon.colcon_core.package_identification:_identify(xarm_description) by extensions ['colcon_pkg']
[2.386s] Level 1:colcon.colcon_core.package_identification:_identify(xarm_description) by extension 'colcon_pkg'
[2.387s] Level 1:colcon.colcon_core.package_identification:_identify(xarm_description) by extensions ['colcon_meta']
[2.387s] Level 1:colcon.colcon_core.package_identification:_identify(xarm_description) by extension 'colcon_meta'
[2.388s] Level 1:colcon.colcon_core.package_identification:_identify(xarm_description) by extensions ['ros']
[2.388s] Level 1:colcon.colcon_core.package_identification:_identify(xarm_description) by extension 'ros'
[2.395s] DEBUG:colcon.colcon_core.package_identification:Package 'xarm_description' with type 'ros.ament_cmake' and name 'xarm_description'
[2.395s] Level 1:colcon.colcon_core.package_discovery:discover_packages(recursive) using defaults
[2.395s] Level 1:colcon.colcon_core.package_discovery:discover_packages(ignore) discover
[2.395s] Level 1:colcon.colcon_core.package_discovery:discover_packages(ignore) using defaults
[2.397s] Level 1:colcon.colcon_core.package_discovery:discover_packages(path) discover
[2.399s] Level 1:colcon.colcon_core.package_discovery:discover_packages(path) using defaults
