[0.281s] DEBUG:colcon:Command line arguments: ['/usr/bin/colcon', 'list', '--names-only']
[0.282s] DEBUG:colcon:Parsed command line arguments: Namespace(log_base=None, log_level=None, verb_name='list', build_base='build', ignore_user_meta=False, metas=['./colcon.meta'], base_paths=['.'], packages_ignore=None, packages_ignore_regex=None, paths=None, packages_up_to=None, packages_up_to_regex=None, packages_above=None, packages_above_and_dependencies=None, packages_above_depth=None, packages_select_by_dep=None, packages_skip_by_dep=None, packages_skip_up_to=None, packages_select_build_failed=False, packages_skip_build_finished=False, packages_select_test_failures=False, packages_skip_test_passed=False, packages_select=None, packages_skip=None, packages_select_regex=None, packages_skip_regex=None, packages_start=None, packages_end=None, allow_overriding=[], topological_order=False, names_only=True, paths_only=False, topological_graph=False, topological_graph_dot=False, topological_graph_density=False, topological_graph_legend=False, topological_graph_dot_cluster=False, topological_graph_dot_include_skipped=False, verb_parser=<colcon_defaults.argument_parser.defaults.DefaultArgumentsDecorator object at 0x7a27dd8b4680>, verb_extension=<colcon_package_information.verb.list.ListVerb object at 0x7a27dd8b4560>, main=<bound method ListVerb.main of <colcon_package_information.verb.list.ListVerb object at 0x7a27dd8b4560>>)
[0.316s] Level 1:colcon.colcon_core.package_discovery:discover_packages(colcon_meta) check parameters
[0.330s] Level 1:colcon.colcon_core.package_discovery:discover_packages(recursive) check parameters
[0.331s] Level 1:colcon.colcon_core.package_discovery:discover_packages(ignore) check parameters
[0.333s] Level 1:colcon.colcon_core.package_discovery:discover_packages(path) check parameters
[0.334s] Level 1:colcon.colcon_core.package_discovery:discover_packages(colcon_meta) discover
[0.335s] Level 1:colcon.colcon_core.package_discovery:discover_packages(recursive) discover
[0.359s] INFO:colcon.colcon_core.package_discovery:Crawling recursively for packages in '/mnt/c/Users/tiger/Desktop/robot/ROS2 RISC-V/src'
[0.367s] Level 1:colcon.colcon_core.package_identification:_identify(.) by extensions ['ignore', 'ignore_ament_install']
[0.367s] Level 1:colcon.colcon_core.package_identification:_identify(.) by extension 'ignore'
[0.368s] Level 1:colcon.colcon_core.package_identification:_identify(.) by extension 'ignore_ament_install'
[0.368s] Level 1:colcon.colcon_core.package_identification:_identify(.) by extensions ['colcon_pkg']
[0.369s] Level 1:colcon.colcon_core.package_identification:_identify(.) by extension 'colcon_pkg'
[0.369s] Level 1:colcon.colcon_core.package_identification:_identify(.) by extensions ['colcon_meta']
[0.369s] Level 1:colcon.colcon_core.package_identification:_identify(.) by extension 'colcon_meta'
[0.370s] Level 1:colcon.colcon_core.package_identification:_identify(.) by extensions ['ros']
[0.370s] Level 1:colcon.colcon_core.package_identification:_identify(.) by extension 'ros'
[0.399s] Level 1:colcon.colcon_core.package_identification:_identify(.) by extensions ['cmake', 'python']
[0.399s] Level 1:colcon.colcon_core.package_identification:_identify(.) by extension 'cmake'
[0.400s] Level 1:colcon.colcon_core.package_identification:_identify(.) by extension 'python'
[0.401s] Level 1:colcon.colcon_core.package_identification:_identify(.) by extensions ['python_setup_py']
[0.402s] Level 1:colcon.colcon_core.package_identification:_identify(.) by extension 'python_setup_py'
[0.415s] Level 1:colcon.colcon_core.package_identification:_identify(__pycache__) by extensions ['ignore', 'ignore_ament_install']
[0.415s] Level 1:colcon.colcon_core.package_identification:_identify(__pycache__) by extension 'ignore'
[0.417s] Level 1:colcon.colcon_core.package_identification:_identify(__pycache__) by extension 'ignore_ament_install'
[0.419s] Level 1:colcon.colcon_core.package_identification:_identify(__pycache__) by extensions ['colcon_pkg']
[0.419s] Level 1:colcon.colcon_core.package_identification:_identify(__pycache__) by extension 'colcon_pkg'
[0.420s] Level 1:colcon.colcon_core.package_identification:_identify(__pycache__) by extensions ['colcon_meta']
[0.420s] Level 1:colcon.colcon_core.package_identification:_identify(__pycache__) by extension 'colcon_meta'
[0.421s] Level 1:colcon.colcon_core.package_identification:_identify(__pycache__) by extensions ['ros']
[0.421s] Level 1:colcon.colcon_core.package_identification:_identify(__pycache__) by extension 'ros'
[0.425s] Level 1:colcon.colcon_core.package_identification:_identify(__pycache__) by extensions ['cmake', 'python']
[0.425s] Level 1:colcon.colcon_core.package_identification:_identify(__pycache__) by extension 'cmake'
[0.426s] Level 1:colcon.colcon_core.package_identification:_identify(__pycache__) by extension 'python'
[0.426s] Level 1:colcon.colcon_core.package_identification:_identify(__pycache__) by extensions ['python_setup_py']
[0.429s] Level 1:colcon.colcon_core.package_identification:_identify(__pycache__) by extension 'python_setup_py'
[0.438s] Level 1:colcon.colcon_core.package_identification:_identify(action_demo_cpp) by extensions ['ignore', 'ignore_ament_install']
[0.441s] Level 1:colcon.colcon_core.package_identification:_identify(action_demo_cpp) by extension 'ignore'
[0.445s] Level 1:colcon.colcon_core.package_identification:_identify(action_demo_cpp) by extension 'ignore_ament_install'
[0.451s] Level 1:colcon.colcon_core.package_identification:_identify(action_demo_cpp) by extensions ['colcon_pkg']
[0.451s] Level 1:colcon.colcon_core.package_identification:_identify(action_demo_cpp) by extension 'colcon_pkg'
[0.452s] Level 1:colcon.colcon_core.package_identification:_identify(action_demo_cpp) by extensions ['colcon_meta']
[0.452s] Level 1:colcon.colcon_core.package_identification:_identify(action_demo_cpp) by extension 'colcon_meta'
[0.453s] Level 1:colcon.colcon_core.package_identification:_identify(action_demo_cpp) by extensions ['ros']
[0.453s] Level 1:colcon.colcon_core.package_identification:_identify(action_demo_cpp) by extension 'ros'
[0.470s] DEBUG:colcon.colcon_core.package_identification:Package 'action_demo_cpp' with type 'ros.ament_cmake' and name 'action_demo_cpp'
[0.472s] Level 1:colcon.colcon_core.package_identification:_identify(action_demo_interfaces) by extensions ['ignore', 'ignore_ament_install']
[0.473s] Level 1:colcon.colcon_core.package_identification:_identify(action_demo_interfaces) by extension 'ignore'
[0.474s] Level 1:colcon.colcon_core.package_identification:_identify(action_demo_interfaces) by extension 'ignore_ament_install'
[0.475s] Level 1:colcon.colcon_core.package_identification:_identify(action_demo_interfaces) by extensions ['colcon_pkg']
[0.475s] Level 1:colcon.colcon_core.package_identification:_identify(action_demo_interfaces) by extension 'colcon_pkg'
[0.476s] Level 1:colcon.colcon_core.package_identification:_identify(action_demo_interfaces) by extensions ['colcon_meta']
[0.476s] Level 1:colcon.colcon_core.package_identification:_identify(action_demo_interfaces) by extension 'colcon_meta'
[0.477s] Level 1:colcon.colcon_core.package_identification:_identify(action_demo_interfaces) by extensions ['ros']
[0.477s] Level 1:colcon.colcon_core.package_identification:_identify(action_demo_interfaces) by extension 'ros'
[0.483s] DEBUG:colcon.colcon_core.package_identification:Package 'action_demo_interfaces' with type 'ros.ament_cmake' and name 'action_demo_interfaces'
[0.485s] Level 1:colcon.colcon_core.package_identification:_identify(action_demo_py) by extensions ['ignore', 'ignore_ament_install']
[0.485s] Level 1:colcon.colcon_core.package_identification:_identify(action_demo_py) by extension 'ignore'
[0.486s] Level 1:colcon.colcon_core.package_identification:_identify(action_demo_py) by extension 'ignore_ament_install'
[0.487s] Level 1:colcon.colcon_core.package_identification:_identify(action_demo_py) by extensions ['colcon_pkg']
[0.487s] Level 1:colcon.colcon_core.package_identification:_identify(action_demo_py) by extension 'colcon_pkg'
[0.488s] Level 1:colcon.colcon_core.package_identification:_identify(action_demo_py) by extensions ['colcon_meta']
[0.488s] Level 1:colcon.colcon_core.package_identification:_identify(action_demo_py) by extension 'colcon_meta'
[0.489s] Level 1:colcon.colcon_core.package_identification:_identify(action_demo_py) by extensions ['ros']
[0.489s] Level 1:colcon.colcon_core.package_identification:_identify(action_demo_py) by extension 'ros'
[0.494s] DEBUG:colcon.colcon_core.package_identification:Package 'action_demo_py' with type 'ros.ament_python' and name 'action_demo_py'
[0.496s] Level 1:colcon.colcon_core.package_identification:_identify(course_lab_interfaces) by extensions ['ignore', 'ignore_ament_install']
[0.496s] Level 1:colcon.colcon_core.package_identification:_identify(course_lab_interfaces) by extension 'ignore'
[0.497s] Level 1:colcon.colcon_core.package_identification:_identify(course_lab_interfaces) by extension 'ignore_ament_install'
[0.497s] Level 1:colcon.colcon_core.package_identification:_identify(course_lab_interfaces) by extensions ['colcon_pkg']
[0.497s] Level 1:colcon.colcon_core.package_identification:_identify(course_lab_interfaces) by extension 'colcon_pkg'
[0.498s] Level 1:colcon.colcon_core.package_identification:_identify(course_lab_interfaces) by extensions ['colcon_meta']
[0.498s] Level 1:colcon.colcon_core.package_identification:_identify(course_lab_interfaces) by extension 'colcon_meta'
[0.499s] Level 1:colcon.colcon_core.package_identification:_identify(course_lab_interfaces) by extensions ['ros']
[0.499s] Level 1:colcon.colcon_core.package_identification:_identify(course_lab_interfaces) by extension 'ros'
[0.504s] DEBUG:colcon.colcon_core.package_identification:Package 'course_lab_interfaces' with type 'ros.ament_cmake' and name 'course_lab_interfaces'
[0.506s] Level 1:colcon.colcon_core.package_identification:_identify(course_lab_utils) by extensions ['ignore', 'ignore_ament_install']
[0.507s] Level 1:colcon.colcon_core.package_identification:_identify(course_lab_utils) by extension 'ignore'
[0.507s] Level 1:colcon.colcon_core.package_identification:_identify(course_lab_utils) by extension 'ignore_ament_install'
[0.508s] Level 1:colcon.colcon_core.package_identification:_identify(course_lab_utils) by extensions ['colcon_pkg']
[0.508s] Level 1:colcon.colcon_core.package_identification:_identify(course_lab_utils) by extension 'colcon_pkg'
[0.509s] Level 1:colcon.colcon_core.package_identification:_identify(course_lab_utils) by extensions ['colcon_meta']
[0.509s] Level 1:colcon.colcon_core.package_identification:_identify(course_lab_utils) by extension 'colcon_meta'
[0.509s] Level 1:colcon.colcon_core.package_identification:_identify(course_lab_utils) by extensions ['ros']
[0.509s] Level 1:colcon.colcon_core.package_identification:_identify(course_lab_utils) by extension 'ros'
[0.515s] DEBUG:colcon.colcon_core.package_identification:Package 'course_lab_utils' with type 'ros.ament_python' and name 'course_lab_utils'
[0.519s] Level 1:colcon.colcon_core.package_identification:_identify(lab_code) by extensions ['ignore', 'ignore_ament_install']
[0.519s] Level 1:colcon.colcon_core.package_identification:_identify(lab_code) by extension 'ignore'
[0.521s] Level 1:colcon.colcon_core.package_identification:_identify(lab_code) by extension 'ignore_ament_install'
[0.524s] Level 1:colcon.colcon_core.package_identification:_identify(lab_code) by extensions ['colcon_pkg']
[0.524s] Level 1:colcon.colcon_core.package_identification:_identify(lab_code) by extension 'colcon_pkg'
[0.525s] Level 1:colcon.colcon_core.package_identification:_identify(lab_code) by extensions ['colcon_meta']
[0.525s] Level 1:colcon.colcon_core.package_identification:_identify(lab_code) by extension 'colcon_meta'
[0.526s] Level 1:colcon.colcon_core.package_identification:_identify(lab_code) by extensions ['ros']
[0.526s] Level 1:colcon.colcon_core.package_identification:_identify(lab_code) by extension 'ros'
[0.529s] Level 1:colcon.colcon_core.package_identification:_identify(lab_code) by extensions ['cmake', 'python']
[0.529s] Level 1:colcon.colcon_core.package_identification:_identify(lab_code) by extension 'cmake'
[0.530s] Level 1:colcon.colcon_core.package_identification:_identify(lab_code) by extension 'python'
[0.532s] Level 1:colcon.colcon_core.package_identification:_identify(lab_code) by extensions ['python_setup_py']
[0.532s] Level 1:colcon.colcon_core.package_identification:_identify(lab_code) by extension 'python_setup_py'
[0.538s] Level 1:colcon.colcon_core.package_identification:_identify(lab_code/__pycache__) by extensions ['ignore', 'ignore_ament_install']
[0.538s] Level 1:colcon.colcon_core.package_identification:_identify(lab_code/__pycache__) by extension 'ignore'
[0.539s] Level 1:colcon.colcon_core.package_identification:_identify(lab_code/__pycache__) by extension 'ignore_ament_install'
[0.540s] Level 1:colcon.colcon_core.package_identification:_identify(lab_code/__pycache__) by extensions ['colcon_pkg']
[0.540s] Level 1:colcon.colcon_core.package_identification:_identify(lab_code/__pycache__) by extension 'colcon_pkg'
[0.541s] Level 1:colcon.colcon_core.package_identification:_identify(lab_code/__pycache__) by extensions ['colcon_meta']
[0.541s] Level 1:colcon.colcon_core.package_identification:_identify(lab_code/__pycache__) by extension 'colcon_meta'
[0.542s] Level 1:colcon.colcon_core.package_identification:_identify(lab_code/__pycache__) by extensions ['ros']
[0.542s] Level 1:colcon.colcon_core.package_identification:_identify(lab_code/__pycache__) by extension 'ros'
[0.547s] Level 1:colcon.colcon_core.package_identification:_identify(lab_code/__pycache__) by extensions ['cmake', 'python']
[0.547s] Level 1:colcon.colcon_core.package_identification:_identify(lab_code/__pycache__) by extension 'cmake'
[0.548s] Level 1:colcon.colcon_core.package_identification:_identify(lab_code/__pycache__) by extension 'python'
[0.549s] Level 1:colcon.colcon_core.package_identification:_identify(lab_code/__pycache__) by extensions ['python_setup_py']
[0.549s] Level 1:colcon.colcon_core.package_identification:_identify(lab_code/__pycache__) by extension 'python_setup_py'
[0.553s] Level 1:colcon.colcon_core.package_identification:_identify(lab_code/ch01_lab) by extensions ['ignore', 'ignore_ament_install']
[0.554s] Level 1:colcon.colcon_core.package_identification:_identify(lab_code/ch01_lab) by extension 'ignore'
[0.554s] Level 1:colcon.colcon_core.package_identification:_identify(lab_code/ch01_lab) by extension 'ignore_ament_install'
[0.556s] Level 1:colcon.colcon_core.package_identification:_identify(lab_code/ch01_lab) by extensions ['colcon_pkg']
[0.556s] Level 1:colcon.colcon_core.package_identification:_identify(lab_code/ch01_lab) by extension 'colcon_pkg'
[0.556s] Level 1:colcon.colcon_core.package_identification:_identify(lab_code/ch01_lab) by extensions ['colcon_meta']
[0.557s] Level 1:colcon.colcon_core.package_identification:_identify(lab_code/ch01_lab) by extension 'colcon_meta'
[0.558s] Level 1:colcon.colcon_core.package_identification:_identify(lab_code/ch01_lab) by extensions ['ros']
[0.558s] Level 1:colcon.colcon_core.package_identification:_identify(lab_code/ch01_lab) by extension 'ros'
[0.580s] DEBUG:colcon.colcon_core.package_identification:Package 'lab_code/ch01_lab' with type 'ros.ament_python' and name 'lifecycle_demo'
[0.584s] Level 1:colcon.colcon_core.package_identification:_identify(lab_code/ch02_lab) by extensions ['ignore', 'ignore_ament_install']
[0.584s] Level 1:colcon.colcon_core.package_identification:_identify(lab_code/ch02_lab) by extension 'ignore'
[0.585s] Level 1:colcon.colcon_core.package_identification:_identify(lab_code/ch02_lab) by extension 'ignore_ament_install'
[0.587s] Level 1:colcon.colcon_core.package_identification:_identify(lab_code/ch02_lab) by extensions ['colcon_pkg']
[0.587s] Level 1:colcon.colcon_core.package_identification:_identify(lab_code/ch02_lab) by extension 'colcon_pkg'
[0.588s] Level 1:colcon.colcon_core.package_identification:_identify(lab_code/ch02_lab) by extensions ['colcon_meta']
[0.588s] Level 1:colcon.colcon_core.package_identification:_identify(lab_code/ch02_lab) by extension 'colcon_meta'
[0.590s] Level 1:colcon.colcon_core.package_identification:_identify(lab_code/ch02_lab) by extensions ['ros']
[0.590s] Level 1:colcon.colcon_core.package_identification:_identify(lab_code/ch02_lab) by extension 'ros'
[0.593s] Level 1:colcon.colcon_core.package_identification:_identify(lab_code/ch02_lab) by extensions ['cmake', 'python']
[0.593s] Level 1:colcon.colcon_core.package_identification:_identify(lab_code/ch02_lab) by extension 'cmake'
[0.594s] Level 1:colcon.colcon_core.package_identification:_identify(lab_code/ch02_lab) by extension 'python'
[0.594s] Level 1:colcon.colcon_core.package_identification:_identify(lab_code/ch02_lab) by extensions ['python_setup_py']
[0.595s] Level 1:colcon.colcon_core.package_identification:_identify(lab_code/ch02_lab) by extension 'python_setup_py'
[0.599s] Level 1:colcon.colcon_core.package_identification:_identify(lab_code/ch02_lab/docs) by extensions ['ignore', 'ignore_ament_install']
[0.599s] Level 1:colcon.colcon_core.package_identification:_identify(lab_code/ch02_lab/docs) by extension 'ignore'
[0.600s] Level 1:colcon.colcon_core.package_identification:_identify(lab_code/ch02_lab/docs) by extension 'ignore_ament_install'
[0.601s] Level 1:colcon.colcon_core.package_identification:_identify(lab_code/ch02_lab/docs) by extensions ['colcon_pkg']
[0.602s] Level 1:colcon.colcon_core.package_identification:_identify(lab_code/ch02_lab/docs) by extension 'colcon_pkg'
[0.603s] Level 1:colcon.colcon_core.package_identification:_identify(lab_code/ch02_lab/docs) by extensions ['colcon_meta']
[0.606s] Level 1:colcon.colcon_core.package_identification:_identify(lab_code/ch02_lab/docs) by extension 'colcon_meta'
[0.610s] Level 1:colcon.colcon_core.package_identification:_identify(lab_code/ch02_lab/docs) by extensions ['ros']
[0.610s] Level 1:colcon.colcon_core.package_identification:_identify(lab_code/ch02_lab/docs) by extension 'ros'
[0.618s] Level 1:colcon.colcon_core.package_identification:_identify(lab_code/ch02_lab/docs) by extensions ['cmake', 'python']
[0.619s] Level 1:colcon.colcon_core.package_identification:_identify(lab_code/ch02_lab/docs) by extension 'cmake'
[0.621s] Level 1:colcon.colcon_core.package_identification:_identify(lab_code/ch02_lab/docs) by extension 'python'
[0.621s] Level 1:colcon.colcon_core.package_identification:_identify(lab_code/ch02_lab/docs) by extensions ['python_setup_py']
[0.622s] Level 1:colcon.colcon_core.package_identification:_identify(lab_code/ch02_lab/docs) by extension 'python_setup_py'
[0.626s] Level 1:colcon.colcon_core.package_identification:_identify(lab_code/ch02_lab/docs/images) by extensions ['ignore', 'ignore_ament_install']
[0.626s] Level 1:colcon.colcon_core.package_identification:_identify(lab_code/ch02_lab/docs/images) by extension 'ignore'
[0.627s] Level 1:colcon.colcon_core.package_identification:_identify(lab_code/ch02_lab/docs/images) by extension 'ignore_ament_install'
[0.630s] Level 1:colcon.colcon_core.package_identification:_identify(lab_code/ch02_lab/docs/images) by extensions ['colcon_pkg']
[0.630s] Level 1:colcon.colcon_core.package_identification:_identify(lab_code/ch02_lab/docs/images) by extension 'colcon_pkg'
[0.631s] Level 1:colcon.colcon_core.package_identification:_identify(lab_code/ch02_lab/docs/images) by extensions ['colcon_meta']
[0.631s] Level 1:colcon.colcon_core.package_identification:_identify(lab_code/ch02_lab/docs/images) by extension 'colcon_meta'
[0.636s] Level 1:colcon.colcon_core.package_identification:_identify(lab_code/ch02_lab/docs/images) by extensions ['ros']
[0.636s] Level 1:colcon.colcon_core.package_identification:_identify(lab_code/ch02_lab/docs/images) by extension 'ros'
[0.643s] Level 1:colcon.colcon_core.package_identification:_identify(lab_code/ch02_lab/docs/images) by extensions ['cmake', 'python']
[0.644s] Level 1:colcon.colcon_core.package_identification:_identify(lab_code/ch02_lab/docs/images) by extension 'cmake'
[0.646s] Level 1:colcon.colcon_core.package_identification:_identify(lab_code/ch02_lab/docs/images) by extension 'python'
[0.650s] Level 1:colcon.colcon_core.package_identification:_identify(lab_code/ch02_lab/docs/images) by extensions ['python_setup_py']
[0.650s] Level 1:colcon.colcon_core.package_identification:_identify(lab_code/ch02_lab/docs/images) by extension 'python_setup_py'
[0.658s] Level 1:colcon.colcon_core.package_identification:_identify(lab_code/ch02_lab/hello_pkg) by extensions ['ignore', 'ignore_ament_install']
[0.658s] Level 1:colcon.colcon_core.package_identification:_identify(lab_code/ch02_lab/hello_pkg) by extension 'ignore'
[0.659s] Level 1:colcon.colcon_core.package_identification:_identify(lab_code/ch02_lab/hello_pkg) by extension 'ignore_ament_install'
[0.662s] Level 1:colcon.colcon_core.package_identification:_identify(lab_code/ch02_lab/hello_pkg) by extensions ['colcon_pkg']
[0.663s] Level 1:colcon.colcon_core.package_identification:_identify(lab_code/ch02_lab/hello_pkg) by extension 'colcon_pkg'
[0.665s] Level 1:colcon.colcon_core.package_identification:_identify(lab_code/ch02_lab/hello_pkg) by extensions ['colcon_meta']
[0.665s] Level 1:colcon.colcon_core.package_identification:_identify(lab_code/ch02_lab/hello_pkg) by extension 'colcon_meta'
[0.668s] Level 1:colcon.colcon_core.package_identification:_identify(lab_code/ch02_lab/hello_pkg) by extensions ['ros']
[0.668s] Level 1:colcon.colcon_core.package_identification:_identify(lab_code/ch02_lab/hello_pkg) by extension 'ros'
[0.695s] DEBUG:colcon.colcon_core.package_identification:Package 'lab_code/ch02_lab/hello_pkg' with type 'ros.ament_python' and name 'hello_pkg'
[0.698s] Level 1:colcon.colcon_core.package_identification:_identify(lab_code/ch03_lab) by extensions ['ignore', 'ignore_ament_install']
[0.699s] Level 1:colcon.colcon_core.package_identification:_identify(lab_code/ch03_lab) by extension 'ignore'
[0.699s] Level 1:colcon.colcon_core.package_identification:_identify(lab_code/ch03_lab) by extension 'ignore_ament_install'
[0.701s] Level 1:colcon.colcon_core.package_identification:_identify(lab_code/ch03_lab) by extensions ['colcon_pkg']
[0.701s] Level 1:colcon.colcon_core.package_identification:_identify(lab_code/ch03_lab) by extension 'colcon_pkg'
[0.702s] Level 1:colcon.colcon_core.package_identification:_identify(lab_code/ch03_lab) by extensions ['colcon_meta']
[0.702s] Level 1:colcon.colcon_core.package_identification:_identify(lab_code/ch03_lab) by extension 'colcon_meta'
[0.704s] Level 1:colcon.colcon_core.package_identification:_identify(lab_code/ch03_lab) by extensions ['ros']
[0.704s] Level 1:colcon.colcon_core.package_identification:_identify(lab_code/ch03_lab) by extension 'ros'
[0.709s] Level 1:colcon.colcon_core.package_identification:_identify(lab_code/ch03_lab) by extensions ['cmake', 'python']
[0.709s] Level 1:colcon.colcon_core.package_identification:_identify(lab_code/ch03_lab) by extension 'cmake'
[0.710s] Level 1:colcon.colcon_core.package_identification:_identify(lab_code/ch03_lab) by extension 'python'
[0.711s] Level 1:colcon.colcon_core.package_identification:_identify(lab_code/ch03_lab) by extensions ['python_setup_py']
[0.711s] Level 1:colcon.colcon_core.package_identification:_identify(lab_code/ch03_lab) by extension 'python_setup_py'
[0.715s] Level 1:colcon.colcon_core.package_identification:_identify(lab_code/ch03_lab/docs) by extensions ['ignore', 'ignore_ament_install']
[0.715s] Level 1:colcon.colcon_core.package_identification:_identify(lab_code/ch03_lab/docs) by extension 'ignore'
[0.717s] Level 1:colcon.colcon_core.package_identification:_identify(lab_code/ch03_lab/docs) by extension 'ignore_ament_install'
[0.718s] Level 1:colcon.colcon_core.package_identification:_identify(lab_code/ch03_lab/docs) by extensions ['colcon_pkg']
[0.719s] Level 1:colcon.colcon_core.package_identification:_identify(lab_code/ch03_lab/docs) by extension 'colcon_pkg'
[0.719s] Level 1:colcon.colcon_core.package_identification:_identify(lab_code/ch03_lab/docs) by extensions ['colcon_meta']
[0.719s] Level 1:colcon.colcon_core.package_identification:_identify(lab_code/ch03_lab/docs) by extension 'colcon_meta'
[0.721s] Level 1:colcon.colcon_core.package_identification:_identify(lab_code/ch03_lab/docs) by extensions ['ros']
[0.721s] Level 1:colcon.colcon_core.package_identification:_identify(lab_code/ch03_lab/docs) by extension 'ros'
[0.725s] Level 1:colcon.colcon_core.package_identification:_identify(lab_code/ch03_lab/docs) by extensions ['cmake', 'python']
[0.725s] Level 1:colcon.colcon_core.package_identification:_identify(lab_code/ch03_lab/docs) by extension 'cmake'
[0.726s] Level 1:colcon.colcon_core.package_identification:_identify(lab_code/ch03_lab/docs) by extension 'python'
[0.727s] Level 1:colcon.colcon_core.package_identification:_identify(lab_code/ch03_lab/docs) by extensions ['python_setup_py']
[0.727s] Level 1:colcon.colcon_core.package_identification:_identify(lab_code/ch03_lab/docs) by extension 'python_setup_py'
[0.732s] Level 1:colcon.colcon_core.package_identification:_identify(lab_code/ch03_lab/docs/images) by extensions ['ignore', 'ignore_ament_install']
[0.732s] Level 1:colcon.colcon_core.package_identification:_identify(lab_code/ch03_lab/docs/images) by extension 'ignore'
[0.733s] Level 1:colcon.colcon_core.package_identification:_identify(lab_code/ch03_lab/docs/images) by extension 'ignore_ament_install'
[0.735s] Level 1:colcon.colcon_core.package_identification:_identify(lab_code/ch03_lab/docs/images) by extensions ['colcon_pkg']
[0.735s] Level 1:colcon.colcon_core.package_identification:_identify(lab_code/ch03_lab/docs/images) by extension 'colcon_pkg'
[0.736s] Level 1:colcon.colcon_core.package_identification:_identify(lab_code/ch03_lab/docs/images) by extensions ['colcon_meta']
[0.736s] Level 1:colcon.colcon_core.package_identification:_identify(lab_code/ch03_lab/docs/images) by extension 'colcon_meta'
[0.738s] Level 1:colcon.colcon_core.package_identification:_identify(lab_code/ch03_lab/docs/images) by extensions ['ros']
[0.739s] Level 1:colcon.colcon_core.package_identification:_identify(lab_code/ch03_lab/docs/images) by extension 'ros'
[0.743s] Level 1:colcon.colcon_core.package_identification:_identify(lab_code/ch03_lab/docs/images) by extensions ['cmake', 'python']
[0.743s] Level 1:colcon.colcon_core.package_identification:_identify(lab_code/ch03_lab/docs/images) by extension 'cmake'
[0.747s] Level 1:colcon.colcon_core.package_identification:_identify(lab_code/ch03_lab/docs/images) by extension 'python'
[0.751s] Level 1:colcon.colcon_core.package_identification:_identify(lab_code/ch03_lab/docs/images) by extensions ['python_setup_py']
[0.751s] Level 1:colcon.colcon_core.package_identification:_identify(lab_code/ch03_lab/docs/images) by extension 'python_setup_py'
[0.757s] Level 1:colcon.colcon_core.package_identification:_identify(lab_code/ch03_lab/sensor_interfaces) by extensions ['ignore', 'ignore_ament_install']
[0.757s] Level 1:colcon.colcon_core.package_identification:_identify(lab_code/ch03_lab/sensor_interfaces) by extension 'ignore'
[0.759s] Level 1:colcon.colcon_core.package_identification:_identify(lab_code/ch03_lab/sensor_interfaces) by extension 'ignore_ament_install'
[0.760s] Level 1:colcon.colcon_core.package_identification:_identify(lab_code/ch03_lab/sensor_interfaces) by extensions ['colcon_pkg']
[0.761s] Level 1:colcon.colcon_core.package_identification:_identify(lab_code/ch03_lab/sensor_interfaces) by extension 'colcon_pkg'
[0.762s] Level 1:colcon.colcon_core.package_identification:_identify(lab_code/ch03_lab/sensor_interfaces) by extensions ['colcon_meta']
[0.762s] Level 1:colcon.colcon_core.package_identification:_identify(lab_code/ch03_lab/sensor_interfaces) by extension 'colcon_meta'
[0.763s] Level 1:colcon.colcon_core.package_identification:_identify(lab_code/ch03_lab/sensor_interfaces) by extensions ['ros']
[0.763s] Level 1:colcon.colcon_core.package_identification:_identify(lab_code/ch03_lab/sensor_interfaces) by extension 'ros'
[0.777s] DEBUG:colcon.colcon_core.package_identification:Package 'lab_code/ch03_lab/sensor_interfaces' with type 'ros.ament_cmake' and name 'sensor_interfaces'
[0.783s] Level 1:colcon.colcon_core.package_identification:_identify(lab_code/ch03_lab/sensor_pub) by extensions ['ignore', 'ignore_ament_install']
[0.784s] Level 1:colcon.colcon_core.package_identification:_identify(lab_code/ch03_lab/sensor_pub) by extension 'ignore'
[0.785s] Level 1:colcon.colcon_core.package_identification:_identify(lab_code/ch03_lab/sensor_pub) by extension 'ignore_ament_install'
[0.798s] Level 1:colcon.colcon_core.package_identification:_identify(lab_code/ch03_lab/sensor_pub) by extensions ['colcon_pkg']
[0.799s] Level 1:colcon.colcon_core.package_identification:_identify(lab_code/ch03_lab/sensor_pub) by extension 'colcon_pkg'
[0.800s] Level 1:colcon.colcon_core.package_identification:_identify(lab_code/ch03_lab/sensor_pub) by extensions ['colcon_meta']
[0.800s] Level 1:colcon.colcon_core.package_identification:_identify(lab_code/ch03_lab/sensor_pub) by extension 'colcon_meta'
[0.803s] Level 1:colcon.colcon_core.package_identification:_identify(lab_code/ch03_lab/sensor_pub) by extensions ['ros']
[0.804s] Level 1:colcon.colcon_core.package_identification:_identify(lab_code/ch03_lab/sensor_pub) by extension 'ros'
[0.836s] DEBUG:colcon.colcon_core.package_identification:Package 'lab_code/ch03_lab/sensor_pub' with type 'ros.ament_python' and name 'sensor_pub'
[0.844s] Level 1:colcon.colcon_core.package_identification:_identify(lab_code/ch03_lab/topic_demo) by extensions ['ignore', 'ignore_ament_install']
[0.844s] Level 1:colcon.colcon_core.package_identification:_identify(lab_code/ch03_lab/topic_demo) by extension 'ignore'
[0.848s] Level 1:colcon.colcon_core.package_identification:_identify(lab_code/ch03_lab/topic_demo) by extension 'ignore_ament_install'
[0.859s] Level 1:colcon.colcon_core.package_identification:_identify(lab_code/ch03_lab/topic_demo) by extensions ['colcon_pkg']
[0.859s] Level 1:colcon.colcon_core.package_identification:_identify(lab_code/ch03_lab/topic_demo) by extension 'colcon_pkg'
[0.869s] Level 1:colcon.colcon_core.package_identification:_identify(lab_code/ch03_lab/topic_demo) by extensions ['colcon_meta']
[0.869s] Level 1:colcon.colcon_core.package_identification:_identify(lab_code/ch03_lab/topic_demo) by extension 'colcon_meta'
[0.873s] Level 1:colcon.colcon_core.package_identification:_identify(lab_code/ch03_lab/topic_demo) by extensions ['ros']
[0.874s] Level 1:colcon.colcon_core.package_identification:_identify(lab_code/ch03_lab/topic_demo) by extension 'ros'
[0.910s] DEBUG:colcon.colcon_core.package_identification:Package 'lab_code/ch03_lab/topic_demo' with type 'ros.ament_python' and name 'topic_demo'
[0.918s] Level 1:colcon.colcon_core.package_identification:_identify(lab_code/ch04_lab) by extensions ['ignore', 'ignore_ament_install']
[0.918s] Level 1:colcon.colcon_core.package_identification:_identify(lab_code/ch04_lab) by extension 'ignore'
[0.920s] Level 1:colcon.colcon_core.package_identification:_identify(lab_code/ch04_lab) by extension 'ignore_ament_install'
[0.923s] Level 1:colcon.colcon_core.package_identification:_identify(lab_code/ch04_lab) by extensions ['colcon_pkg']
[0.923s] Level 1:colcon.colcon_core.package_identification:_identify(lab_code/ch04_lab) by extension 'colcon_pkg'
[0.924s] Level 1:colcon.colcon_core.package_identification:_identify(lab_code/ch04_lab) by extensions ['colcon_meta']
[0.925s] Level 1:colcon.colcon_core.package_identification:_identify(lab_code/ch04_lab) by extension 'colcon_meta'
[0.926s] Level 1:colcon.colcon_core.package_identification:_identify(lab_code/ch04_lab) by extensions ['ros']
[0.926s] Level 1:colcon.colcon_core.package_identification:_identify(lab_code/ch04_lab) by extension 'ros'
[0.932s] Level 1:colcon.colcon_core.package_identification:_identify(lab_code/ch04_lab) by extensions ['cmake', 'python']
[0.932s] Level 1:colcon.colcon_core.package_identification:_identify(lab_code/ch04_lab) by extension 'cmake'
[0.934s] Level 1:colcon.colcon_core.package_identification:_identify(lab_code/ch04_lab) by extension 'python'
[0.935s] Level 1:colcon.colcon_core.package_identification:_identify(lab_code/ch04_lab) by extensions ['python_setup_py']
[0.936s] Level 1:colcon.colcon_core.package_identification:_identify(lab_code/ch04_lab) by extension 'python_setup_py'
[0.942s] Level 1:colcon.colcon_core.package_identification:_identify(lab_code/ch04_lab/docs) by extensions ['ignore', 'ignore_ament_install']
[0.943s] Level 1:colcon.colcon_core.package_identification:_identify(lab_code/ch04_lab/docs) by extension 'ignore'
[0.944s] Level 1:colcon.colcon_core.package_identification:_identify(lab_code/ch04_lab/docs) by extension 'ignore_ament_install'
[0.947s] Level 1:colcon.colcon_core.package_identification:_identify(lab_code/ch04_lab/docs) by extensions ['colcon_pkg']
[0.948s] Level 1:colcon.colcon_core.package_identification:_identify(lab_code/ch04_lab/docs) by extension 'colcon_pkg'
[0.949s] Level 1:colcon.colcon_core.package_identification:_identify(lab_code/ch04_lab/docs) by extensions ['colcon_meta']
[0.949s] Level 1:colcon.colcon_core.package_identification:_identify(lab_code/ch04_lab/docs) by extension 'colcon_meta'
[0.952s] Level 1:colcon.colcon_core.package_identification:_identify(lab_code/ch04_lab/docs) by extensions ['ros']
[0.952s] Level 1:colcon.colcon_core.package_identification:_identify(lab_code/ch04_lab/docs) by extension 'ros'
[0.958s] Level 1:colcon.colcon_core.package_identification:_identify(lab_code/ch04_lab/docs) by extensions ['cmake', 'python']
[0.958s] Level 1:colcon.colcon_core.package_identification:_identify(lab_code/ch04_lab/docs) by extension 'cmake'
[0.960s] Level 1:colcon.colcon_core.package_identification:_identify(lab_code/ch04_lab/docs) by extension 'python'
[0.961s] Level 1:colcon.colcon_core.package_identification:_identify(lab_code/ch04_lab/docs) by extensions ['python_setup_py']
[0.961s] Level 1:colcon.colcon_core.package_identification:_identify(lab_code/ch04_lab/docs) by extension 'python_setup_py'
[0.969s] Level 1:colcon.colcon_core.package_identification:_identify(lab_code/ch04_lab/docs/images) by extensions ['ignore', 'ignore_ament_install']
[0.970s] Level 1:colcon.colcon_core.package_identification:_identify(lab_code/ch04_lab/docs/images) by extension 'ignore'
[0.971s] Level 1:colcon.colcon_core.package_identification:_identify(lab_code/ch04_lab/docs/images) by extension 'ignore_ament_install'
[0.974s] Level 1:colcon.colcon_core.package_identification:_identify(lab_code/ch04_lab/docs/images) by extensions ['colcon_pkg']
[0.974s] Level 1:colcon.colcon_core.package_identification:_identify(lab_code/ch04_lab/docs/images) by extension 'colcon_pkg'
[0.975s] Level 1:colcon.colcon_core.package_identification:_identify(lab_code/ch04_lab/docs/images) by extensions ['colcon_meta']
[0.975s] Level 1:colcon.colcon_core.package_identification:_identify(lab_code/ch04_lab/docs/images) by extension 'colcon_meta'
[0.983s] Level 1:colcon.colcon_core.package_identification:_identify(lab_code/ch04_lab/docs/images) by extensions ['ros']
[0.983s] Level 1:colcon.colcon_core.package_identification:_identify(lab_code/ch04_lab/docs/images) by extension 'ros'
[0.991s] Level 1:colcon.colcon_core.package_identification:_identify(lab_code/ch04_lab/docs/images) by extensions ['cmake', 'python']
[0.992s] Level 1:colcon.colcon_core.package_identification:_identify(lab_code/ch04_lab/docs/images) by extension 'cmake'
[0.994s] Level 1:colcon.colcon_core.package_identification:_identify(lab_code/ch04_lab/docs/images) by extension 'python'
[0.997s] Level 1:colcon.colcon_core.package_identification:_identify(lab_code/ch04_lab/docs/images) by extensions ['python_setup_py']
[0.997s] Level 1:colcon.colcon_core.package_identification:_identify(lab_code/ch04_lab/docs/images) by extension 'python_setup_py'
[1.003s] Level 1:colcon.colcon_core.package_identification:_identify(lab_code/ch04_lab/service_demo) by extensions ['ignore', 'ignore_ament_install']
[1.004s] Level 1:colcon.colcon_core.package_identification:_identify(lab_code/ch04_lab/service_demo) by extension 'ignore'
[1.005s] Level 1:colcon.colcon_core.package_identification:_identify(lab_code/ch04_lab/service_demo) by extension 'ignore_ament_install'
[1.010s] Level 1:colcon.colcon_core.package_identification:_identify(lab_code/ch04_lab/service_demo) by extensions ['colcon_pkg']
[1.011s] Level 1:colcon.colcon_core.package_identification:_identify(lab_code/ch04_lab/service_demo) by extension 'colcon_pkg'
[1.012s] Level 1:colcon.colcon_core.package_identification:_identify(lab_code/ch04_lab/service_demo) by extensions ['colcon_meta']
[1.012s] Level 1:colcon.colcon_core.package_identification:_identify(lab_code/ch04_lab/service_demo) by extension 'colcon_meta'
[1.015s] Level 1:colcon.colcon_core.package_identification:_identify(lab_code/ch04_lab/service_demo) by extensions ['ros']
[1.015s] Level 1:colcon.colcon_core.package_identification:_identify(lab_code/ch04_lab/service_demo) by extension 'ros'
[1.039s] DEBUG:colcon.colcon_core.package_identification:Package 'lab_code/ch04_lab/service_demo' with type 'ros.ament_python' and name 'service_demo'
[1.045s] Level 1:colcon.colcon_core.package_identification:_identify(lab_code/ch05_lab) by extensions ['ignore', 'ignore_ament_install']
[1.046s] Level 1:colcon.colcon_core.package_identification:_identify(lab_code/ch05_lab) by extension 'ignore'
[1.048s] Level 1:colcon.colcon_core.package_identification:_identify(lab_code/ch05_lab) by extension 'ignore_ament_install'
[1.052s] Level 1:colcon.colcon_core.package_identification:_identify(lab_code/ch05_lab) by extensions ['colcon_pkg']
[1.052s] Level 1:colcon.colcon_core.package_identification:_identify(lab_code/ch05_lab) by extension 'colcon_pkg'
[1.053s] Level 1:colcon.colcon_core.package_identification:_identify(lab_code/ch05_lab) by extensions ['colcon_meta']
[1.054s] Level 1:colcon.colcon_core.package_identification:_identify(lab_code/ch05_lab) by extension 'colcon_meta'
[1.055s] Level 1:colcon.colcon_core.package_identification:_identify(lab_code/ch05_lab) by extensions ['ros']
[1.055s] Level 1:colcon.colcon_core.package_identification:_identify(lab_code/ch05_lab) by extension 'ros'
[1.059s] Level 1:colcon.colcon_core.package_identification:_identify(lab_code/ch05_lab) by extensions ['cmake', 'python']
[1.060s] Level 1:colcon.colcon_core.package_identification:_identify(lab_code/ch05_lab) by extension 'cmake'
[1.061s] Level 1:colcon.colcon_core.package_identification:_identify(lab_code/ch05_lab) by extension 'python'
[1.062s] Level 1:colcon.colcon_core.package_identification:_identify(lab_code/ch05_lab) by extensions ['python_setup_py']
[1.062s] Level 1:colcon.colcon_core.package_identification:_identify(lab_code/ch05_lab) by extension 'python_setup_py'
[1.071s] Level 1:colcon.colcon_core.package_identification:_identify(lab_code/ch05_lab/action_demo) by extensions ['ignore', 'ignore_ament_install']
[1.071s] Level 1:colcon.colcon_core.package_identification:_identify(lab_code/ch05_lab/action_demo) by extension 'ignore'
[1.072s] Level 1:colcon.colcon_core.package_identification:_identify(lab_code/ch05_lab/action_demo) by extension 'ignore_ament_install'
[1.074s] Level 1:colcon.colcon_core.package_identification:_identify(lab_code/ch05_lab/action_demo) by extensions ['colcon_pkg']
[1.075s] Level 1:colcon.colcon_core.package_identification:_identify(lab_code/ch05_lab/action_demo) by extension 'colcon_pkg'
[1.076s] Level 1:colcon.colcon_core.package_identification:_identify(lab_code/ch05_lab/action_demo) by extensions ['colcon_meta']
[1.076s] Level 1:colcon.colcon_core.package_identification:_identify(lab_code/ch05_lab/action_demo) by extension 'colcon_meta'
[1.078s] Level 1:colcon.colcon_core.package_identification:_identify(lab_code/ch05_lab/action_demo) by extensions ['ros']
[1.078s] Level 1:colcon.colcon_core.package_identification:_identify(lab_code/ch05_lab/action_demo) by extension 'ros'
[1.088s] DEBUG:colcon.colcon_core.package_identification:Package 'lab_code/ch05_lab/action_demo' with type 'ros.ament_python' and name 'action_demo'
[1.103s] Level 1:colcon.colcon_core.package_identification:_identify(lab_code/ch05_lab/docs) by extensions ['ignore', 'ignore_ament_install']
[1.103s] Level 1:colcon.colcon_core.package_identification:_identify(lab_code/ch05_lab/docs) by extension 'ignore'
[1.105s] Level 1:colcon.colcon_core.package_identification:_identify(lab_code/ch05_lab/docs) by extension 'ignore_ament_install'
[1.107s] Level 1:colcon.colcon_core.package_identification:_identify(lab_code/ch05_lab/docs) by extensions ['colcon_pkg']
[1.108s] Level 1:colcon.colcon_core.package_identification:_identify(lab_code/ch05_lab/docs) by extension 'colcon_pkg'
[1.109s] Level 1:colcon.colcon_core.package_identification:_identify(lab_code/ch05_lab/docs) by extensions ['colcon_meta']
[1.110s] Level 1:colcon.colcon_core.package_identification:_identify(lab_code/ch05_lab/docs) by extension 'colcon_meta'
[1.114s] Level 1:colcon.colcon_core.package_identification:_identify(lab_code/ch05_lab/docs) by extensions ['ros']
[1.114s] Level 1:colcon.colcon_core.package_identification:_identify(lab_code/ch05_lab/docs) by extension 'ros'
[1.122s] Level 1:colcon.colcon_core.package_identification:_identify(lab_code/ch05_lab/docs) by extensions ['cmake', 'python']
[1.122s] Level 1:colcon.colcon_core.package_identification:_identify(lab_code/ch05_lab/docs) by extension 'cmake'
[1.124s] Level 1:colcon.colcon_core.package_identification:_identify(lab_code/ch05_lab/docs) by extension 'python'
[1.125s] Level 1:colcon.colcon_core.package_identification:_identify(lab_code/ch05_lab/docs) by extensions ['python_setup_py']
[1.126s] Level 1:colcon.colcon_core.package_identification:_identify(lab_code/ch05_lab/docs) by extension 'python_setup_py'
[1.135s] Level 1:colcon.colcon_core.package_identification:_identify(lab_code/ch05_lab/docs/images) by extensions ['ignore', 'ignore_ament_install']
[1.135s] Level 1:colcon.colcon_core.package_identification:_identify(lab_code/ch05_lab/docs/images) by extension 'ignore'
[1.137s] Level 1:colcon.colcon_core.package_identification:_identify(lab_code/ch05_lab/docs/images) by extension 'ignore_ament_install'
[1.141s] Level 1:colcon.colcon_core.package_identification:_identify(lab_code/ch05_lab/docs/images) by extensions ['colcon_pkg']
[1.141s] Level 1:colcon.colcon_core.package_identification:_identify(lab_code/ch05_lab/docs/images) by extension 'colcon_pkg'
[1.143s] Level 1:colcon.colcon_core.package_identification:_identify(lab_code/ch05_lab/docs/images) by extensions ['colcon_meta']
[1.143s] Level 1:colcon.colcon_core.package_identification:_identify(lab_code/ch05_lab/docs/images) by extension 'colcon_meta'
[1.149s] Level 1:colcon.colcon_core.package_identification:_identify(lab_code/ch05_lab/docs/images) by extensions ['ros']
[1.149s] Level 1:colcon.colcon_core.package_identification:_identify(lab_code/ch05_lab/docs/images) by extension 'ros'
[1.167s] Level 1:colcon.colcon_core.package_identification:_identify(lab_code/ch05_lab/docs/images) by extensions ['cmake', 'python']
[1.167s] Level 1:colcon.colcon_core.package_identification:_identify(lab_code/ch05_lab/docs/images) by extension 'cmake'
[1.170s] Level 1:colcon.colcon_core.package_identification:_identify(lab_code/ch05_lab/docs/images) by extension 'python'
[1.172s] Level 1:colcon.colcon_core.package_identification:_identify(lab_code/ch05_lab/docs/images) by extensions ['python_setup_py']
[1.172s] Level 1:colcon.colcon_core.package_identification:_identify(lab_code/ch05_lab/docs/images) by extension 'python_setup_py'
[1.177s] Level 1:colcon.colcon_core.package_identification:_identify(lab_code/ch06_lab) by extensions ['ignore', 'ignore_ament_install']
[1.178s] Level 1:colcon.colcon_core.package_identification:_identify(lab_code/ch06_lab) by extension 'ignore'
[1.181s] Level 1:colcon.colcon_core.package_identification:_identify(lab_code/ch06_lab) by extension 'ignore_ament_install'
[1.183s] Level 1:colcon.colcon_core.package_identification:_identify(lab_code/ch06_lab) by extensions ['colcon_pkg']
[1.183s] Level 1:colcon.colcon_core.package_identification:_identify(lab_code/ch06_lab) by extension 'colcon_pkg'
[1.185s] Level 1:colcon.colcon_core.package_identification:_identify(lab_code/ch06_lab) by extensions ['colcon_meta']
[1.185s] Level 1:colcon.colcon_core.package_identification:_identify(lab_code/ch06_lab) by extension 'colcon_meta'
[1.186s] Level 1:colcon.colcon_core.package_identification:_identify(lab_code/ch06_lab) by extensions ['ros']
[1.187s] Level 1:colcon.colcon_core.package_identification:_identify(lab_code/ch06_lab) by extension 'ros'
[1.190s] Level 1:colcon.colcon_core.package_identification:_identify(lab_code/ch06_lab) by extensions ['cmake', 'python']
[1.191s] Level 1:colcon.colcon_core.package_identification:_identify(lab_code/ch06_lab) by extension 'cmake'
[1.192s] Level 1:colcon.colcon_core.package_identification:_identify(lab_code/ch06_lab) by extension 'python'
[1.193s] Level 1:colcon.colcon_core.package_identification:_identify(lab_code/ch06_lab) by extensions ['python_setup_py']
[1.193s] Level 1:colcon.colcon_core.package_identification:_identify(lab_code/ch06_lab) by extension 'python_setup_py'
[1.199s] Level 1:colcon.colcon_core.package_identification:_identify(lab_code/ch06_lab/param_demo) by extensions ['ignore', 'ignore_ament_install']
[1.200s] Level 1:colcon.colcon_core.package_identification:_identify(lab_code/ch06_lab/param_demo) by extension 'ignore'
[1.201s] Level 1:colcon.colcon_core.package_identification:_identify(lab_code/ch06_lab/param_demo) by extension 'ignore_ament_install'
[1.203s] Level 1:colcon.colcon_core.package_identification:_identify(lab_code/ch06_lab/param_demo) by extensions ['colcon_pkg']
[1.203s] Level 1:colcon.colcon_core.package_identification:_identify(lab_code/ch06_lab/param_demo) by extension 'colcon_pkg'
[1.204s] Level 1:colcon.colcon_core.package_identification:_identify(lab_code/ch06_lab/param_demo) by extensions ['colcon_meta']
[1.204s] Level 1:colcon.colcon_core.package_identification:_identify(lab_code/ch06_lab/param_demo) by extension 'colcon_meta'
[1.207s] Level 1:colcon.colcon_core.package_identification:_identify(lab_code/ch06_lab/param_demo) by extensions ['ros']
[1.207s] Level 1:colcon.colcon_core.package_identification:_identify(lab_code/ch06_lab/param_demo) by extension 'ros'
[1.220s] DEBUG:colcon.colcon_core.package_identification:Package 'lab_code/ch06_lab/param_demo' with type 'ros.ament_python' and name 'param_demo'
[1.225s] Level 1:colcon.colcon_core.package_identification:_identify(lab_code/ch07_lab) by extensions ['ignore', 'ignore_ament_install']
[1.225s] Level 1:colcon.colcon_core.package_identification:_identify(lab_code/ch07_lab) by extension 'ignore'
[1.226s] Level 1:colcon.colcon_core.package_identification:_identify(lab_code/ch07_lab) by extension 'ignore_ament_install'
[1.228s] Level 1:colcon.colcon_core.package_identification:_identify(lab_code/ch07_lab) by extensions ['colcon_pkg']
[1.228s] Level 1:colcon.colcon_core.package_identification:_identify(lab_code/ch07_lab) by extension 'colcon_pkg'
[1.229s] Level 1:colcon.colcon_core.package_identification:_identify(lab_code/ch07_lab) by extensions ['colcon_meta']
[1.229s] Level 1:colcon.colcon_core.package_identification:_identify(lab_code/ch07_lab) by extension 'colcon_meta'
[1.230s] Level 1:colcon.colcon_core.package_identification:_identify(lab_code/ch07_lab) by extensions ['ros']
[1.231s] Level 1:colcon.colcon_core.package_identification:_identify(lab_code/ch07_lab) by extension 'ros'
[1.235s] Level 1:colcon.colcon_core.package_identification:_identify(lab_code/ch07_lab) by extensions ['cmake', 'python']
[1.236s] Level 1:colcon.colcon_core.package_identification:_identify(lab_code/ch07_lab) by extension 'cmake'
[1.237s] Level 1:colcon.colcon_core.package_identification:_identify(lab_code/ch07_lab) by extension 'python'
[1.239s] Level 1:colcon.colcon_core.package_identification:_identify(lab_code/ch07_lab) by extensions ['python_setup_py']
[1.240s] Level 1:colcon.colcon_core.package_identification:_identify(lab_code/ch07_lab) by extension 'python_setup_py'
[1.247s] Level 1:colcon.colcon_core.package_identification:_identify(lab_code/ch07_lab/tf_demo) by extensions ['ignore', 'ignore_ament_install']
[1.248s] Level 1:colcon.colcon_core.package_identification:_identify(lab_code/ch07_lab/tf_demo) by extension 'ignore'
[1.250s] Level 1:colcon.colcon_core.package_identification:_identify(lab_code/ch07_lab/tf_demo) by extension 'ignore_ament_install'
[1.253s] Level 1:colcon.colcon_core.package_identification:_identify(lab_code/ch07_lab/tf_demo) by extensions ['colcon_pkg']
[1.253s] Level 1:colcon.colcon_core.package_identification:_identify(lab_code/ch07_lab/tf_demo) by extension 'colcon_pkg'
[1.255s] Level 1:colcon.colcon_core.package_identification:_identify(lab_code/ch07_lab/tf_demo) by extensions ['colcon_meta']
[1.255s] Level 1:colcon.colcon_core.package_identification:_identify(lab_code/ch07_lab/tf_demo) by extension 'colcon_meta'
[1.258s] Level 1:colcon.colcon_core.package_identification:_identify(lab_code/ch07_lab/tf_demo) by extensions ['ros']
[1.258s] Level 1:colcon.colcon_core.package_identification:_identify(lab_code/ch07_lab/tf_demo) by extension 'ros'
[1.271s] DEBUG:colcon.colcon_core.package_identification:Package 'lab_code/ch07_lab/tf_demo' with type 'ros.ament_python' and name 'tf_demo'
[1.274s] Level 1:colcon.colcon_core.package_identification:_identify(lab_code/ch08_lab) by extensions ['ignore', 'ignore_ament_install']
[1.274s] Level 1:colcon.colcon_core.package_identification:_identify(lab_code/ch08_lab) by extension 'ignore'
[1.275s] Level 1:colcon.colcon_core.package_identification:_identify(lab_code/ch08_lab) by extension 'ignore_ament_install'
[1.277s] Level 1:colcon.colcon_core.package_identification:_identify(lab_code/ch08_lab) by extensions ['colcon_pkg']
[1.277s] Level 1:colcon.colcon_core.package_identification:_identify(lab_code/ch08_lab) by extension 'colcon_pkg'
[1.283s] Level 1:colcon.colcon_core.package_identification:_identify(lab_code/ch08_lab) by extensions ['colcon_meta']
[1.283s] Level 1:colcon.colcon_core.package_identification:_identify(lab_code/ch08_lab) by extension 'colcon_meta'
[1.290s] Level 1:colcon.colcon_core.package_identification:_identify(lab_code/ch08_lab) by extensions ['ros']
[1.294s] Level 1:colcon.colcon_core.package_identification:_identify(lab_code/ch08_lab) by extension 'ros'
[1.323s] Level 1:colcon.colcon_core.package_identification:_identify(lab_code/ch08_lab) by extensions ['cmake', 'python']
[1.325s] Level 1:colcon.colcon_core.package_identification:_identify(lab_code/ch08_lab) by extension 'cmake'
[1.330s] Level 1:colcon.colcon_core.package_identification:_identify(lab_code/ch08_lab) by extension 'python'
[1.332s] Level 1:colcon.colcon_core.package_identification:_identify(lab_code/ch08_lab) by extensions ['python_setup_py']
[1.332s] Level 1:colcon.colcon_core.package_identification:_identify(lab_code/ch08_lab) by extension 'python_setup_py'
[1.384s] Level 1:colcon.colcon_core.package_identification:_identify(lab_code/ch08_lab/urdf_demo) by extensions ['ignore', 'ignore_ament_install']
[1.385s] Level 1:colcon.colcon_core.package_identification:_identify(lab_code/ch08_lab/urdf_demo) by extension 'ignore'
[1.387s] Level 1:colcon.colcon_core.package_identification:_identify(lab_code/ch08_lab/urdf_demo) by extension 'ignore_ament_install'
[1.391s] Level 1:colcon.colcon_core.package_identification:_identify(lab_code/ch08_lab/urdf_demo) by extensions ['colcon_pkg']
[1.391s] Level 1:colcon.colcon_core.package_identification:_identify(lab_code/ch08_lab/urdf_demo) by extension 'colcon_pkg'
[1.394s] Level 1:colcon.colcon_core.package_identification:_identify(lab_code/ch08_lab/urdf_demo) by extensions ['colcon_meta']
[1.395s] Level 1:colcon.colcon_core.package_identification:_identify(lab_code/ch08_lab/urdf_demo) by extension 'colcon_meta'
[1.399s] Level 1:colcon.colcon_core.package_identification:_identify(lab_code/ch08_lab/urdf_demo) by extensions ['ros']
[1.400s] Level 1:colcon.colcon_core.package_identification:_identify(lab_code/ch08_lab/urdf_demo) by extension 'ros'
[1.430s] DEBUG:colcon.colcon_core.package_identification:Package 'lab_code/ch08_lab/urdf_demo' with type 'ros.ament_python' and name 'urdf_demo'
[1.434s] Level 1:colcon.colcon_core.package_identification:_identify(lab_code/ch09_lab) by extensions ['ignore', 'ignore_ament_install']
[1.434s] Level 1:colcon.colcon_core.package_identification:_identify(lab_code/ch09_lab) by extension 'ignore'
[1.435s] Level 1:colcon.colcon_core.package_identification:_identify(lab_code/ch09_lab) by extension 'ignore_ament_install'
[1.437s] Level 1:colcon.colcon_core.package_identification:_identify(lab_code/ch09_lab) by extensions ['colcon_pkg']
[1.438s] Level 1:colcon.colcon_core.package_identification:_identify(lab_code/ch09_lab) by extension 'colcon_pkg'
[1.439s] Level 1:colcon.colcon_core.package_identification:_identify(lab_code/ch09_lab) by extensions ['colcon_meta']
[1.439s] Level 1:colcon.colcon_core.package_identification:_identify(lab_code/ch09_lab) by extension 'colcon_meta'
[1.440s] Level 1:colcon.colcon_core.package_identification:_identify(lab_code/ch09_lab) by extensions ['ros']
[1.441s] Level 1:colcon.colcon_core.package_identification:_identify(lab_code/ch09_lab) by extension 'ros'
[1.444s] Level 1:colcon.colcon_core.package_identification:_identify(lab_code/ch09_lab) by extensions ['cmake', 'python']
[1.444s] Level 1:colcon.colcon_core.package_identification:_identify(lab_code/ch09_lab) by extension 'cmake'
[1.445s] Level 1:colcon.colcon_core.package_identification:_identify(lab_code/ch09_lab) by extension 'python'
[1.446s] Level 1:colcon.colcon_core.package_identification:_identify(lab_code/ch09_lab) by extensions ['python_setup_py']
[1.446s] Level 1:colcon.colcon_core.package_identification:_identify(lab_code/ch09_lab) by extension 'python_setup_py'
[1.451s] Level 1:colcon.colcon_core.package_identification:_identify(lab_code/ch09_lab/sim_demo) by extensions ['ignore', 'ignore_ament_install']
[1.452s] Level 1:colcon.colcon_core.package_identification:_identify(lab_code/ch09_lab/sim_demo) by extension 'ignore'
[1.455s] Level 1:colcon.colcon_core.package_identification:_identify(lab_code/ch09_lab/sim_demo) by extension 'ignore_ament_install'
[1.458s] Level 1:colcon.colcon_core.package_identification:_identify(lab_code/ch09_lab/sim_demo) by extensions ['colcon_pkg']
[1.458s] Level 1:colcon.colcon_core.package_identification:_identify(lab_code/ch09_lab/sim_demo) by extension 'colcon_pkg'
[1.460s] Level 1:colcon.colcon_core.package_identification:_identify(lab_code/ch09_lab/sim_demo) by extensions ['colcon_meta']
[1.460s] Level 1:colcon.colcon_core.package_identification:_identify(lab_code/ch09_lab/sim_demo) by extension 'colcon_meta'
[1.463s] Level 1:colcon.colcon_core.package_identification:_identify(lab_code/ch09_lab/sim_demo) by extensions ['ros']
[1.463s] Level 1:colcon.colcon_core.package_identification:_identify(lab_code/ch09_lab/sim_demo) by extension 'ros'
[1.480s] DEBUG:colcon.colcon_core.package_identification:Package 'lab_code/ch09_lab/sim_demo' with type 'ros.ament_python' and name 'sim_demo'
[1.488s] Level 1:colcon.colcon_core.package_identification:_identify(lab_code/ch10_lab) by extensions ['ignore', 'ignore_ament_install']
[1.489s] Level 1:colcon.colcon_core.package_identification:_identify(lab_code/ch10_lab) by extension 'ignore'
[1.491s] Level 1:colcon.colcon_core.package_identification:_identify(lab_code/ch10_lab) by extension 'ignore_ament_install'
[1.496s] Level 1:colcon.colcon_core.package_identification:_identify(lab_code/ch10_lab) by extensions ['colcon_pkg']
[1.496s] Level 1:colcon.colcon_core.package_identification:_identify(lab_code/ch10_lab) by extension 'colcon_pkg'
[1.498s] Level 1:colcon.colcon_core.package_identification:_identify(lab_code/ch10_lab) by extensions ['colcon_meta']
[1.498s] Level 1:colcon.colcon_core.package_identification:_identify(lab_code/ch10_lab) by extension 'colcon_meta'
[1.501s] Level 1:colcon.colcon_core.package_identification:_identify(lab_code/ch10_lab) by extensions ['ros']
[1.501s] Level 1:colcon.colcon_core.package_identification:_identify(lab_code/ch10_lab) by extension 'ros'
[1.519s] Level 1:colcon.colcon_core.package_identification:_identify(lab_code/ch10_lab) by extensions ['cmake', 'python']
[1.519s] Level 1:colcon.colcon_core.package_identification:_identify(lab_code/ch10_lab) by extension 'cmake'
[1.520s] Level 1:colcon.colcon_core.package_identification:_identify(lab_code/ch10_lab) by extension 'python'
[1.521s] Level 1:colcon.colcon_core.package_identification:_identify(lab_code/ch10_lab) by extensions ['python_setup_py']
[1.521s] Level 1:colcon.colcon_core.package_identification:_identify(lab_code/ch10_lab) by extension 'python_setup_py'
[1.540s] Level 1:colcon.colcon_core.package_identification:_identify(lab_code/ch10_lab/slam_lab) by extensions ['ignore', 'ignore_ament_install']
[1.540s] Level 1:colcon.colcon_core.package_identification:_identify(lab_code/ch10_lab/slam_lab) by extension 'ignore'
[1.542s] Level 1:colcon.colcon_core.package_identification:_identify(lab_code/ch10_lab/slam_lab) by extension 'ignore_ament_install'
[1.545s] Level 1:colcon.colcon_core.package_identification:_identify(lab_code/ch10_lab/slam_lab) by extensions ['colcon_pkg']
[1.545s] Level 1:colcon.colcon_core.package_identification:_identify(lab_code/ch10_lab/slam_lab) by extension 'colcon_pkg'
[1.547s] Level 1:colcon.colcon_core.package_identification:_identify(lab_code/ch10_lab/slam_lab) by extensions ['colcon_meta']
[1.547s] Level 1:colcon.colcon_core.package_identification:_identify(lab_code/ch10_lab/slam_lab) by extension 'colcon_meta'
[1.549s] Level 1:colcon.colcon_core.package_identification:_identify(lab_code/ch10_lab/slam_lab) by extensions ['ros']
[1.550s] Level 1:colcon.colcon_core.package_identification:_identify(lab_code/ch10_lab/slam_lab) by extension 'ros'
[1.565s] DEBUG:colcon.colcon_core.package_identification:Package 'lab_code/ch10_lab/slam_lab' with type 'ros.ament_python' and name 'slam_lab'
[1.574s] Level 1:colcon.colcon_core.package_identification:_identify(lab_code/ch11_lab) by extensions ['ignore', 'ignore_ament_install']
[1.575s] Level 1:colcon.colcon_core.package_identification:_identify(lab_code/ch11_lab) by extension 'ignore'
[1.576s] Level 1:colcon.colcon_core.package_identification:_identify(lab_code/ch11_lab) by extension 'ignore_ament_install'
[1.579s] Level 1:colcon.colcon_core.package_identification:_identify(lab_code/ch11_lab) by extensions ['colcon_pkg']
[1.579s] Level 1:colcon.colcon_core.package_identification:_identify(lab_code/ch11_lab) by extension 'colcon_pkg'
[1.582s] Level 1:colcon.colcon_core.package_identification:_identify(lab_code/ch11_lab) by extensions ['colcon_meta']
[1.583s] Level 1:colcon.colcon_core.package_identification:_identify(lab_code/ch11_lab) by extension 'colcon_meta'
[1.585s] Level 1:colcon.colcon_core.package_identification:_identify(lab_code/ch11_lab) by extensions ['ros']
[1.585s] Level 1:colcon.colcon_core.package_identification:_identify(lab_code/ch11_lab) by extension 'ros'
[1.590s] Level 1:colcon.colcon_core.package_identification:_identify(lab_code/ch11_lab) by extensions ['cmake', 'python']
[1.590s] Level 1:colcon.colcon_core.package_identification:_identify(lab_code/ch11_lab) by extension 'cmake'
[1.591s] Level 1:colcon.colcon_core.package_identification:_identify(lab_code/ch11_lab) by extension 'python'
[1.592s] Level 1:colcon.colcon_core.package_identification:_identify(lab_code/ch11_lab) by extensions ['python_setup_py']
[1.592s] Level 1:colcon.colcon_core.package_identification:_identify(lab_code/ch11_lab) by extension 'python_setup_py'
[1.597s] Level 1:colcon.colcon_core.package_identification:_identify(lab_code/ch11_lab/navigation_lab) by extensions ['ignore', 'ignore_ament_install']
[1.598s] Level 1:colcon.colcon_core.package_identification:_identify(lab_code/ch11_lab/navigation_lab) by extension 'ignore'
[1.599s] Level 1:colcon.colcon_core.package_identification:_identify(lab_code/ch11_lab/navigation_lab) by extension 'ignore_ament_install'
[1.601s] Level 1:colcon.colcon_core.package_identification:_identify(lab_code/ch11_lab/navigation_lab) by extensions ['colcon_pkg']
[1.601s] Level 1:colcon.colcon_core.package_identification:_identify(lab_code/ch11_lab/navigation_lab) by extension 'colcon_pkg'
[1.602s] Level 1:colcon.colcon_core.package_identification:_identify(lab_code/ch11_lab/navigation_lab) by extensions ['colcon_meta']
[1.602s] Level 1:colcon.colcon_core.package_identification:_identify(lab_code/ch11_lab/navigation_lab) by extension 'colcon_meta'
[1.604s] Level 1:colcon.colcon_core.package_identification:_identify(lab_code/ch11_lab/navigation_lab) by extensions ['ros']
[1.604s] Level 1:colcon.colcon_core.package_identification:_identify(lab_code/ch11_lab/navigation_lab) by extension 'ros'
[1.614s] DEBUG:colcon.colcon_core.package_identification:Package 'lab_code/ch11_lab/navigation_lab' with type 'ros.ament_python' and name 'navigation_lab'
[1.616s] Level 1:colcon.colcon_core.package_identification:_identify(lab_code/ch12_lab) by extensions ['ignore', 'ignore_ament_install']
[1.616s] Level 1:colcon.colcon_core.package_identification:_identify(lab_code/ch12_lab) by extension 'ignore'
[1.617s] Level 1:colcon.colcon_core.package_identification:_identify(lab_code/ch12_lab) by extension 'ignore_ament_install'
[1.618s] Level 1:colcon.colcon_core.package_identification:_identify(lab_code/ch12_lab) by extensions ['colcon_pkg']
[1.618s] Level 1:colcon.colcon_core.package_identification:_identify(lab_code/ch12_lab) by extension 'colcon_pkg'
[1.619s] Level 1:colcon.colcon_core.package_identification:_identify(lab_code/ch12_lab) by extensions ['colcon_meta']
[1.619s] Level 1:colcon.colcon_core.package_identification:_identify(lab_code/ch12_lab) by extension 'colcon_meta'
[1.620s] Level 1:colcon.colcon_core.package_identification:_identify(lab_code/ch12_lab) by extensions ['ros']
[1.620s] Level 1:colcon.colcon_core.package_identification:_identify(lab_code/ch12_lab) by extension 'ros'
[1.622s] Level 1:colcon.colcon_core.package_identification:_identify(lab_code/ch12_lab) by extensions ['cmake', 'python']
[1.622s] Level 1:colcon.colcon_core.package_identification:_identify(lab_code/ch12_lab) by extension 'cmake'
[1.623s] Level 1:colcon.colcon_core.package_identification:_identify(lab_code/ch12_lab) by extension 'python'
[1.628s] Level 1:colcon.colcon_core.package_identification:_identify(lab_code/ch12_lab) by extensions ['python_setup_py']
[1.628s] Level 1:colcon.colcon_core.package_identification:_identify(lab_code/ch12_lab) by extension 'python_setup_py'
[1.632s] Level 1:colcon.colcon_core.package_identification:_identify(lab_code/ch12_lab/realsense_lab) by extensions ['ignore', 'ignore_ament_install']
[1.633s] Level 1:colcon.colcon_core.package_identification:_identify(lab_code/ch12_lab/realsense_lab) by extension 'ignore'
[1.634s] Level 1:colcon.colcon_core.package_identification:_identify(lab_code/ch12_lab/realsense_lab) by extension 'ignore_ament_install'
[1.635s] Level 1:colcon.colcon_core.package_identification:_identify(lab_code/ch12_lab/realsense_lab) by extensions ['colcon_pkg']
[1.635s] Level 1:colcon.colcon_core.package_identification:_identify(lab_code/ch12_lab/realsense_lab) by extension 'colcon_pkg'
[1.636s] Level 1:colcon.colcon_core.package_identification:_identify(lab_code/ch12_lab/realsense_lab) by extensions ['colcon_meta']
[1.636s] Level 1:colcon.colcon_core.package_identification:_identify(lab_code/ch12_lab/realsense_lab) by extension 'colcon_meta'
[1.637s] Level 1:colcon.colcon_core.package_identification:_identify(lab_code/ch12_lab/realsense_lab) by extensions ['ros']
[1.638s] Level 1:colcon.colcon_core.package_identification:_identify(lab_code/ch12_lab/realsense_lab) by extension 'ros'
[1.659s] DEBUG:colcon.colcon_core.package_identification:Package 'lab_code/ch12_lab/realsense_lab' with type 'ros.ament_python' and name 'realsense_lab'
[1.662s] Level 1:colcon.colcon_core.package_identification:_identify(lab_code/ch13_lab) by extensions ['ignore', 'ignore_ament_install']
[1.662s] Level 1:colcon.colcon_core.package_identification:_identify(lab_code/ch13_lab) by extension 'ignore'
[1.663s] Level 1:colcon.colcon_core.package_identification:_identify(lab_code/ch13_lab) by extension 'ignore_ament_install'
[1.664s] Level 1:colcon.colcon_core.package_identification:_identify(lab_code/ch13_lab) by extensions ['colcon_pkg']
[1.664s] Level 1:colcon.colcon_core.package_identification:_identify(lab_code/ch13_lab) by extension 'colcon_pkg'
[1.665s] Level 1:colcon.colcon_core.package_identification:_identify(lab_code/ch13_lab) by extensions ['colcon_meta']
[1.665s] Level 1:colcon.colcon_core.package_identification:_identify(lab_code/ch13_lab) by extension 'colcon_meta'
[1.666s] Level 1:colcon.colcon_core.package_identification:_identify(lab_code/ch13_lab) by extensions ['ros']
[1.666s] Level 1:colcon.colcon_core.package_identification:_identify(lab_code/ch13_lab) by extension 'ros'
[1.677s] Level 1:colcon.colcon_core.package_identification:_identify(lab_code/ch13_lab) by extensions ['cmake', 'python']
[1.677s] Level 1:colcon.colcon_core.package_identification:_identify(lab_code/ch13_lab) by extension 'cmake'
[1.678s] Level 1:colcon.colcon_core.package_identification:_identify(lab_code/ch13_lab) by extension 'python'
[1.679s] Level 1:colcon.colcon_core.package_identification:_identify(lab_code/ch13_lab) by extensions ['python_setup_py']
[1.679s] Level 1:colcon.colcon_core.package_identification:_identify(lab_code/ch13_lab) by extension 'python_setup_py'
[1.693s] Level 1:colcon.colcon_core.package_identification:_identify(lab_code/ch13_lab/__pycache__) by extensions ['ignore', 'ignore_ament_install']
[1.694s] Level 1:colcon.colcon_core.package_identification:_identify(lab_code/ch13_lab/__pycache__) by extension 'ignore'
[1.696s] Level 1:colcon.colcon_core.package_identification:_identify(lab_code/ch13_lab/__pycache__) by extension 'ignore_ament_install'
[1.699s] Level 1:colcon.colcon_core.package_identification:_identify(lab_code/ch13_lab/__pycache__) by extensions ['colcon_pkg']
[1.699s] Level 1:colcon.colcon_core.package_identification:_identify(lab_code/ch13_lab/__pycache__) by extension 'colcon_pkg'
[1.703s] Level 1:colcon.colcon_core.package_identification:_identify(lab_code/ch13_lab/__pycache__) by extensions ['colcon_meta']
[1.704s] Level 1:colcon.colcon_core.package_identification:_identify(lab_code/ch13_lab/__pycache__) by extension 'colcon_meta'
[1.707s] Level 1:colcon.colcon_core.package_identification:_identify(lab_code/ch13_lab/__pycache__) by extensions ['ros']
[1.707s] Level 1:colcon.colcon_core.package_identification:_identify(lab_code/ch13_lab/__pycache__) by extension 'ros'
[1.715s] Level 1:colcon.colcon_core.package_identification:_identify(lab_code/ch13_lab/__pycache__) by extensions ['cmake', 'python']
[1.715s] Level 1:colcon.colcon_core.package_identification:_identify(lab_code/ch13_lab/__pycache__) by extension 'cmake'
[1.716s] Level 1:colcon.colcon_core.package_identification:_identify(lab_code/ch13_lab/__pycache__) by extension 'python'
[1.718s] Level 1:colcon.colcon_core.package_identification:_identify(lab_code/ch13_lab/__pycache__) by extensions ['python_setup_py']
[1.718s] Level 1:colcon.colcon_core.package_identification:_identify(lab_code/ch13_lab/__pycache__) by extension 'python_setup_py'
[1.723s] Level 1:colcon.colcon_core.package_identification:_identify(lab_code/ch13_lab/slam_bringup_lab) by extensions ['ignore', 'ignore_ament_install']
[1.723s] Level 1:colcon.colcon_core.package_identification:_identify(lab_code/ch13_lab/slam_bringup_lab) by extension 'ignore'
[1.725s] Level 1:colcon.colcon_core.package_identification:_identify(lab_code/ch13_lab/slam_bringup_lab) by extension 'ignore_ament_install'
[1.727s] Level 1:colcon.colcon_core.package_identification:_identify(lab_code/ch13_lab/slam_bringup_lab) by extensions ['colcon_pkg']
[1.727s] Level 1:colcon.colcon_core.package_identification:_identify(lab_code/ch13_lab/slam_bringup_lab) by extension 'colcon_pkg'
[1.728s] Level 1:colcon.colcon_core.package_identification:_identify(lab_code/ch13_lab/slam_bringup_lab) by extensions ['colcon_meta']
[1.728s] Level 1:colcon.colcon_core.package_identification:_identify(lab_code/ch13_lab/slam_bringup_lab) by extension 'colcon_meta'
[1.730s] Level 1:colcon.colcon_core.package_identification:_identify(lab_code/ch13_lab/slam_bringup_lab) by extensions ['ros']
[1.731s] Level 1:colcon.colcon_core.package_identification:_identify(lab_code/ch13_lab/slam_bringup_lab) by extension 'ros'
[1.744s] DEBUG:colcon.colcon_core.package_identification:Package 'lab_code/ch13_lab/slam_bringup_lab' with type 'ros.ament_python' and name 'slam_bringup_lab'
[1.747s] Level 1:colcon.colcon_core.package_identification:_identify(lab_code/ch14_lab) by extensions ['ignore', 'ignore_ament_install']
[1.748s] Level 1:colcon.colcon_core.package_identification:_identify(lab_code/ch14_lab) by extension 'ignore'
[1.749s] Level 1:colcon.colcon_core.package_identification:_identify(lab_code/ch14_lab) by extension 'ignore_ament_install'
[1.750s] Level 1:colcon.colcon_core.package_identification:_identify(lab_code/ch14_lab) by extensions ['colcon_pkg']
[1.750s] Level 1:colcon.colcon_core.package_identification:_identify(lab_code/ch14_lab) by extension 'colcon_pkg'
[1.751s] Level 1:colcon.colcon_core.package_identification:_identify(lab_code/ch14_lab) by extensions ['colcon_meta']
[1.751s] Level 1:colcon.colcon_core.package_identification:_identify(lab_code/ch14_lab) by extension 'colcon_meta'
[1.753s] Level 1:colcon.colcon_core.package_identification:_identify(lab_code/ch14_lab) by extensions ['ros']
[1.753s] Level 1:colcon.colcon_core.package_identification:_identify(lab_code/ch14_lab) by extension 'ros'
[1.769s] Level 1:colcon.colcon_core.package_identification:_identify(lab_code/ch14_lab) by extensions ['cmake', 'python']
[1.769s] Level 1:colcon.colcon_core.package_identification:_identify(lab_code/ch14_lab) by extension 'cmake'
[1.771s] Level 1:colcon.colcon_core.package_identification:_identify(lab_code/ch14_lab) by extension 'python'
[1.773s] Level 1:colcon.colcon_core.package_identification:_identify(lab_code/ch14_lab) by extensions ['python_setup_py']
[1.773s] Level 1:colcon.colcon_core.package_identification:_identify(lab_code/ch14_lab) by extension 'python_setup_py'
[1.781s] Level 1:colcon.colcon_core.package_identification:_identify(lab_code/ch14_lab/__pycache__) by extensions ['ignore', 'ignore_ament_install']
[1.781s] Level 1:colcon.colcon_core.package_identification:_identify(lab_code/ch14_lab/__pycache__) by extension 'ignore'
[1.783s] Level 1:colcon.colcon_core.package_identification:_identify(lab_code/ch14_lab/__pycache__) by extension 'ignore_ament_install'
[1.786s] Level 1:colcon.colcon_core.package_identification:_identify(lab_code/ch14_lab/__pycache__) by extensions ['colcon_pkg']
[1.787s] Level 1:colcon.colcon_core.package_identification:_identify(lab_code/ch14_lab/__pycache__) by extension 'colcon_pkg'
[1.789s] Level 1:colcon.colcon_core.package_identification:_identify(lab_code/ch14_lab/__pycache__) by extensions ['colcon_meta']
[1.789s] Level 1:colcon.colcon_core.package_identification:_identify(lab_code/ch14_lab/__pycache__) by extension 'colcon_meta'
[1.791s] Level 1:colcon.colcon_core.package_identification:_identify(lab_code/ch14_lab/__pycache__) by extensions ['ros']
[1.792s] Level 1:colcon.colcon_core.package_identification:_identify(lab_code/ch14_lab/__pycache__) by extension 'ros'
[1.797s] Level 1:colcon.colcon_core.package_identification:_identify(lab_code/ch14_lab/__pycache__) by extensions ['cmake', 'python']
[1.797s] Level 1:colcon.colcon_core.package_identification:_identify(lab_code/ch14_lab/__pycache__) by extension 'cmake'
[1.798s] Level 1:colcon.colcon_core.package_identification:_identify(lab_code/ch14_lab/__pycache__) by extension 'python'
[1.799s] Level 1:colcon.colcon_core.package_identification:_identify(lab_code/ch14_lab/__pycache__) by extensions ['python_setup_py']
[1.799s] Level 1:colcon.colcon_core.package_identification:_identify(lab_code/ch14_lab/__pycache__) by extension 'python_setup_py'
[1.803s] Level 1:colcon.colcon_core.package_identification:_identify(lab_code/ch14_lab/nav_bringup_lab) by extensions ['ignore', 'ignore_ament_install']
[1.803s] Level 1:colcon.colcon_core.package_identification:_identify(lab_code/ch14_lab/nav_bringup_lab) by extension 'ignore'
[1.804s] Level 1:colcon.colcon_core.package_identification:_identify(lab_code/ch14_lab/nav_bringup_lab) by extension 'ignore_ament_install'
[1.806s] Level 1:colcon.colcon_core.package_identification:_identify(lab_code/ch14_lab/nav_bringup_lab) by extensions ['colcon_pkg']
[1.806s] Level 1:colcon.colcon_core.package_identification:_identify(lab_code/ch14_lab/nav_bringup_lab) by extension 'colcon_pkg'
[1.807s] Level 1:colcon.colcon_core.package_identification:_identify(lab_code/ch14_lab/nav_bringup_lab) by extensions ['colcon_meta']
[1.807s] Level 1:colcon.colcon_core.package_identification:_identify(lab_code/ch14_lab/nav_bringup_lab) by extension 'colcon_meta'
[1.809s] Level 1:colcon.colcon_core.package_identification:_identify(lab_code/ch14_lab/nav_bringup_lab) by extensions ['ros']
[1.809s] Level 1:colcon.colcon_core.package_identification:_identify(lab_code/ch14_lab/nav_bringup_lab) by extension 'ros'
[1.829s] DEBUG:colcon.colcon_core.package_identification:Package 'lab_code/ch14_lab/nav_bringup_lab' with type 'ros.ament_python' and name 'nav_bringup_lab'
[1.831s] Level 1:colcon.colcon_core.package_identification:_identify(lab_code/ch15_lab) by extensions ['ignore', 'ignore_ament_install']
[1.831s] Level 1:colcon.colcon_core.package_identification:_identify(lab_code/ch15_lab) by extension 'ignore'
[1.832s] Level 1:colcon.colcon_core.package_identification:_identify(lab_code/ch15_lab) by extension 'ignore_ament_install'
[1.833s] Level 1:colcon.colcon_core.package_identification:_identify(lab_code/ch15_lab) by extensions ['colcon_pkg']
[1.834s] Level 1:colcon.colcon_core.package_identification:_identify(lab_code/ch15_lab) by extension 'colcon_pkg'
[1.834s] Level 1:colcon.colcon_core.package_identification:_identify(lab_code/ch15_lab) by extensions ['colcon_meta']
[1.834s] Level 1:colcon.colcon_core.package_identification:_identify(lab_code/ch15_lab) by extension 'colcon_meta'
[1.835s] Level 1:colcon.colcon_core.package_identification:_identify(lab_code/ch15_lab) by extensions ['ros']
[1.835s] Level 1:colcon.colcon_core.package_identification:_identify(lab_code/ch15_lab) by extension 'ros'
[1.839s] Level 1:colcon.colcon_core.package_identification:_identify(lab_code/ch15_lab) by extensions ['cmake', 'python']
[1.839s] Level 1:colcon.colcon_core.package_identification:_identify(lab_code/ch15_lab) by extension 'cmake'
[1.840s] Level 1:colcon.colcon_core.package_identification:_identify(lab_code/ch15_lab) by extension 'python'
[1.842s] Level 1:colcon.colcon_core.package_identification:_identify(lab_code/ch15_lab) by extensions ['python_setup_py']
[1.842s] Level 1:colcon.colcon_core.package_identification:_identify(lab_code/ch15_lab) by extension 'python_setup_py'
[1.849s] Level 1:colcon.colcon_core.package_identification:_identify(lab_code/ch15_lab/arm_joint_pub_lab) by extensions ['ignore', 'ignore_ament_install']
[1.850s] Level 1:colcon.colcon_core.package_identification:_identify(lab_code/ch15_lab/arm_joint_pub_lab) by extension 'ignore'
[1.851s] Level 1:colcon.colcon_core.package_identification:_identify(lab_code/ch15_lab/arm_joint_pub_lab) by extension 'ignore_ament_install'
[1.854s] Level 1:colcon.colcon_core.package_identification:_identify(lab_code/ch15_lab/arm_joint_pub_lab) by extensions ['colcon_pkg']
[1.855s] Level 1:colcon.colcon_core.package_identification:_identify(lab_code/ch15_lab/arm_joint_pub_lab) by extension 'colcon_pkg'
[1.856s] Level 1:colcon.colcon_core.package_identification:_identify(lab_code/ch15_lab/arm_joint_pub_lab) by extensions ['colcon_meta']
[1.857s] Level 1:colcon.colcon_core.package_identification:_identify(lab_code/ch15_lab/arm_joint_pub_lab) by extension 'colcon_meta'
[1.860s] Level 1:colcon.colcon_core.package_identification:_identify(lab_code/ch15_lab/arm_joint_pub_lab) by extensions ['ros']
[1.860s] Level 1:colcon.colcon_core.package_identification:_identify(lab_code/ch15_lab/arm_joint_pub_lab) by extension 'ros'
[1.881s] DEBUG:colcon.colcon_core.package_identification:Package 'lab_code/ch15_lab/arm_joint_pub_lab' with type 'ros.ament_python' and name 'arm_joint_pub_lab'
[1.893s] Level 1:colcon.colcon_core.package_identification:_identify(lab_code/ch15_lab/checker3) by extensions ['ignore', 'ignore_ament_install']
[1.893s] Level 1:colcon.colcon_core.package_identification:_identify(lab_code/ch15_lab/checker3) by extension 'ignore'
[1.896s] Level 1:colcon.colcon_core.package_identification:_identify(lab_code/ch15_lab/checker3) by extension 'ignore_ament_install'
[1.900s] Level 1:colcon.colcon_core.package_identification:_identify(lab_code/ch15_lab/checker3) by extensions ['colcon_pkg']
[1.900s] Level 1:colcon.colcon_core.package_identification:_identify(lab_code/ch15_lab/checker3) by extension 'colcon_pkg'
[1.903s] Level 1:colcon.colcon_core.package_identification:_identify(lab_code/ch15_lab/checker3) by extensions ['colcon_meta']
[1.903s] Level 1:colcon.colcon_core.package_identification:_identify(lab_code/ch15_lab/checker3) by extension 'colcon_meta'
[1.907s] Level 1:colcon.colcon_core.package_identification:_identify(lab_code/ch15_lab/checker3) by extensions ['ros']
[1.907s] Level 1:colcon.colcon_core.package_identification:_identify(lab_code/ch15_lab/checker3) by extension 'ros'
[1.919s] Level 1:colcon.colcon_core.package_identification:_identify(lab_code/ch15_lab/checker3) by extensions ['cmake', 'python']
[1.920s] Level 1:colcon.colcon_core.package_identification:_identify(lab_code/ch15_lab/checker3) by extension 'cmake'
[1.922s] Level 1:colcon.colcon_core.package_identification:_identify(lab_code/ch15_lab/checker3) by extension 'python'
[1.924s] Level 1:colcon.colcon_core.package_identification:_identify(lab_code/ch15_lab/checker3) by extensions ['python_setup_py']
[1.924s] Level 1:colcon.colcon_core.package_identification:_identify(lab_code/ch15_lab/checker3) by extension 'python_setup_py'
[1.932s] Level 1:colcon.colcon_core.package_identification:_identify(lab_code/ch16_lab) by extensions ['ignore', 'ignore_ament_install']
[1.932s] Level 1:colcon.colcon_core.package_identification:_identify(lab_code/ch16_lab) by extension 'ignore'
[1.934s] Level 1:colcon.colcon_core.package_identification:_identify(lab_code/ch16_lab) by extension 'ignore_ament_install'
[1.936s] Level 1:colcon.colcon_core.package_identification:_identify(lab_code/ch16_lab) by extensions ['colcon_pkg']
[1.936s] Level 1:colcon.colcon_core.package_identification:_identify(lab_code/ch16_lab) by extension 'colcon_pkg'
[1.938s] Level 1:colcon.colcon_core.package_identification:_identify(lab_code/ch16_lab) by extensions ['colcon_meta']
[1.938s] Level 1:colcon.colcon_core.package_identification:_identify(lab_code/ch16_lab) by extension 'colcon_meta'
[1.940s] Level 1:colcon.colcon_core.package_identification:_identify(lab_code/ch16_lab) by extensions ['ros']
[1.941s] Level 1:colcon.colcon_core.package_identification:_identify(lab_code/ch16_lab) by extension 'ros'
[1.950s] Level 1:colcon.colcon_core.package_identification:_identify(lab_code/ch16_lab) by extensions ['cmake', 'python']
[1.950s] Level 1:colcon.colcon_core.package_identification:_identify(lab_code/ch16_lab) by extension 'cmake'
[1.951s] Level 1:colcon.colcon_core.package_identification:_identify(lab_code/ch16_lab) by extension 'python'
[1.952s] Level 1:colcon.colcon_core.package_identification:_identify(lab_code/ch16_lab) by extensions ['python_setup_py']
[1.952s] Level 1:colcon.colcon_core.package_identification:_identify(lab_code/ch16_lab) by extension 'python_setup_py'
[1.960s] Level 1:colcon.colcon_core.package_identification:_identify(lab_code/ch16_lab/arm_state_publisher) by extensions ['ignore', 'ignore_ament_install']
[1.961s] Level 1:colcon.colcon_core.package_identification:_identify(lab_code/ch16_lab/arm_state_publisher) by extension 'ignore'
[1.962s] Level 1:colcon.colcon_core.package_identification:_identify(lab_code/ch16_lab/arm_state_publisher) by extension 'ignore_ament_install'
[1.965s] Level 1:colcon.colcon_core.package_identification:_identify(lab_code/ch16_lab/arm_state_publisher) by extensions ['colcon_pkg']
[1.966s] Level 1:colcon.colcon_core.package_identification:_identify(lab_code/ch16_lab/arm_state_publisher) by extension 'colcon_pkg'
[1.967s] Level 1:colcon.colcon_core.package_identification:_identify(lab_code/ch16_lab/arm_state_publisher) by extensions ['colcon_meta']
[1.967s] Level 1:colcon.colcon_core.package_identification:_identify(lab_code/ch16_lab/arm_state_publisher) by extension 'colcon_meta'
[1.976s] Level 1:colcon.colcon_core.package_identification:_identify(lab_code/ch16_lab/arm_state_publisher) by extensions ['ros']
[1.978s] Level 1:colcon.colcon_core.package_identification:_identify(lab_code/ch16_lab/arm_state_publisher) by extension 'ros'
[1.985s] Level 1:colcon.colcon_core.package_identification:_identify(lab_code/ch16_lab/arm_state_publisher) by extensions ['cmake', 'python']
[1.985s] Level 1:colcon.colcon_core.package_identification:_identify(lab_code/ch16_lab/arm_state_publisher) by extension 'cmake'
[1.987s] Level 1:colcon.colcon_core.package_identification:_identify(lab_code/ch16_lab/arm_state_publisher) by extension 'python'
[1.989s] Level 1:colcon.colcon_core.package_identification:_identify(lab_code/ch16_lab/arm_state_publisher) by extensions ['python_setup_py']
[1.989s] Level 1:colcon.colcon_core.package_identification:_identify(lab_code/ch16_lab/arm_state_publisher) by extension 'python_setup_py'
[1.999s] Level 1:colcon.colcon_core.package_identification:_identify(lab_code/ch16_lab/arm_state_publisher/__pycache__) by extensions ['ignore', 'ignore_ament_install']
[1.999s] Level 1:colcon.colcon_core.package_identification:_identify(lab_code/ch16_lab/arm_state_publisher/__pycache__) by extension 'ignore'
[2.002s] Level 1:colcon.colcon_core.package_identification:_identify(lab_code/ch16_lab/arm_state_publisher/__pycache__) by extension 'ignore_ament_install'
[2.005s] Level 1:colcon.colcon_core.package_identification:_identify(lab_code/ch16_lab/arm_state_publisher/__pycache__) by extensions ['colcon_pkg']
[2.006s] Level 1:colcon.colcon_core.package_identification:_identify(lab_code/ch16_lab/arm_state_publisher/__pycache__) by extension 'colcon_pkg'
[2.007s] Level 1:colcon.colcon_core.package_identification:_identify(lab_code/ch16_lab/arm_state_publisher/__pycache__) by extensions ['colcon_meta']
[2.007s] Level 1:colcon.colcon_core.package_identification:_identify(lab_code/ch16_lab/arm_state_publisher/__pycache__) by extension 'colcon_meta'
[2.011s] Level 1:colcon.colcon_core.package_identification:_identify(lab_code/ch16_lab/arm_state_publisher/__pycache__) by extensions ['ros']
[2.011s] Level 1:colcon.colcon_core.package_identification:_identify(lab_code/ch16_lab/arm_state_publisher/__pycache__) by extension 'ros'
[2.019s] Level 1:colcon.colcon_core.package_identification:_identify(lab_code/ch16_lab/arm_state_publisher/__pycache__) by extensions ['cmake', 'python']
[2.019s] Level 1:colcon.colcon_core.package_identification:_identify(lab_code/ch16_lab/arm_state_publisher/__pycache__) by extension 'cmake'
[2.020s] Level 1:colcon.colcon_core.package_identification:_identify(lab_code/ch16_lab/arm_state_publisher/__pycache__) by extension 'python'
[2.022s] Level 1:colcon.colcon_core.package_identification:_identify(lab_code/ch16_lab/arm_state_publisher/__pycache__) by extensions ['python_setup_py']
[2.022s] Level 1:colcon.colcon_core.package_identification:_identify(lab_code/ch16_lab/arm_state_publisher/__pycache__) by extension 'python_setup_py'
[2.031s] Level 1:colcon.colcon_core.package_identification:_identify(lab_code/ch16_lab/arm_urdf) by extensions ['ignore', 'ignore_ament_install']
[2.033s] Level 1:colcon.colcon_core.package_identification:_identify(lab_code/ch16_lab/arm_urdf) by extension 'ignore'
[2.035s] Level 1:colcon.colcon_core.package_identification:_identify(lab_code/ch16_lab/arm_urdf) by extension 'ignore_ament_install'
[2.037s] Level 1:colcon.colcon_core.package_identification:_identify(lab_code/ch16_lab/arm_urdf) by extensions ['colcon_pkg']
[2.037s] Level 1:colcon.colcon_core.package_identification:_identify(lab_code/ch16_lab/arm_urdf) by extension 'colcon_pkg'
[2.039s] Level 1:colcon.colcon_core.package_identification:_identify(lab_code/ch16_lab/arm_urdf) by extensions ['colcon_meta']
[2.039s] Level 1:colcon.colcon_core.package_identification:_identify(lab_code/ch16_lab/arm_urdf) by extension 'colcon_meta'
[2.041s] Level 1:colcon.colcon_core.package_identification:_identify(lab_code/ch16_lab/arm_urdf) by extensions ['ros']
[2.043s] Level 1:colcon.colcon_core.package_identification:_identify(lab_code/ch16_lab/arm_urdf) by extension 'ros'
[2.048s] Level 1:colcon.colcon_core.package_identification:_identify(lab_code/ch16_lab/arm_urdf) by extensions ['cmake', 'python']
[2.048s] Level 1:colcon.colcon_core.package_identification:_identify(lab_code/ch16_lab/arm_urdf) by extension 'cmake'
[2.048s] Level 1:colcon.colcon_core.package_identification:_identify(lab_code/ch16_lab/arm_urdf) by extension 'python'
[2.049s] Level 1:colcon.colcon_core.package_identification:_identify(lab_code/ch16_lab/arm_urdf) by extensions ['python_setup_py']
[2.049s] Level 1:colcon.colcon_core.package_identification:_identify(lab_code/ch16_lab/arm_urdf) by extension 'python_setup_py'
[2.054s] Level 1:colcon.colcon_core.package_identification:_identify(lab_code/ch16_lab/arm_urdf/launch) by extensions ['ignore', 'ignore_ament_install']
[2.054s] Level 1:colcon.colcon_core.package_identification:_identify(lab_code/ch16_lab/arm_urdf/launch) by extension 'ignore'
[2.055s] Level 1:colcon.colcon_core.package_identification:_identify(lab_code/ch16_lab/arm_urdf/launch) by extension 'ignore_ament_install'
[2.057s] Level 1:colcon.colcon_core.package_identification:_identify(lab_code/ch16_lab/arm_urdf/launch) by extensions ['colcon_pkg']
[2.058s] Level 1:colcon.colcon_core.package_identification:_identify(lab_code/ch16_lab/arm_urdf/launch) by extension 'colcon_pkg'
[2.058s] Level 1:colcon.colcon_core.package_identification:_identify(lab_code/ch16_lab/arm_urdf/launch) by extensions ['colcon_meta']
[2.059s] Level 1:colcon.colcon_core.package_identification:_identify(lab_code/ch16_lab/arm_urdf/launch) by extension 'colcon_meta'
[2.061s] Level 1:colcon.colcon_core.package_identification:_identify(lab_code/ch16_lab/arm_urdf/launch) by extensions ['ros']
[2.061s] Level 1:colcon.colcon_core.package_identification:_identify(lab_code/ch16_lab/arm_urdf/launch) by extension 'ros'
[2.065s] Level 1:colcon.colcon_core.package_identification:_identify(lab_code/ch16_lab/arm_urdf/launch) by extensions ['cmake', 'python']
[2.065s] Level 1:colcon.colcon_core.package_identification:_identify(lab_code/ch16_lab/arm_urdf/launch) by extension 'cmake'
[2.066s] Level 1:colcon.colcon_core.package_identification:_identify(lab_code/ch16_lab/arm_urdf/launch) by extension 'python'
[2.067s] Level 1:colcon.colcon_core.package_identification:_identify(lab_code/ch16_lab/arm_urdf/launch) by extensions ['python_setup_py']
[2.067s] Level 1:colcon.colcon_core.package_identification:_identify(lab_code/ch16_lab/arm_urdf/launch) by extension 'python_setup_py'
[2.081s] Level 1:colcon.colcon_core.package_identification:_identify(lab_code/ch16_lab/arm_urdf/launch/__pycache__) by extensions ['ignore', 'ignore_ament_install']
[2.081s] Level 1:colcon.colcon_core.package_identification:_identify(lab_code/ch16_lab/arm_urdf/launch/__pycache__) by extension 'ignore'
[2.082s] Level 1:colcon.colcon_core.package_identification:_identify(lab_code/ch16_lab/arm_urdf/launch/__pycache__) by extension 'ignore_ament_install'
[2.087s] Level 1:colcon.colcon_core.package_identification:_identify(lab_code/ch16_lab/arm_urdf/launch/__pycache__) by extensions ['colcon_pkg']
[2.088s] Level 1:colcon.colcon_core.package_identification:_identify(lab_code/ch16_lab/arm_urdf/launch/__pycache__) by extension 'colcon_pkg'
[2.090s] Level 1:colcon.colcon_core.package_identification:_identify(lab_code/ch16_lab/arm_urdf/launch/__pycache__) by extensions ['colcon_meta']
[2.091s] Level 1:colcon.colcon_core.package_identification:_identify(lab_code/ch16_lab/arm_urdf/launch/__pycache__) by extension 'colcon_meta'
[2.097s] Level 1:colcon.colcon_core.package_identification:_identify(lab_code/ch16_lab/arm_urdf/launch/__pycache__) by extensions ['ros']
[2.097s] Level 1:colcon.colcon_core.package_identification:_identify(lab_code/ch16_lab/arm_urdf/launch/__pycache__) by extension 'ros'
[2.113s] Level 1:colcon.colcon_core.package_identification:_identify(lab_code/ch16_lab/arm_urdf/launch/__pycache__) by extensions ['cmake', 'python']
[2.114s] Level 1:colcon.colcon_core.package_identification:_identify(lab_code/ch16_lab/arm_urdf/launch/__pycache__) by extension 'cmake'
[2.120s] Level 1:colcon.colcon_core.package_identification:_identify(lab_code/ch16_lab/arm_urdf/launch/__pycache__) by extension 'python'
[2.122s] Level 1:colcon.colcon_core.package_identification:_identify(lab_code/ch16_lab/arm_urdf/launch/__pycache__) by extensions ['python_setup_py']
[2.123s] Level 1:colcon.colcon_core.package_identification:_identify(lab_code/ch16_lab/arm_urdf/launch/__pycache__) by extension 'python_setup_py'
[2.133s] Level 1:colcon.colcon_core.package_identification:_identify(lab_code/ch16_lab/arm_urdf/urdf) by extensions ['ignore', 'ignore_ament_install']
[2.133s] Level 1:colcon.colcon_core.package_identification:_identify(lab_code/ch16_lab/arm_urdf/urdf) by extension 'ignore'
[2.136s] Level 1:colcon.colcon_core.package_identification:_identify(lab_code/ch16_lab/arm_urdf/urdf) by extension 'ignore_ament_install'
[2.140s] Level 1:colcon.colcon_core.package_identification:_identify(lab_code/ch16_lab/arm_urdf/urdf) by extensions ['colcon_pkg']
[2.140s] Level 1:colcon.colcon_core.package_identification:_identify(lab_code/ch16_lab/arm_urdf/urdf) by extension 'colcon_pkg'
[2.142s] Level 1:colcon.colcon_core.package_identification:_identify(lab_code/ch16_lab/arm_urdf/urdf) by extensions ['colcon_meta']
[2.143s] Level 1:colcon.colcon_core.package_identification:_identify(lab_code/ch16_lab/arm_urdf/urdf) by extension 'colcon_meta'
[2.148s] Level 1:colcon.colcon_core.package_identification:_identify(lab_code/ch16_lab/arm_urdf/urdf) by extensions ['ros']
[2.148s] Level 1:colcon.colcon_core.package_identification:_identify(lab_code/ch16_lab/arm_urdf/urdf) by extension 'ros'
[2.159s] Level 1:colcon.colcon_core.package_identification:_identify(lab_code/ch16_lab/arm_urdf/urdf) by extensions ['cmake', 'python']
[2.159s] Level 1:colcon.colcon_core.package_identification:_identify(lab_code/ch16_lab/arm_urdf/urdf) by extension 'cmake'
[2.162s] Level 1:colcon.colcon_core.package_identification:_identify(lab_code/ch16_lab/arm_urdf/urdf) by extension 'python'
[2.165s] Level 1:colcon.colcon_core.package_identification:_identify(lab_code/ch16_lab/arm_urdf/urdf) by extensions ['python_setup_py']
[2.165s] Level 1:colcon.colcon_core.package_identification:_identify(lab_code/ch16_lab/arm_urdf/urdf) by extension 'python_setup_py'
[2.176s] Level 1:colcon.colcon_core.package_identification:_identify(lab_code/ch17_lab) by extensions ['ignore', 'ignore_ament_install']
[2.178s] Level 1:colcon.colcon_core.package_identification:_identify(lab_code/ch17_lab) by extension 'ignore'
[2.183s] Level 1:colcon.colcon_core.package_identification:_identify(lab_code/ch17_lab) by extension 'ignore_ament_install'
[2.186s] Level 1:colcon.colcon_core.package_identification:_identify(lab_code/ch17_lab) by extensions ['colcon_pkg']
[2.187s] Level 1:colcon.colcon_core.package_identification:_identify(lab_code/ch17_lab) by extension 'colcon_pkg'
[2.188s] Level 1:colcon.colcon_core.package_identification:_identify(lab_code/ch17_lab) by extensions ['colcon_meta']
[2.189s] Level 1:colcon.colcon_core.package_identification:_identify(lab_code/ch17_lab) by extension 'colcon_meta'
[2.190s] Level 1:colcon.colcon_core.package_identification:_identify(lab_code/ch17_lab) by extensions ['ros']
[2.191s] Level 1:colcon.colcon_core.package_identification:_identify(lab_code/ch17_lab) by extension 'ros'
[2.196s] Level 1:colcon.colcon_core.package_identification:_identify(lab_code/ch17_lab) by extensions ['cmake', 'python']
[2.196s] Level 1:colcon.colcon_core.package_identification:_identify(lab_code/ch17_lab) by extension 'cmake'
[2.197s] Level 1:colcon.colcon_core.package_identification:_identify(lab_code/ch17_lab) by extension 'python'
[2.199s] Level 1:colcon.colcon_core.package_identification:_identify(lab_code/ch17_lab) by extensions ['python_setup_py']
[2.199s] Level 1:colcon.colcon_core.package_identification:_identify(lab_code/ch17_lab) by extension 'python_setup_py'
[2.212s] Level 1:colcon.colcon_core.package_identification:_identify(lab_code/ch17_lab/__pycache__) by extensions ['ignore', 'ignore_ament_install']
[2.212s] Level 1:colcon.colcon_core.package_identification:_identify(lab_code/ch17_lab/__pycache__) by extension 'ignore'
[2.214s] Level 1:colcon.colcon_core.package_identification:_identify(lab_code/ch17_lab/__pycache__) by extension 'ignore_ament_install'
[2.218s] Level 1:colcon.colcon_core.package_identification:_identify(lab_code/ch17_lab/__pycache__) by extensions ['colcon_pkg']
[2.219s] Level 1:colcon.colcon_core.package_identification:_identify(lab_code/ch17_lab/__pycache__) by extension 'colcon_pkg'
[2.221s] Level 1:colcon.colcon_core.package_identification:_identify(lab_code/ch17_lab/__pycache__) by extensions ['colcon_meta']
[2.221s] Level 1:colcon.colcon_core.package_identification:_identify(lab_code/ch17_lab/__pycache__) by extension 'colcon_meta'
[2.225s] Level 1:colcon.colcon_core.package_identification:_identify(lab_code/ch17_lab/__pycache__) by extensions ['ros']
[2.225s] Level 1:colcon.colcon_core.package_identification:_identify(lab_code/ch17_lab/__pycache__) by extension 'ros'
[2.233s] Level 1:colcon.colcon_core.package_identification:_identify(lab_code/ch17_lab/__pycache__) by extensions ['cmake', 'python']
[2.233s] Level 1:colcon.colcon_core.package_identification:_identify(lab_code/ch17_lab/__pycache__) by extension 'cmake'
[2.235s] Level 1:colcon.colcon_core.package_identification:_identify(lab_code/ch17_lab/__pycache__) by extension 'python'
[2.237s] Level 1:colcon.colcon_core.package_identification:_identify(lab_code/ch17_lab/__pycache__) by extensions ['python_setup_py']
[2.237s] Level 1:colcon.colcon_core.package_identification:_identify(lab_code/ch17_lab/__pycache__) by extension 'python_setup_py'
[2.245s] Level 1:colcon.colcon_core.package_identification:_identify(lab_code/ch17_lab/moveit_fk_ik_lab) by extensions ['ignore', 'ignore_ament_install']
[2.247s] Level 1:colcon.colcon_core.package_identification:_identify(lab_code/ch17_lab/moveit_fk_ik_lab) by extension 'ignore'
[2.251s] Level 1:colcon.colcon_core.package_identification:_identify(lab_code/ch17_lab/moveit_fk_ik_lab) by extension 'ignore_ament_install'
[2.254s] Level 1:colcon.colcon_core.package_identification:_identify(lab_code/ch17_lab/moveit_fk_ik_lab) by extensions ['colcon_pkg']
[2.255s] Level 1:colcon.colcon_core.package_identification:_identify(lab_code/ch17_lab/moveit_fk_ik_lab) by extension 'colcon_pkg'
[2.256s] Level 1:colcon.colcon_core.package_identification:_identify(lab_code/ch17_lab/moveit_fk_ik_lab) by extensions ['colcon_meta']
[2.257s] Level 1:colcon.colcon_core.package_identification:_identify(lab_code/ch17_lab/moveit_fk_ik_lab) by extension 'colcon_meta'
[2.260s] Level 1:colcon.colcon_core.package_identification:_identify(lab_code/ch17_lab/moveit_fk_ik_lab) by extensions ['ros']
[2.261s] Level 1:colcon.colcon_core.package_identification:_identify(lab_code/ch17_lab/moveit_fk_ik_lab) by extension 'ros'
[2.278s] DEBUG:colcon.colcon_core.package_identification:Package 'lab_code/ch17_lab/moveit_fk_ik_lab' with type 'ros.ament_python' and name 'moveit_fk_ik_lab'
[2.281s] Level 1:colcon.colcon_core.package_identification:_identify(lab_code/ch18_lab) by extensions ['ignore', 'ignore_ament_install']
[2.282s] Level 1:colcon.colcon_core.package_identification:_identify(lab_code/ch18_lab) by extension 'ignore'
[2.283s] Level 1:colcon.colcon_core.package_identification:_identify(lab_code/ch18_lab) by extension 'ignore_ament_install'
[2.284s] Level 1:colcon.colcon_core.package_identification:_identify(lab_code/ch18_lab) by extensions ['colcon_pkg']
[2.285s] Level 1:colcon.colcon_core.package_identification:_identify(lab_code/ch18_lab) by extension 'colcon_pkg'
[2.286s] Level 1:colcon.colcon_core.package_identification:_identify(lab_code/ch18_lab) by extensions ['colcon_meta']
[2.286s] Level 1:colcon.colcon_core.package_identification:_identify(lab_code/ch18_lab) by extension 'colcon_meta'
[2.291s] Level 1:colcon.colcon_core.package_identification:_identify(lab_code/ch18_lab) by extensions ['ros']
[2.291s] Level 1:colcon.colcon_core.package_identification:_identify(lab_code/ch18_lab) by extension 'ros'
[2.297s] Level 1:colcon.colcon_core.package_identification:_identify(lab_code/ch18_lab) by extensions ['cmake', 'python']
[2.297s] Level 1:colcon.colcon_core.package_identification:_identify(lab_code/ch18_lab) by extension 'cmake'
[2.298s] Level 1:colcon.colcon_core.package_identification:_identify(lab_code/ch18_lab) by extension 'python'
[2.300s] Level 1:colcon.colcon_core.package_identification:_identify(lab_code/ch18_lab) by extensions ['python_setup_py']
[2.300s] Level 1:colcon.colcon_core.package_identification:_identify(lab_code/ch18_lab) by extension 'python_setup_py'
[2.308s] Level 1:colcon.colcon_core.package_identification:_identify(lab_code/ch18_lab/moveit_pick_place_lab) by extensions ['ignore', 'ignore_ament_install']
[2.308s] Level 1:colcon.colcon_core.package_identification:_identify(lab_code/ch18_lab/moveit_pick_place_lab) by extension 'ignore'
[2.310s] Level 1:colcon.colcon_core.package_identification:_identify(lab_code/ch18_lab/moveit_pick_place_lab) by extension 'ignore_ament_install'
[2.314s] Level 1:colcon.colcon_core.package_identification:_identify(lab_code/ch18_lab/moveit_pick_place_lab) by extensions ['colcon_pkg']
[2.314s] Level 1:colcon.colcon_core.package_identification:_identify(lab_code/ch18_lab/moveit_pick_place_lab) by extension 'colcon_pkg'
[2.317s] Level 1:colcon.colcon_core.package_identification:_identify(lab_code/ch18_lab/moveit_pick_place_lab) by extensions ['colcon_meta']
[2.317s] Level 1:colcon.colcon_core.package_identification:_identify(lab_code/ch18_lab/moveit_pick_place_lab) by extension 'colcon_meta'
[2.320s] Level 1:colcon.colcon_core.package_identification:_identify(lab_code/ch18_lab/moveit_pick_place_lab) by extensions ['ros']
[2.321s] Level 1:colcon.colcon_core.package_identification:_identify(lab_code/ch18_lab/moveit_pick_place_lab) by extension 'ros'
[2.346s] DEBUG:colcon.colcon_core.package_identification:Package 'lab_code/ch18_lab/moveit_pick_place_lab' with type 'ros.ament_python' and name 'moveit_pick_place_lab'
[2.350s] Level 1:colcon.colcon_core.package_identification:_identify(lab_code/ch19_lab) by extensions ['ignore', 'ignore_ament_install']
[2.350s] Level 1:colcon.colcon_core.package_identification:_identify(lab_code/ch19_lab) by extension 'ignore'
[2.351s] Level 1:colcon.colcon_core.package_identification:_identify(lab_code/ch19_lab) by extension 'ignore_ament_install'
[2.353s] Level 1:colcon.colcon_core.package_identification:_identify(lab_code/ch19_lab) by extensions ['colcon_pkg']
[2.354s] Level 1:colcon.colcon_core.package_identification:_identify(lab_code/ch19_lab) by extension 'colcon_pkg'
[2.355s] Level 1:colcon.colcon_core.package_identification:_identify(lab_code/ch19_lab) by extensions ['colcon_meta']
[2.355s] Level 1:colcon.colcon_core.package_identification:_identify(lab_code/ch19_lab) by extension 'colcon_meta'
[2.356s] Level 1:colcon.colcon_core.package_identification:_identify(lab_code/ch19_lab) by extensions ['ros']
[2.356s] Level 1:colcon.colcon_core.package_identification:_identify(lab_code/ch19_lab) by extension 'ros'
[2.361s] Level 1:colcon.colcon_core.package_identification:_identify(lab_code/ch19_lab) by extensions ['cmake', 'python']
[2.362s] Level 1:colcon.colcon_core.package_identification:_identify(lab_code/ch19_lab) by extension 'cmake'
[2.363s] Level 1:colcon.colcon_core.package_identification:_identify(lab_code/ch19_lab) by extension 'python'
[2.365s] Level 1:colcon.colcon_core.package_identification:_identify(lab_code/ch19_lab) by extensions ['python_setup_py']
[2.365s] Level 1:colcon.colcon_core.package_identification:_identify(lab_code/ch19_lab) by extension 'python_setup_py'
[2.376s] Level 1:colcon.colcon_core.package_identification:_identify(lab_code/ch19_lab/vision_detection_lab) by extensions ['ignore', 'ignore_ament_install']
[2.377s] Level 1:colcon.colcon_core.package_identification:_identify(lab_code/ch19_lab/vision_detection_lab) by extension 'ignore'
[2.379s] Level 1:colcon.colcon_core.package_identification:_identify(lab_code/ch19_lab/vision_detection_lab) by extension 'ignore_ament_install'
[2.384s] Level 1:colcon.colcon_core.package_identification:_identify(lab_code/ch19_lab/vision_detection_lab) by extensions ['colcon_pkg']
[2.384s] Level 1:colcon.colcon_core.package_identification:_identify(lab_code/ch19_lab/vision_detection_lab) by extension 'colcon_pkg'
[2.386s] Level 1:colcon.colcon_core.package_identification:_identify(lab_code/ch19_lab/vision_detection_lab) by extensions ['colcon_meta']
[2.387s] Level 1:colcon.colcon_core.package_identification:_identify(lab_code/ch19_lab/vision_detection_lab) by extension 'colcon_meta'
[2.396s] Level 1:colcon.colcon_core.package_identification:_identify(lab_code/ch19_lab/vision_detection_lab) by extensions ['ros']
[2.396s] Level 1:colcon.colcon_core.package_identification:_identify(lab_code/ch19_lab/vision_detection_lab) by extension 'ros'
[2.414s] DEBUG:colcon.colcon_core.package_identification:Package 'lab_code/ch19_lab/vision_detection_lab' with type 'ros.ament_python' and name 'vision_detection_lab'
[2.419s] Level 1:colcon.colcon_core.package_identification:_identify(lab_code/ch20_lab) by extensions ['ignore', 'ignore_ament_install']
[2.419s] Level 1:colcon.colcon_core.package_identification:_identify(lab_code/ch20_lab) by extension 'ignore'
[2.421s] Level 1:colcon.colcon_core.package_identification:_identify(lab_code/ch20_lab) by extension 'ignore_ament_install'
[2.424s] Level 1:colcon.colcon_core.package_identification:_identify(lab_code/ch20_lab) by extensions ['colcon_pkg']
[2.425s] Level 1:colcon.colcon_core.package_identification:_identify(lab_code/ch20_lab) by extension 'colcon_pkg'
[2.426s] Level 1:colcon.colcon_core.package_identification:_identify(lab_code/ch20_lab) by extensions ['colcon_meta']
[2.426s] Level 1:colcon.colcon_core.package_identification:_identify(lab_code/ch20_lab) by extension 'colcon_meta'
[2.428s] Level 1:colcon.colcon_core.package_identification:_identify(lab_code/ch20_lab) by extensions ['ros']
[2.428s] Level 1:colcon.colcon_core.package_identification:_identify(lab_code/ch20_lab) by extension 'ros'
[2.437s] Level 1:colcon.colcon_core.package_identification:_identify(lab_code/ch20_lab) by extensions ['cmake', 'python']
[2.438s] Level 1:colcon.colcon_core.package_identification:_identify(lab_code/ch20_lab) by extension 'cmake'
[2.439s] Level 1:colcon.colcon_core.package_identification:_identify(lab_code/ch20_lab) by extension 'python'
[2.440s] Level 1:colcon.colcon_core.package_identification:_identify(lab_code/ch20_lab) by extensions ['python_setup_py']
[2.440s] Level 1:colcon.colcon_core.package_identification:_identify(lab_code/ch20_lab) by extension 'python_setup_py'
[2.447s] Level 1:colcon.colcon_core.package_identification:_identify(lab_code/ch20_lab/vision_llm_demo) by extensions ['ignore', 'ignore_ament_install']
[2.447s] Level 1:colcon.colcon_core.package_identification:_identify(lab_code/ch20_lab/vision_llm_demo) by extension 'ignore'
[2.448s] Level 1:colcon.colcon_core.package_identification:_identify(lab_code/ch20_lab/vision_llm_demo) by extension 'ignore_ament_install'
[2.450s] Level 1:colcon.colcon_core.package_identification:_identify(lab_code/ch20_lab/vision_llm_demo) by extensions ['colcon_pkg']
[2.450s] Level 1:colcon.colcon_core.package_identification:_identify(lab_code/ch20_lab/vision_llm_demo) by extension 'colcon_pkg'
[2.451s] Level 1:colcon.colcon_core.package_identification:_identify(lab_code/ch20_lab/vision_llm_demo) by extensions ['colcon_meta']
[2.452s] Level 1:colcon.colcon_core.package_identification:_identify(lab_code/ch20_lab/vision_llm_demo) by extension 'colcon_meta'
[2.453s] Level 1:colcon.colcon_core.package_identification:_identify(lab_code/ch20_lab/vision_llm_demo) by extensions ['ros']
[2.453s] Level 1:colcon.colcon_core.package_identification:_identify(lab_code/ch20_lab/vision_llm_demo) by extension 'ros'
[2.462s] DEBUG:colcon.colcon_core.package_identification:Package 'lab_code/ch20_lab/vision_llm_demo' with type 'ros.ament_python' and name 'vision_llm_demo'
[2.465s] Level 1:colcon.colcon_core.package_identification:_identify(lab_code/ch21_lab) by extensions ['ignore', 'ignore_ament_install']
[2.465s] Level 1:colcon.colcon_core.package_identification:_identify(lab_code/ch21_lab) by extension 'ignore'
[2.466s] Level 1:colcon.colcon_core.package_identification:_identify(lab_code/ch21_lab) by extension 'ignore_ament_install'
[2.468s] Level 1:colcon.colcon_core.package_identification:_identify(lab_code/ch21_lab) by extensions ['colcon_pkg']
[2.469s] Level 1:colcon.colcon_core.package_identification:_identify(lab_code/ch21_lab) by extension 'colcon_pkg'
[2.469s] Level 1:colcon.colcon_core.package_identification:_identify(lab_code/ch21_lab) by extensions ['colcon_meta']
[2.469s] Level 1:colcon.colcon_core.package_identification:_identify(lab_code/ch21_lab) by extension 'colcon_meta'
[2.470s] Level 1:colcon.colcon_core.package_identification:_identify(lab_code/ch21_lab) by extensions ['ros']
[2.470s] Level 1:colcon.colcon_core.package_identification:_identify(lab_code/ch21_lab) by extension 'ros'
[2.473s] Level 1:colcon.colcon_core.package_identification:_identify(lab_code/ch21_lab) by extensions ['cmake', 'python']
[2.473s] Level 1:colcon.colcon_core.package_identification:_identify(lab_code/ch21_lab) by extension 'cmake'
[2.474s] Level 1:colcon.colcon_core.package_identification:_identify(lab_code/ch21_lab) by extension 'python'
[2.475s] Level 1:colcon.colcon_core.package_identification:_identify(lab_code/ch21_lab) by extensions ['python_setup_py']
[2.475s] Level 1:colcon.colcon_core.package_identification:_identify(lab_code/ch21_lab) by extension 'python_setup_py'
[2.478s] Level 1:colcon.colcon_core.package_identification:_identify(lab_code/ch21_lab/vision_pickup_lab) by extensions ['ignore', 'ignore_ament_install']
[2.478s] Level 1:colcon.colcon_core.package_identification:_identify(lab_code/ch21_lab/vision_pickup_lab) by extension 'ignore'
[2.479s] Level 1:colcon.colcon_core.package_identification:_identify(lab_code/ch21_lab/vision_pickup_lab) by extension 'ignore_ament_install'
[2.481s] Level 1:colcon.colcon_core.package_identification:_identify(lab_code/ch21_lab/vision_pickup_lab) by extensions ['colcon_pkg']
[2.481s] Level 1:colcon.colcon_core.package_identification:_identify(lab_code/ch21_lab/vision_pickup_lab) by extension 'colcon_pkg'
[2.482s] Level 1:colcon.colcon_core.package_identification:_identify(lab_code/ch21_lab/vision_pickup_lab) by extensions ['colcon_meta']
[2.482s] Level 1:colcon.colcon_core.package_identification:_identify(lab_code/ch21_lab/vision_pickup_lab) by extension 'colcon_meta'
[2.484s] Level 1:colcon.colcon_core.package_identification:_identify(lab_code/ch21_lab/vision_pickup_lab) by extensions ['ros']
[2.484s] Level 1:colcon.colcon_core.package_identification:_identify(lab_code/ch21_lab/vision_pickup_lab) by extension 'ros'
[2.505s] DEBUG:colcon.colcon_core.package_identification:Package 'lab_code/ch21_lab/vision_pickup_lab' with type 'ros.ament_python' and name 'vision_pickup_lab'
[2.512s] Level 1:colcon.colcon_core.package_identification:_identify(log) by extensions ['ignore', 'ignore_ament_install']
[2.512s] Level 1:colcon.colcon_core.package_identification:_identify(log) by extension 'ignore'
[2.514s] Level 1:colcon.colcon_core.package_identification:_identify(log) ignored
[2.517s] Level 1:colcon.colcon_core.package_identification:_identify(msgs_demo_interfaces) by extensions ['ignore', 'ignore_ament_install']
[2.518s] Level 1:colcon.colcon_core.package_identification:_identify(msgs_demo_interfaces) by extension 'ignore'
[2.519s] Level 1:colcon.colcon_core.package_identification:_identify(msgs_demo_interfaces) by extension 'ignore_ament_install'
[2.520s] Level 1:colcon.colcon_core.package_identification:_identify(msgs_demo_interfaces) by extensions ['colcon_pkg']
[2.520s] Level 1:colcon.colcon_core.package_identification:_identify(msgs_demo_interfaces) by extension 'colcon_pkg'
[2.521s] Level 1:colcon.colcon_core.package_identification:_identify(msgs_demo_interfaces) by extensions ['colcon_meta']
[2.522s] Level 1:colcon.colcon_core.package_identification:_identify(msgs_demo_interfaces) by extension 'colcon_meta'
[2.522s] Level 1:colcon.colcon_core.package_identification:_identify(msgs_demo_interfaces) by extensions ['ros']
[2.523s] Level 1:colcon.colcon_core.package_identification:_identify(msgs_demo_interfaces) by extension 'ros'
[2.532s] DEBUG:colcon.colcon_core.package_identification:Package 'msgs_demo_interfaces' with type 'ros.ament_cmake' and name 'msgs_demo_interfaces'
[2.538s] Level 1:colcon.colcon_core.package_identification:_identify(name_demo_cpp) by extensions ['ignore', 'ignore_ament_install']
[2.538s] Level 1:colcon.colcon_core.package_identification:_identify(name_demo_cpp) by extension 'ignore'
[2.539s] Level 1:colcon.colcon_core.package_identification:_identify(name_demo_cpp) by extension 'ignore_ament_install'
[2.543s] Level 1:colcon.colcon_core.package_identification:_identify(name_demo_cpp) by extensions ['colcon_pkg']
[2.544s] Level 1:colcon.colcon_core.package_identification:_identify(name_demo_cpp) by extension 'colcon_pkg'
[2.545s] Level 1:colcon.colcon_core.package_identification:_identify(name_demo_cpp) by extensions ['colcon_meta']
[2.545s] Level 1:colcon.colcon_core.package_identification:_identify(name_demo_cpp) by extension 'colcon_meta'
[2.548s] Level 1:colcon.colcon_core.package_identification:_identify(name_demo_cpp) by extensions ['ros']
[2.548s] Level 1:colcon.colcon_core.package_identification:_identify(name_demo_cpp) by extension 'ros'
[2.559s] DEBUG:colcon.colcon_core.package_identification:Package 'name_demo_cpp' with type 'ros.ament_cmake' and name 'name_demo_cpp'
[2.562s] Level 1:colcon.colcon_core.package_identification:_identify(navigation_sim_demo_ros2) by extensions ['ignore', 'ignore_ament_install']
[2.563s] Level 1:colcon.colcon_core.package_identification:_identify(navigation_sim_demo_ros2) by extension 'ignore'
[2.564s] Level 1:colcon.colcon_core.package_identification:_identify(navigation_sim_demo_ros2) by extension 'ignore_ament_install'
[2.566s] Level 1:colcon.colcon_core.package_identification:_identify(navigation_sim_demo_ros2) by extensions ['colcon_pkg']
[2.566s] Level 1:colcon.colcon_core.package_identification:_identify(navigation_sim_demo_ros2) by extension 'colcon_pkg'
[2.567s] Level 1:colcon.colcon_core.package_identification:_identify(navigation_sim_demo_ros2) by extensions ['colcon_meta']
[2.567s] Level 1:colcon.colcon_core.package_identification:_identify(navigation_sim_demo_ros2) by extension 'colcon_meta'
[2.568s] Level 1:colcon.colcon_core.package_identification:_identify(navigation_sim_demo_ros2) by extensions ['ros']
[2.568s] Level 1:colcon.colcon_core.package_identification:_identify(navigation_sim_demo_ros2) by extension 'ros'
[2.581s] DEBUG:colcon.colcon_core.package_identification:Package 'navigation_sim_demo_ros2' with type 'ros.ament_python' and name 'navigation_sim_demo_ros2'
[2.584s] Level 1:colcon.colcon_core.package_identification:_identify(param_demo_cpp) by extensions ['ignore', 'ignore_ament_install']
[2.584s] Level 1:colcon.colcon_core.package_identification:_identify(param_demo_cpp) by extension 'ignore'
[2.585s] Level 1:colcon.colcon_core.package_identification:_identify(param_demo_cpp) by extension 'ignore_ament_install'
[2.587s] Level 1:colcon.colcon_core.package_identification:_identify(param_demo_cpp) by extensions ['colcon_pkg']
[2.587s] Level 1:colcon.colcon_core.package_identification:_identify(param_demo_cpp) by extension 'colcon_pkg'
[2.593s] Level 1:colcon.colcon_core.package_identification:_identify(param_demo_cpp) by extensions ['colcon_meta']
[2.594s] Level 1:colcon.colcon_core.package_identification:_identify(param_demo_cpp) by extension 'colcon_meta'
[2.595s] Level 1:colcon.colcon_core.package_identification:_identify(param_demo_cpp) by extensions ['ros']
[2.596s] Level 1:colcon.colcon_core.package_identification:_identify(param_demo_cpp) by extension 'ros'
[2.613s] DEBUG:colcon.colcon_core.package_identification:Package 'param_demo_cpp' with type 'ros.ament_cmake' and name 'param_demo_cpp'
[2.616s] Level 1:colcon.colcon_core.package_identification:_identify(param_demo_py) by extensions ['ignore', 'ignore_ament_install']
[2.616s] Level 1:colcon.colcon_core.package_identification:_identify(param_demo_py) by extension 'ignore'
[2.616s] Level 1:colcon.colcon_core.package_identification:_identify(param_demo_py) by extension 'ignore_ament_install'
[2.618s] Level 1:colcon.colcon_core.package_identification:_identify(param_demo_py) by extensions ['colcon_pkg']
[2.618s] Level 1:colcon.colcon_core.package_identification:_identify(param_demo_py) by extension 'colcon_pkg'
[2.619s] Level 1:colcon.colcon_core.package_identification:_identify(param_demo_py) by extensions ['colcon_meta']
[2.619s] Level 1:colcon.colcon_core.package_identification:_identify(param_demo_py) by extension 'colcon_meta'
[2.620s] Level 1:colcon.colcon_core.package_identification:_identify(param_demo_py) by extensions ['ros']
[2.620s] Level 1:colcon.colcon_core.package_identification:_identify(param_demo_py) by extension 'ros'
[2.628s] DEBUG:colcon.colcon_core.package_identification:Package 'param_demo_py' with type 'ros.ament_python' and name 'param_demo_py'
[2.630s] Level 1:colcon.colcon_core.package_identification:_identify(robot_sim_demo) by extensions ['ignore', 'ignore_ament_install']
[2.631s] Level 1:colcon.colcon_core.package_identification:_identify(robot_sim_demo) by extension 'ignore'
[2.636s] Level 1:colcon.colcon_core.package_identification:_identify(robot_sim_demo) by extension 'ignore_ament_install'
[2.638s] Level 1:colcon.colcon_core.package_identification:_identify(robot_sim_demo) by extensions ['colcon_pkg']
[2.638s] Level 1:colcon.colcon_core.package_identification:_identify(robot_sim_demo) by extension 'colcon_pkg'
[2.638s] Level 1:colcon.colcon_core.package_identification:_identify(robot_sim_demo) by extensions ['colcon_meta']
[2.639s] Level 1:colcon.colcon_core.package_identification:_identify(robot_sim_demo) by extension 'colcon_meta'
[2.639s] Level 1:colcon.colcon_core.package_identification:_identify(robot_sim_demo) by extensions ['ros']
[2.639s] Level 1:colcon.colcon_core.package_identification:_identify(robot_sim_demo) by extension 'ros'
[2.648s] DEBUG:colcon.colcon_core.package_identification:Package 'robot_sim_demo' with type 'ros.ament_python' and name 'robot_sim_demo'
[2.651s] Level 1:colcon.colcon_core.package_identification:_identify(service_demo_cpp) by extensions ['ignore', 'ignore_ament_install']
[2.652s] Level 1:colcon.colcon_core.package_identification:_identify(service_demo_cpp) by extension 'ignore'
[2.652s] Level 1:colcon.colcon_core.package_identification:_identify(service_demo_cpp) by extension 'ignore_ament_install'
[2.654s] Level 1:colcon.colcon_core.package_identification:_identify(service_demo_cpp) by extensions ['colcon_pkg']
[2.654s] Level 1:colcon.colcon_core.package_identification:_identify(service_demo_cpp) by extension 'colcon_pkg'
[2.655s] Level 1:colcon.colcon_core.package_identification:_identify(service_demo_cpp) by extensions ['colcon_meta']
[2.655s] Level 1:colcon.colcon_core.package_identification:_identify(service_demo_cpp) by extension 'colcon_meta'
[2.656s] Level 1:colcon.colcon_core.package_identification:_identify(service_demo_cpp) by extensions ['ros']
[2.656s] Level 1:colcon.colcon_core.package_identification:_identify(service_demo_cpp) by extension 'ros'
[2.669s] DEBUG:colcon.colcon_core.package_identification:Package 'service_demo_cpp' with type 'ros.ament_cmake' and name 'service_demo_cpp'
[2.674s] Level 1:colcon.colcon_core.package_identification:_identify(service_demo_interfaces) by extensions ['ignore', 'ignore_ament_install']
[2.675s] Level 1:colcon.colcon_core.package_identification:_identify(service_demo_interfaces) by extension 'ignore'
[2.677s] Level 1:colcon.colcon_core.package_identification:_identify(service_demo_interfaces) by extension 'ignore_ament_install'
[2.679s] Level 1:colcon.colcon_core.package_identification:_identify(service_demo_interfaces) by extensions ['colcon_pkg']
[2.679s] Level 1:colcon.colcon_core.package_identification:_identify(service_demo_interfaces) by extension 'colcon_pkg'
[2.680s] Level 1:colcon.colcon_core.package_identification:_identify(service_demo_interfaces) by extensions ['colcon_meta']
[2.680s] Level 1:colcon.colcon_core.package_identification:_identify(service_demo_interfaces) by extension 'colcon_meta'
[2.681s] Level 1:colcon.colcon_core.package_identification:_identify(service_demo_interfaces) by extensions ['ros']
[2.681s] Level 1:colcon.colcon_core.package_identification:_identify(service_demo_interfaces) by extension 'ros'
[2.688s] DEBUG:colcon.colcon_core.package_identification:Package 'service_demo_interfaces' with type 'ros.ament_cmake' and name 'service_demo_interfaces'
[2.699s] Level 1:colcon.colcon_core.package_identification:_identify(service_demo_py) by extensions ['ignore', 'ignore_ament_install']
[2.700s] Level 1:colcon.colcon_core.package_identification:_identify(service_demo_py) by extension 'ignore'
[2.701s] Level 1:colcon.colcon_core.package_identification:_identify(service_demo_py) by extension 'ignore_ament_install'
[2.703s] Level 1:colcon.colcon_core.package_identification:_identify(service_demo_py) by extensions ['colcon_pkg']
[2.704s] Level 1:colcon.colcon_core.package_identification:_identify(service_demo_py) by extension 'colcon_pkg'
[2.704s] Level 1:colcon.colcon_core.package_identification:_identify(service_demo_py) by extensions ['colcon_meta']
[2.706s] Level 1:colcon.colcon_core.package_identification:_identify(service_demo_py) by extension 'colcon_meta'
[2.707s] Level 1:colcon.colcon_core.package_identification:_identify(service_demo_py) by extensions ['ros']
[2.707s] Level 1:colcon.colcon_core.package_identification:_identify(service_demo_py) by extension 'ros'
[2.715s] DEBUG:colcon.colcon_core.package_identification:Package 'service_demo_py' with type 'ros.ament_python' and name 'service_demo_py'
[2.717s] Level 1:colcon.colcon_core.package_identification:_identify(slam_sim_demo_ros2) by extensions ['ignore', 'ignore_ament_install']
[2.717s] Level 1:colcon.colcon_core.package_identification:_identify(slam_sim_demo_ros2) by extension 'ignore'
[2.721s] Level 1:colcon.colcon_core.package_identification:_identify(slam_sim_demo_ros2) by extension 'ignore_ament_install'
[2.723s] Level 1:colcon.colcon_core.package_identification:_identify(slam_sim_demo_ros2) by extensions ['colcon_pkg']
[2.723s] Level 1:colcon.colcon_core.package_identification:_identify(slam_sim_demo_ros2) by extension 'colcon_pkg'
[2.724s] Level 1:colcon.colcon_core.package_identification:_identify(slam_sim_demo_ros2) by extensions ['colcon_meta']
[2.724s] Level 1:colcon.colcon_core.package_identification:_identify(slam_sim_demo_ros2) by extension 'colcon_meta'
[2.725s] Level 1:colcon.colcon_core.package_identification:_identify(slam_sim_demo_ros2) by extensions ['ros']
[2.725s] Level 1:colcon.colcon_core.package_identification:_identify(slam_sim_demo_ros2) by extension 'ros'
[2.734s] DEBUG:colcon.colcon_core.package_identification:Package 'slam_sim_demo_ros2' with type 'ros.ament_python' and name 'slam_sim_demo_ros2'
[2.736s] Level 1:colcon.colcon_core.package_identification:_identify(tf_demo_cpp) by extensions ['ignore', 'ignore_ament_install']
[2.736s] Level 1:colcon.colcon_core.package_identification:_identify(tf_demo_cpp) by extension 'ignore'
[2.737s] Level 1:colcon.colcon_core.package_identification:_identify(tf_demo_cpp) by extension 'ignore_ament_install'
[2.738s] Level 1:colcon.colcon_core.package_identification:_identify(tf_demo_cpp) by extensions ['colcon_pkg']
[2.738s] Level 1:colcon.colcon_core.package_identification:_identify(tf_demo_cpp) by extension 'colcon_pkg'
[2.739s] Level 1:colcon.colcon_core.package_identification:_identify(tf_demo_cpp) by extensions ['colcon_meta']
[2.739s] Level 1:colcon.colcon_core.package_identification:_identify(tf_demo_cpp) by extension 'colcon_meta'
[2.740s] Level 1:colcon.colcon_core.package_identification:_identify(tf_demo_cpp) by extensions ['ros']
[2.740s] Level 1:colcon.colcon_core.package_identification:_identify(tf_demo_cpp) by extension 'ros'
[2.749s] DEBUG:colcon.colcon_core.package_identification:Package 'tf_demo_cpp' with type 'ros.ament_cmake' and name 'tf_demo_cpp'
[2.754s] Level 1:colcon.colcon_core.package_identification:_identify(tf_demo_py) by extensions ['ignore', 'ignore_ament_install']
[2.754s] Level 1:colcon.colcon_core.package_identification:_identify(tf_demo_py) by extension 'ignore'
[2.755s] Level 1:colcon.colcon_core.package_identification:_identify(tf_demo_py) by extension 'ignore_ament_install'
[2.756s] Level 1:colcon.colcon_core.package_identification:_identify(tf_demo_py) by extensions ['colcon_pkg']
[2.756s] Level 1:colcon.colcon_core.package_identification:_identify(tf_demo_py) by extension 'colcon_pkg'
[2.756s] Level 1:colcon.colcon_core.package_identification:_identify(tf_demo_py) by extensions ['colcon_meta']
[2.757s] Level 1:colcon.colcon_core.package_identification:_identify(tf_demo_py) by extension 'colcon_meta'
[2.757s] Level 1:colcon.colcon_core.package_identification:_identify(tf_demo_py) by extensions ['ros']
[2.757s] Level 1:colcon.colcon_core.package_identification:_identify(tf_demo_py) by extension 'ros'
[2.768s] DEBUG:colcon.colcon_core.package_identification:Package 'tf_demo_py' with type 'ros.ament_python' and name 'tf_demo_py'
[2.772s] Level 1:colcon.colcon_core.package_identification:_identify(tf_follower_ros2) by extensions ['ignore', 'ignore_ament_install']
[2.772s] Level 1:colcon.colcon_core.package_identification:_identify(tf_follower_ros2) by extension 'ignore'
[2.773s] Level 1:colcon.colcon_core.package_identification:_identify(tf_follower_ros2) by extension 'ignore_ament_install'
[2.775s] Level 1:colcon.colcon_core.package_identification:_identify(tf_follower_ros2) by extensions ['colcon_pkg']
[2.776s] Level 1:colcon.colcon_core.package_identification:_identify(tf_follower_ros2) by extension 'colcon_pkg'
[2.777s] Level 1:colcon.colcon_core.package_identification:_identify(tf_follower_ros2) by extensions ['colcon_meta']
[2.777s] Level 1:colcon.colcon_core.package_identification:_identify(tf_follower_ros2) by extension 'colcon_meta'
[2.778s] Level 1:colcon.colcon_core.package_identification:_identify(tf_follower_ros2) by extensions ['ros']
[2.778s] Level 1:colcon.colcon_core.package_identification:_identify(tf_follower_ros2) by extension 'ros'
[2.792s] DEBUG:colcon.colcon_core.package_identification:Package 'tf_follower_ros2' with type 'ros.ament_python' and name 'tf_follower_ros2'
[2.797s] Level 1:colcon.colcon_core.package_identification:_identify(topic_demo_cpp) by extensions ['ignore', 'ignore_ament_install']
[2.798s] Level 1:colcon.colcon_core.package_identification:_identify(topic_demo_cpp) by extension 'ignore'
[2.799s] Level 1:colcon.colcon_core.package_identification:_identify(topic_demo_cpp) by extension 'ignore_ament_install'
[2.801s] Level 1:colcon.colcon_core.package_identification:_identify(topic_demo_cpp) by extensions ['colcon_pkg']
[2.801s] Level 1:colcon.colcon_core.package_identification:_identify(topic_demo_cpp) by extension 'colcon_pkg'
[2.802s] Level 1:colcon.colcon_core.package_identification:_identify(topic_demo_cpp) by extensions ['colcon_meta']
[2.803s] Level 1:colcon.colcon_core.package_identification:_identify(topic_demo_cpp) by extension 'colcon_meta'
[2.804s] Level 1:colcon.colcon_core.package_identification:_identify(topic_demo_cpp) by extensions ['ros']
[2.804s] Level 1:colcon.colcon_core.package_identification:_identify(topic_demo_cpp) by extension 'ros'
[2.823s] DEBUG:colcon.colcon_core.package_identification:Package 'topic_demo_cpp' with type 'ros.ament_cmake' and name 'topic_demo_cpp'
[2.827s] Level 1:colcon.colcon_core.package_identification:_identify(topic_demo_interfaces) by extensions ['ignore', 'ignore_ament_install']
[2.827s] Level 1:colcon.colcon_core.package_identification:_identify(topic_demo_interfaces) by extension 'ignore'
[2.828s] Level 1:colcon.colcon_core.package_identification:_identify(topic_demo_interfaces) by extension 'ignore_ament_install'
[2.830s] Level 1:colcon.colcon_core.package_identification:_identify(topic_demo_interfaces) by extensions ['colcon_pkg']
[2.830s] Level 1:colcon.colcon_core.package_identification:_identify(topic_demo_interfaces) by extension 'colcon_pkg'
[2.831s] Level 1:colcon.colcon_core.package_identification:_identify(topic_demo_interfaces) by extensions ['colcon_meta']
[2.831s] Level 1:colcon.colcon_core.package_identification:_identify(topic_demo_interfaces) by extension 'colcon_meta'
[2.832s] Level 1:colcon.colcon_core.package_identification:_identify(topic_demo_interfaces) by extensions ['ros']
[2.832s] Level 1:colcon.colcon_core.package_identification:_identify(topic_demo_interfaces) by extension 'ros'
[2.848s] DEBUG:colcon.colcon_core.package_identification:Package 'topic_demo_interfaces' with type 'ros.ament_cmake' and name 'topic_demo_interfaces'
[2.852s] Level 1:colcon.colcon_core.package_identification:_identify(topic_demo_py) by extensions ['ignore', 'ignore_ament_install']
[2.852s] Level 1:colcon.colcon_core.package_identification:_identify(topic_demo_py) by extension 'ignore'
[2.854s] Level 1:colcon.colcon_core.package_identification:_identify(topic_demo_py) by extension 'ignore_ament_install'
[2.856s] Level 1:colcon.colcon_core.package_identification:_identify(topic_demo_py) by extensions ['colcon_pkg']
[2.856s] Level 1:colcon.colcon_core.package_identification:_identify(topic_demo_py) by extension 'colcon_pkg'
[2.857s] Level 1:colcon.colcon_core.package_identification:_identify(topic_demo_py) by extensions ['colcon_meta']
[2.857s] Level 1:colcon.colcon_core.package_identification:_identify(topic_demo_py) by extension 'colcon_meta'
[2.858s] Level 1:colcon.colcon_core.package_identification:_identify(topic_demo_py) by extensions ['ros']
[2.858s] Level 1:colcon.colcon_core.package_identification:_identify(topic_demo_py) by extension 'ros'
[2.869s] DEBUG:colcon.colcon_core.package_identification:Package 'topic_demo_py' with type 'ros.ament_python' and name 'topic_demo_py'
[2.872s] Level 1:colcon.colcon_core.package_identification:_identify(urdf_demo_ros2) by extensions ['ignore', 'ignore_ament_install']
[2.873s] Level 1:colcon.colcon_core.package_identification:_identify(urdf_demo_ros2) by extension 'ignore'
[2.874s] Level 1:colcon.colcon_core.package_identification:_identify(urdf_demo_ros2) by extension 'ignore_ament_install'
[2.876s] Level 1:colcon.colcon_core.package_identification:_identify(urdf_demo_ros2) by extensions ['colcon_pkg']
[2.876s] Level 1:colcon.colcon_core.package_identification:_identify(urdf_demo_ros2) by extension 'colcon_pkg'
[2.878s] Level 1:colcon.colcon_core.package_identification:_identify(urdf_demo_ros2) by extensions ['colcon_meta']
[2.879s] Level 1:colcon.colcon_core.package_identification:_identify(urdf_demo_ros2) by extension 'colcon_meta'
[2.883s] Level 1:colcon.colcon_core.package_identification:_identify(urdf_demo_ros2) by extensions ['ros']
[2.883s] Level 1:colcon.colcon_core.package_identification:_identify(urdf_demo_ros2) by extension 'ros'
[2.893s] DEBUG:colcon.colcon_core.package_identification:Package 'urdf_demo_ros2' with type 'ros.ament_python' and name 'urdf_demo_ros2'
[2.897s] Level 1:colcon.colcon_core.package_identification:_identify(xarm) by extensions ['ignore', 'ignore_ament_install']
[2.897s] Level 1:colcon.colcon_core.package_identification:_identify(xarm) by extension 'ignore'
[2.898s] Level 1:colcon.colcon_core.package_identification:_identify(xarm) by extension 'ignore_ament_install'
[2.899s] Level 1:colcon.colcon_core.package_identification:_identify(xarm) by extensions ['colcon_pkg']
[2.899s] Level 1:colcon.colcon_core.package_identification:_identify(xarm) by extension 'colcon_pkg'
[2.899s] Level 1:colcon.colcon_core.package_identification:_identify(xarm) by extensions ['colcon_meta']
[2.900s] Level 1:colcon.colcon_core.package_identification:_identify(xarm) by extension 'colcon_meta'
[2.900s] Level 1:colcon.colcon_core.package_identification:_identify(xarm) by extensions ['ros']
[2.900s] Level 1:colcon.colcon_core.package_identification:_identify(xarm) by extension 'ros'
[2.907s] DEBUG:colcon.colcon_core.package_identification:Package 'xarm' with type 'ros.ament_python' and name 'xarm_ros2_arm_only'
[2.909s] Level 1:colcon.colcon_core.package_identification:_identify(xarm_description) by extensions ['ignore', 'ignore_ament_install']
[2.909s] Level 1:colcon.colcon_core.package_identification:_identify(xarm_description) by extension 'ignore'
[2.910s] Level 1:colcon.colcon_core.package_identification:_identify(xarm_description) by extension 'ignore_ament_install'
[2.911s] Level 1:colcon.colcon_core.package_identification:_identify(xarm_description) by extensions ['colcon_pkg']
[2.911s] Level 1:colcon.colcon_core.package_identification:_identify(xarm_description) by extension 'colcon_pkg'
[2.911s] Level 1:colcon.colcon_core.package_identification:_identify(xarm_description) by extensions ['colcon_meta']
[2.911s] Level 1:colcon.colcon_core.package_identification:_identify(xarm_description) by extension 'colcon_meta'
[2.912s] Level 1:colcon.colcon_core.package_identification:_identify(xarm_description) by extensions ['ros']
[2.912s] Level 1:colcon.colcon_core.package_identification:_identify(xarm_description) by extension 'ros'
[2.917s] DEBUG:colcon.colcon_core.package_identification:Package 'xarm_description' with type 'ros.ament_cmake' and name 'xarm_description'
[2.917s] Level 1:colcon.colcon_core.package_discovery:discover_packages(recursive) using defaults
[2.917s] Level 1:colcon.colcon_core.package_discovery:discover_packages(ignore) discover
[2.918s] Level 1:colcon.colcon_core.package_discovery:discover_packages(ignore) using defaults
[2.918s] Level 1:colcon.colcon_core.package_discovery:discover_packages(path) discover
[2.918s] Level 1:colcon.colcon_core.package_discovery:discover_packages(path) using defaults
