[0.254s] DEBUG:colcon:Command line arguments: ['/usr/bin/colcon', 'list', '--names-only']
[0.255s] DEBUG:colcon:Parsed command line arguments: Namespace(log_base=None, log_level=None, verb_name='list', build_base='build', ignore_user_meta=False, metas=['./colcon.meta'], base_paths=['.'], packages_ignore=None, packages_ignore_regex=None, paths=None, packages_up_to=None, packages_up_to_regex=None, packages_above=None, packages_above_and_dependencies=None, packages_above_depth=None, packages_select_by_dep=None, packages_skip_by_dep=None, packages_skip_up_to=None, packages_select_build_failed=False, packages_skip_build_finished=False, packages_select_test_failures=False, packages_skip_test_passed=False, packages_select=None, packages_skip=None, packages_select_regex=None, packages_skip_regex=None, packages_start=None, packages_end=None, allow_overriding=[], topological_order=False, names_only=True, paths_only=False, topological_graph=False, topological_graph_dot=False, topological_graph_density=False, topological_graph_legend=False, topological_graph_dot_cluster=False, topological_graph_dot_include_skipped=False, verb_parser=<colcon_defaults.argument_parser.defaults.DefaultArgumentsDecorator object at 0x771e750ac530>, verb_extension=<colcon_package_information.verb.list.ListVerb object at 0x771e75087f50>, main=<bound method ListVerb.main of <colcon_package_information.verb.list.ListVerb object at 0x771e75087f50>>)
[0.309s] Level 1:colcon.colcon_core.package_discovery:discover_packages(colcon_meta) check parameters
[0.310s] Level 1:colcon.colcon_core.package_discovery:discover_packages(recursive) check parameters
[0.311s] Level 1:colcon.colcon_core.package_discovery:discover_packages(ignore) check parameters
[0.311s] Level 1:colcon.colcon_core.package_discovery:discover_packages(path) check parameters
[0.311s] Level 1:colcon.colcon_core.package_discovery:discover_packages(colcon_meta) discover
[0.311s] Level 1:colcon.colcon_core.package_discovery:discover_packages(recursive) discover
[0.312s] INFO:colcon.colcon_core.package_discovery:Crawling recursively for packages in '/mnt/c/Users/tiger/Desktop/robot/ROS2 RISC-V/src'
[0.314s] Level 1:colcon.colcon_core.package_identification:_identify(.) by extensions ['ignore', 'ignore_ament_install']
[0.315s] Level 1:colcon.colcon_core.package_identification:_identify(.) by extension 'ignore'
[0.316s] Level 1:colcon.colcon_core.package_identification:_identify(.) by extension 'ignore_ament_install'
[0.316s] Level 1:colcon.colcon_core.package_identification:_identify(.) by extensions ['colcon_pkg']
[0.316s] Level 1:colcon.colcon_core.package_identification:_identify(.) by extension 'colcon_pkg'
[0.317s] Level 1:colcon.colcon_core.package_identification:_identify(.) by extensions ['colcon_meta']
[0.317s] Level 1:colcon.colcon_core.package_identification:_identify(.) by extension 'colcon_meta'
[0.317s] Level 1:colcon.colcon_core.package_identification:_identify(.) by extensions ['ros']
[0.317s] Level 1:colcon.colcon_core.package_identification:_identify(.) by extension 'ros'
[0.342s] Level 1:colcon.colcon_core.package_identification:_identify(.) by extensions ['cmake', 'python']
[0.342s] Level 1:colcon.colcon_core.package_identification:_identify(.) by extension 'cmake'
[0.343s] Level 1:colcon.colcon_core.package_identification:_identify(.) by extension 'python'
[0.343s] Level 1:colcon.colcon_core.package_identification:_identify(.) by extensions ['python_setup_py']
[0.343s] Level 1:colcon.colcon_core.package_identification:_identify(.) by extension 'python_setup_py'
[0.347s] Level 1:colcon.colcon_core.package_identification:_identify(__pycache__) by extensions ['ignore', 'ignore_ament_install']
[0.348s] Level 1:colcon.colcon_core.package_identification:_identify(__pycache__) by extension 'ignore'
[0.350s] Level 1:colcon.colcon_core.package_identification:_identify(__pycache__) by extension 'ignore_ament_install'
[0.352s] Level 1:colcon.colcon_core.package_identification:_identify(__pycache__) by extensions ['colcon_pkg']
[0.352s] Level 1:colcon.colcon_core.package_identification:_identify(__pycache__) by extension 'colcon_pkg'
[0.354s] Level 1:colcon.colcon_core.package_identification:_identify(__pycache__) by extensions ['colcon_meta']
[0.354s] Level 1:colcon.colcon_core.package_identification:_identify(__pycache__) by extension 'colcon_meta'
[0.356s] Level 1:colcon.colcon_core.package_identification:_identify(__pycache__) by extensions ['ros']
[0.357s] Level 1:colcon.colcon_core.package_identification:_identify(__pycache__) by extension 'ros'
[0.364s] Level 1:colcon.colcon_core.package_identification:_identify(__pycache__) by extensions ['cmake', 'python']
[0.365s] Level 1:colcon.colcon_core.package_identification:_identify(__pycache__) by extension 'cmake'
[0.366s] Level 1:colcon.colcon_core.package_identification:_identify(__pycache__) by extension 'python'
[0.366s] Level 1:colcon.colcon_core.package_identification:_identify(__pycache__) by extensions ['python_setup_py']
[0.367s] Level 1:colcon.colcon_core.package_identification:_identify(__pycache__) by extension 'python_setup_py'
[0.372s] Level 1:colcon.colcon_core.package_identification:_identify(action_demo_cpp) by extensions ['ignore', 'ignore_ament_install']
[0.373s] Level 1:colcon.colcon_core.package_identification:_identify(action_demo_cpp) by extension 'ignore'
[0.375s] Level 1:colcon.colcon_core.package_identification:_identify(action_demo_cpp) by extension 'ignore_ament_install'
[0.379s] Level 1:colcon.colcon_core.package_identification:_identify(action_demo_cpp) by extensions ['colcon_pkg']
[0.379s] Level 1:colcon.colcon_core.package_identification:_identify(action_demo_cpp) by extension 'colcon_pkg'
[0.380s] Level 1:colcon.colcon_core.package_identification:_identify(action_demo_cpp) by extensions ['colcon_meta']
[0.381s] Level 1:colcon.colcon_core.package_identification:_identify(action_demo_cpp) by extension 'colcon_meta'
[0.382s] Level 1:colcon.colcon_core.package_identification:_identify(action_demo_cpp) by extensions ['ros']
[0.382s] Level 1:colcon.colcon_core.package_identification:_identify(action_demo_cpp) by extension 'ros'
[0.405s] DEBUG:colcon.colcon_core.package_identification:Package 'action_demo_cpp' with type 'ros.ament_cmake' and name 'action_demo_cpp'
[0.411s] Level 1:colcon.colcon_core.package_identification:_identify(action_demo_interfaces) by extensions ['ignore', 'ignore_ament_install']
[0.412s] Level 1:colcon.colcon_core.package_identification:_identify(action_demo_interfaces) by extension 'ignore'
[0.415s] Level 1:colcon.colcon_core.package_identification:_identify(action_demo_interfaces) by extension 'ignore_ament_install'
[0.417s] Level 1:colcon.colcon_core.package_identification:_identify(action_demo_interfaces) by extensions ['colcon_pkg']
[0.418s] Level 1:colcon.colcon_core.package_identification:_identify(action_demo_interfaces) by extension 'colcon_pkg'
[0.419s] Level 1:colcon.colcon_core.package_identification:_identify(action_demo_interfaces) by extensions ['colcon_meta']
[0.420s] Level 1:colcon.colcon_core.package_identification:_identify(action_demo_interfaces) by extension 'colcon_meta'
[0.421s] Level 1:colcon.colcon_core.package_identification:_identify(action_demo_interfaces) by extensions ['ros']
[0.421s] Level 1:colcon.colcon_core.package_identification:_identify(action_demo_interfaces) by extension 'ros'
[0.448s] DEBUG:colcon.colcon_core.package_identification:Package 'action_demo_interfaces' with type 'ros.ament_cmake' and name 'action_demo_interfaces'
[0.452s] Level 1:colcon.colcon_core.package_identification:_identify(action_demo_py) by extensions ['ignore', 'ignore_ament_install']
[0.453s] Level 1:colcon.colcon_core.package_identification:_identify(action_demo_py) by extension 'ignore'
[0.454s] Level 1:colcon.colcon_core.package_identification:_identify(action_demo_py) by extension 'ignore_ament_install'
[0.456s] Level 1:colcon.colcon_core.package_identification:_identify(action_demo_py) by extensions ['colcon_pkg']
[0.457s] Level 1:colcon.colcon_core.package_identification:_identify(action_demo_py) by extension 'colcon_pkg'
[0.458s] Level 1:colcon.colcon_core.package_identification:_identify(action_demo_py) by extensions ['colcon_meta']
[0.459s] Level 1:colcon.colcon_core.package_identification:_identify(action_demo_py) by extension 'colcon_meta'
[0.460s] Level 1:colcon.colcon_core.package_identification:_identify(action_demo_py) by extensions ['ros']
[0.461s] Level 1:colcon.colcon_core.package_identification:_identify(action_demo_py) by extension 'ros'
[0.472s] DEBUG:colcon.colcon_core.package_identification:Package 'action_demo_py' with type 'ros.ament_python' and name 'action_demo_py'
[0.475s] Level 1:colcon.colcon_core.package_identification:_identify(course_lab_interfaces) by extensions ['ignore', 'ignore_ament_install']
[0.476s] Level 1:colcon.colcon_core.package_identification:_identify(course_lab_interfaces) by extension 'ignore'
[0.477s] Level 1:colcon.colcon_core.package_identification:_identify(course_lab_interfaces) by extension 'ignore_ament_install'
[0.478s] Level 1:colcon.colcon_core.package_identification:_identify(course_lab_interfaces) by extensions ['colcon_pkg']
[0.479s] Level 1:colcon.colcon_core.package_identification:_identify(course_lab_interfaces) by extension 'colcon_pkg'
[0.479s] Level 1:colcon.colcon_core.package_identification:_identify(course_lab_interfaces) by extensions ['colcon_meta']
[0.480s] Level 1:colcon.colcon_core.package_identification:_identify(course_lab_interfaces) by extension 'colcon_meta'
[0.480s] Level 1:colcon.colcon_core.package_identification:_identify(course_lab_interfaces) by extensions ['ros']
[0.481s] Level 1:colcon.colcon_core.package_identification:_identify(course_lab_interfaces) by extension 'ros'
[0.490s] DEBUG:colcon.colcon_core.package_identification:Package 'course_lab_interfaces' with type 'ros.ament_cmake' and name 'course_lab_interfaces'
[0.493s] Level 1:colcon.colcon_core.package_identification:_identify(course_lab_utils) by extensions ['ignore', 'ignore_ament_install']
[0.495s] Level 1:colcon.colcon_core.package_identification:_identify(course_lab_utils) by extension 'ignore'
[0.496s] Level 1:colcon.colcon_core.package_identification:_identify(course_lab_utils) by extension 'ignore_ament_install'
[0.497s] Level 1:colcon.colcon_core.package_identification:_identify(course_lab_utils) by extensions ['colcon_pkg']
[0.497s] Level 1:colcon.colcon_core.package_identification:_identify(course_lab_utils) by extension 'colcon_pkg'
[0.498s] Level 1:colcon.colcon_core.package_identification:_identify(course_lab_utils) by extensions ['colcon_meta']
[0.498s] Level 1:colcon.colcon_core.package_identification:_identify(course_lab_utils) by extension 'colcon_meta'
[0.500s] Level 1:colcon.colcon_core.package_identification:_identify(course_lab_utils) by extensions ['ros']
[0.500s] Level 1:colcon.colcon_core.package_identification:_identify(course_lab_utils) by extension 'ros'
[0.509s] DEBUG:colcon.colcon_core.package_identification:Package 'course_lab_utils' with type 'ros.ament_python' and name 'course_lab_utils'
[0.512s] Level 1:colcon.colcon_core.package_identification:_identify(lab_code) by extensions ['ignore', 'ignore_ament_install']
[0.512s] Level 1:colcon.colcon_core.package_identification:_identify(lab_code) by extension 'ignore'
[0.512s] Level 1:colcon.colcon_core.package_identification:_identify(lab_code) by extension 'ignore_ament_install'
[0.513s] Level 1:colcon.colcon_core.package_identification:_identify(lab_code) by extensions ['colcon_pkg']
[0.513s] Level 1:colcon.colcon_core.package_identification:_identify(lab_code) by extension 'colcon_pkg'
[0.513s] Level 1:colcon.colcon_core.package_identification:_identify(lab_code) by extensions ['colcon_meta']
[0.514s] Level 1:colcon.colcon_core.package_identification:_identify(lab_code) by extension 'colcon_meta'
[0.514s] Level 1:colcon.colcon_core.package_identification:_identify(lab_code) by extensions ['ros']
[0.514s] Level 1:colcon.colcon_core.package_identification:_identify(lab_code) by extension 'ros'
[0.516s] Level 1:colcon.colcon_core.package_identification:_identify(lab_code) by extensions ['cmake', 'python']
[0.516s] Level 1:colcon.colcon_core.package_identification:_identify(lab_code) by extension 'cmake'
[0.516s] Level 1:colcon.colcon_core.package_identification:_identify(lab_code) by extension 'python'
[0.516s] Level 1:colcon.colcon_core.package_identification:_identify(lab_code) by extensions ['python_setup_py']
[0.517s] Level 1:colcon.colcon_core.package_identification:_identify(lab_code) by extension 'python_setup_py'
[0.519s] Level 1:colcon.colcon_core.package_identification:_identify(lab_code/__pycache__) by extensions ['ignore', 'ignore_ament_install']
[0.519s] Level 1:colcon.colcon_core.package_identification:_identify(lab_code/__pycache__) by extension 'ignore'
[0.521s] Level 1:colcon.colcon_core.package_identification:_identify(lab_code/__pycache__) by extension 'ignore_ament_install'
[0.522s] Level 1:colcon.colcon_core.package_identification:_identify(lab_code/__pycache__) by extensions ['colcon_pkg']
[0.522s] Level 1:colcon.colcon_core.package_identification:_identify(lab_code/__pycache__) by extension 'colcon_pkg'
[0.523s] Level 1:colcon.colcon_core.package_identification:_identify(lab_code/__pycache__) by extensions ['colcon_meta']
[0.523s] Level 1:colcon.colcon_core.package_identification:_identify(lab_code/__pycache__) by extension 'colcon_meta'
[0.525s] Level 1:colcon.colcon_core.package_identification:_identify(lab_code/__pycache__) by extensions ['ros']
[0.525s] Level 1:colcon.colcon_core.package_identification:_identify(lab_code/__pycache__) by extension 'ros'
[0.528s] Level 1:colcon.colcon_core.package_identification:_identify(lab_code/__pycache__) by extensions ['cmake', 'python']
[0.529s] Level 1:colcon.colcon_core.package_identification:_identify(lab_code/__pycache__) by extension 'cmake'
[0.530s] Level 1:colcon.colcon_core.package_identification:_identify(lab_code/__pycache__) by extension 'python'
[0.531s] Level 1:colcon.colcon_core.package_identification:_identify(lab_code/__pycache__) by extensions ['python_setup_py']
[0.532s] Level 1:colcon.colcon_core.package_identification:_identify(lab_code/__pycache__) by extension 'python_setup_py'
[0.536s] Level 1:colcon.colcon_core.package_identification:_identify(lab_code/ch01_lab) by extensions ['ignore', 'ignore_ament_install']
[0.536s] Level 1:colcon.colcon_core.package_identification:_identify(lab_code/ch01_lab) by extension 'ignore'
[0.537s] Level 1:colcon.colcon_core.package_identification:_identify(lab_code/ch01_lab) by extension 'ignore_ament_install'
[0.538s] Level 1:colcon.colcon_core.package_identification:_identify(lab_code/ch01_lab) by extensions ['colcon_pkg']
[0.538s] Level 1:colcon.colcon_core.package_identification:_identify(lab_code/ch01_lab) by extension 'colcon_pkg'
[0.540s] Level 1:colcon.colcon_core.package_identification:_identify(lab_code/ch01_lab) by extensions ['colcon_meta']
[0.540s] Level 1:colcon.colcon_core.package_identification:_identify(lab_code/ch01_lab) by extension 'colcon_meta'
[0.543s] Level 1:colcon.colcon_core.package_identification:_identify(lab_code/ch01_lab) by extensions ['ros']
[0.544s] Level 1:colcon.colcon_core.package_identification:_identify(lab_code/ch01_lab) by extension 'ros'
[0.562s] DEBUG:colcon.colcon_core.package_identification:Package 'lab_code/ch01_lab' with type 'ros.ament_python' and name 'lifecycle_demo'
[0.565s] Level 1:colcon.colcon_core.package_identification:_identify(lab_code/ch02_lab) by extensions ['ignore', 'ignore_ament_install']
[0.565s] Level 1:colcon.colcon_core.package_identification:_identify(lab_code/ch02_lab) by extension 'ignore'
[0.567s] Level 1:colcon.colcon_core.package_identification:_identify(lab_code/ch02_lab) by extension 'ignore_ament_install'
[0.571s] Level 1:colcon.colcon_core.package_identification:_identify(lab_code/ch02_lab) by extensions ['colcon_pkg']
[0.572s] Level 1:colcon.colcon_core.package_identification:_identify(lab_code/ch02_lab) by extension 'colcon_pkg'
[0.574s] Level 1:colcon.colcon_core.package_identification:_identify(lab_code/ch02_lab) by extensions ['colcon_meta']
[0.576s] Level 1:colcon.colcon_core.package_identification:_identify(lab_code/ch02_lab) by extension 'colcon_meta'
[0.577s] Level 1:colcon.colcon_core.package_identification:_identify(lab_code/ch02_lab) by extensions ['ros']
[0.578s] Level 1:colcon.colcon_core.package_identification:_identify(lab_code/ch02_lab) by extension 'ros'
[0.585s] Level 1:colcon.colcon_core.package_identification:_identify(lab_code/ch02_lab) by extensions ['cmake', 'python']
[0.586s] Level 1:colcon.colcon_core.package_identification:_identify(lab_code/ch02_lab) by extension 'cmake'
[0.587s] Level 1:colcon.colcon_core.package_identification:_identify(lab_code/ch02_lab) by extension 'python'
[0.591s] Level 1:colcon.colcon_core.package_identification:_identify(lab_code/ch02_lab) by extensions ['python_setup_py']
[0.591s] Level 1:colcon.colcon_core.package_identification:_identify(lab_code/ch02_lab) by extension 'python_setup_py'
[0.603s] Level 1:colcon.colcon_core.package_identification:_identify(lab_code/ch02_lab/docs) by extensions ['ignore', 'ignore_ament_install']
[0.604s] Level 1:colcon.colcon_core.package_identification:_identify(lab_code/ch02_lab/docs) by extension 'ignore'
[0.608s] Level 1:colcon.colcon_core.package_identification:_identify(lab_code/ch02_lab/docs) by extension 'ignore_ament_install'
[0.612s] Level 1:colcon.colcon_core.package_identification:_identify(lab_code/ch02_lab/docs) by extensions ['colcon_pkg']
[0.613s] Level 1:colcon.colcon_core.package_identification:_identify(lab_code/ch02_lab/docs) by extension 'colcon_pkg'
[0.616s] Level 1:colcon.colcon_core.package_identification:_identify(lab_code/ch02_lab/docs) by extensions ['colcon_meta']
[0.617s] Level 1:colcon.colcon_core.package_identification:_identify(lab_code/ch02_lab/docs) by extension 'colcon_meta'
[0.623s] Level 1:colcon.colcon_core.package_identification:_identify(lab_code/ch02_lab/docs) by extensions ['ros']
[0.624s] Level 1:colcon.colcon_core.package_identification:_identify(lab_code/ch02_lab/docs) by extension 'ros'
[0.643s] Level 1:colcon.colcon_core.package_identification:_identify(lab_code/ch02_lab/docs) by extensions ['cmake', 'python']
[0.643s] Level 1:colcon.colcon_core.package_identification:_identify(lab_code/ch02_lab/docs) by extension 'cmake'
[0.646s] Level 1:colcon.colcon_core.package_identification:_identify(lab_code/ch02_lab/docs) by extension 'python'
[0.657s] Level 1:colcon.colcon_core.package_identification:_identify(lab_code/ch02_lab/docs) by extensions ['python_setup_py']
[0.657s] Level 1:colcon.colcon_core.package_identification:_identify(lab_code/ch02_lab/docs) by extension 'python_setup_py'
[0.678s] Level 1:colcon.colcon_core.package_identification:_identify(lab_code/ch02_lab/docs/images) by extensions ['ignore', 'ignore_ament_install']
[0.679s] Level 1:colcon.colcon_core.package_identification:_identify(lab_code/ch02_lab/docs/images) by extension 'ignore'
[0.686s] Level 1:colcon.colcon_core.package_identification:_identify(lab_code/ch02_lab/docs/images) by extension 'ignore_ament_install'
[0.694s] Level 1:colcon.colcon_core.package_identification:_identify(lab_code/ch02_lab/docs/images) by extensions ['colcon_pkg']
[0.694s] Level 1:colcon.colcon_core.package_identification:_identify(lab_code/ch02_lab/docs/images) by extension 'colcon_pkg'
[0.698s] Level 1:colcon.colcon_core.package_identification:_identify(lab_code/ch02_lab/docs/images) by extensions ['colcon_meta']
[0.698s] Level 1:colcon.colcon_core.package_identification:_identify(lab_code/ch02_lab/docs/images) by extension 'colcon_meta'
[0.704s] Level 1:colcon.colcon_core.package_identification:_identify(lab_code/ch02_lab/docs/images) by extensions ['ros']
[0.704s] Level 1:colcon.colcon_core.package_identification:_identify(lab_code/ch02_lab/docs/images) by extension 'ros'
[0.719s] Level 1:colcon.colcon_core.package_identification:_identify(lab_code/ch02_lab/docs/images) by extensions ['cmake', 'python']
[0.720s] Level 1:colcon.colcon_core.package_identification:_identify(lab_code/ch02_lab/docs/images) by extension 'cmake'
[0.724s] Level 1:colcon.colcon_core.package_identification:_identify(lab_code/ch02_lab/docs/images) by extension 'python'
[0.728s] Level 1:colcon.colcon_core.package_identification:_identify(lab_code/ch02_lab/docs/images) by extensions ['python_setup_py']
[0.728s] Level 1:colcon.colcon_core.package_identification:_identify(lab_code/ch02_lab/docs/images) by extension 'python_setup_py'
[0.743s] Level 1:colcon.colcon_core.package_identification:_identify(lab_code/ch02_lab/hello_pkg) by extensions ['ignore', 'ignore_ament_install']
[0.745s] Level 1:colcon.colcon_core.package_identification:_identify(lab_code/ch02_lab/hello_pkg) by extension 'ignore'
[0.748s] Level 1:colcon.colcon_core.package_identification:_identify(lab_code/ch02_lab/hello_pkg) by extension 'ignore_ament_install'
[0.751s] Level 1:colcon.colcon_core.package_identification:_identify(lab_code/ch02_lab/hello_pkg) by extensions ['colcon_pkg']
[0.752s] Level 1:colcon.colcon_core.package_identification:_identify(lab_code/ch02_lab/hello_pkg) by extension 'colcon_pkg'
[0.755s] Level 1:colcon.colcon_core.package_identification:_identify(lab_code/ch02_lab/hello_pkg) by extensions ['colcon_meta']
[0.756s] Level 1:colcon.colcon_core.package_identification:_identify(lab_code/ch02_lab/hello_pkg) by extension 'colcon_meta'
[0.762s] Level 1:colcon.colcon_core.package_identification:_identify(lab_code/ch02_lab/hello_pkg) by extensions ['ros']
[0.763s] Level 1:colcon.colcon_core.package_identification:_identify(lab_code/ch02_lab/hello_pkg) by extension 'ros'
[0.792s] DEBUG:colcon.colcon_core.package_identification:Package 'lab_code/ch02_lab/hello_pkg' with type 'ros.ament_python' and name 'hello_pkg'
[0.799s] Level 1:colcon.colcon_core.package_identification:_identify(lab_code/ch03_lab) by extensions ['ignore', 'ignore_ament_install']
[0.800s] Level 1:colcon.colcon_core.package_identification:_identify(lab_code/ch03_lab) by extension 'ignore'
[0.802s] Level 1:colcon.colcon_core.package_identification:_identify(lab_code/ch03_lab) by extension 'ignore_ament_install'
[0.804s] Level 1:colcon.colcon_core.package_identification:_identify(lab_code/ch03_lab) by extensions ['colcon_pkg']
[0.804s] Level 1:colcon.colcon_core.package_identification:_identify(lab_code/ch03_lab) by extension 'colcon_pkg'
[0.805s] Level 1:colcon.colcon_core.package_identification:_identify(lab_code/ch03_lab) by extensions ['colcon_meta']
[0.805s] Level 1:colcon.colcon_core.package_identification:_identify(lab_code/ch03_lab) by extension 'colcon_meta'
[0.807s] Level 1:colcon.colcon_core.package_identification:_identify(lab_code/ch03_lab) by extensions ['ros']
[0.807s] Level 1:colcon.colcon_core.package_identification:_identify(lab_code/ch03_lab) by extension 'ros'
[0.813s] Level 1:colcon.colcon_core.package_identification:_identify(lab_code/ch03_lab) by extensions ['cmake', 'python']
[0.813s] Level 1:colcon.colcon_core.package_identification:_identify(lab_code/ch03_lab) by extension 'cmake'
[0.815s] Level 1:colcon.colcon_core.package_identification:_identify(lab_code/ch03_lab) by extension 'python'
[0.817s] Level 1:colcon.colcon_core.package_identification:_identify(lab_code/ch03_lab) by extensions ['python_setup_py']
[0.817s] Level 1:colcon.colcon_core.package_identification:_identify(lab_code/ch03_lab) by extension 'python_setup_py'
[0.831s] Level 1:colcon.colcon_core.package_identification:_identify(lab_code/ch03_lab/docs) by extensions ['ignore', 'ignore_ament_install']
[0.831s] Level 1:colcon.colcon_core.package_identification:_identify(lab_code/ch03_lab/docs) by extension 'ignore'
[0.833s] Level 1:colcon.colcon_core.package_identification:_identify(lab_code/ch03_lab/docs) by extension 'ignore_ament_install'
[0.837s] Level 1:colcon.colcon_core.package_identification:_identify(lab_code/ch03_lab/docs) by extensions ['colcon_pkg']
[0.837s] Level 1:colcon.colcon_core.package_identification:_identify(lab_code/ch03_lab/docs) by extension 'colcon_pkg'
[0.841s] Level 1:colcon.colcon_core.package_identification:_identify(lab_code/ch03_lab/docs) by extensions ['colcon_meta']
[0.842s] Level 1:colcon.colcon_core.package_identification:_identify(lab_code/ch03_lab/docs) by extension 'colcon_meta'
[0.845s] Level 1:colcon.colcon_core.package_identification:_identify(lab_code/ch03_lab/docs) by extensions ['ros']
[0.845s] Level 1:colcon.colcon_core.package_identification:_identify(lab_code/ch03_lab/docs) by extension 'ros'
[0.855s] Level 1:colcon.colcon_core.package_identification:_identify(lab_code/ch03_lab/docs) by extensions ['cmake', 'python']
[0.856s] Level 1:colcon.colcon_core.package_identification:_identify(lab_code/ch03_lab/docs) by extension 'cmake'
[0.857s] Level 1:colcon.colcon_core.package_identification:_identify(lab_code/ch03_lab/docs) by extension 'python'
[0.860s] Level 1:colcon.colcon_core.package_identification:_identify(lab_code/ch03_lab/docs) by extensions ['python_setup_py']
[0.861s] Level 1:colcon.colcon_core.package_identification:_identify(lab_code/ch03_lab/docs) by extension 'python_setup_py'
[0.877s] Level 1:colcon.colcon_core.package_identification:_identify(lab_code/ch03_lab/docs/images) by extensions ['ignore', 'ignore_ament_install']
[0.877s] Level 1:colcon.colcon_core.package_identification:_identify(lab_code/ch03_lab/docs/images) by extension 'ignore'
[0.881s] Level 1:colcon.colcon_core.package_identification:_identify(lab_code/ch03_lab/docs/images) by extension 'ignore_ament_install'
[0.890s] Level 1:colcon.colcon_core.package_identification:_identify(lab_code/ch03_lab/docs/images) by extensions ['colcon_pkg']
[0.890s] Level 1:colcon.colcon_core.package_identification:_identify(lab_code/ch03_lab/docs/images) by extension 'colcon_pkg'
[0.895s] Level 1:colcon.colcon_core.package_identification:_identify(lab_code/ch03_lab/docs/images) by extensions ['colcon_meta']
[0.895s] Level 1:colcon.colcon_core.package_identification:_identify(lab_code/ch03_lab/docs/images) by extension 'colcon_meta'
[0.899s] Level 1:colcon.colcon_core.package_identification:_identify(lab_code/ch03_lab/docs/images) by extensions ['ros']
[0.899s] Level 1:colcon.colcon_core.package_identification:_identify(lab_code/ch03_lab/docs/images) by extension 'ros'
[0.916s] Level 1:colcon.colcon_core.package_identification:_identify(lab_code/ch03_lab/docs/images) by extensions ['cmake', 'python']
[0.916s] Level 1:colcon.colcon_core.package_identification:_identify(lab_code/ch03_lab/docs/images) by extension 'cmake'
[0.922s] Level 1:colcon.colcon_core.package_identification:_identify(lab_code/ch03_lab/docs/images) by extension 'python'
[0.925s] Level 1:colcon.colcon_core.package_identification:_identify(lab_code/ch03_lab/docs/images) by extensions ['python_setup_py']
[0.925s] Level 1:colcon.colcon_core.package_identification:_identify(lab_code/ch03_lab/docs/images) by extension 'python_setup_py'
[0.950s] Level 1:colcon.colcon_core.package_identification:_identify(lab_code/ch03_lab/sensor_interfaces) by extensions ['ignore', 'ignore_ament_install']
[0.951s] Level 1:colcon.colcon_core.package_identification:_identify(lab_code/ch03_lab/sensor_interfaces) by extension 'ignore'
[0.956s] Level 1:colcon.colcon_core.package_identification:_identify(lab_code/ch03_lab/sensor_interfaces) by extension 'ignore_ament_install'
[0.966s] Level 1:colcon.colcon_core.package_identification:_identify(lab_code/ch03_lab/sensor_interfaces) by extensions ['colcon_pkg']
[0.967s] Level 1:colcon.colcon_core.package_identification:_identify(lab_code/ch03_lab/sensor_interfaces) by extension 'colcon_pkg'
[0.971s] Level 1:colcon.colcon_core.package_identification:_identify(lab_code/ch03_lab/sensor_interfaces) by extensions ['colcon_meta']
[0.971s] Level 1:colcon.colcon_core.package_identification:_identify(lab_code/ch03_lab/sensor_interfaces) by extension 'colcon_meta'
[0.979s] Level 1:colcon.colcon_core.package_identification:_identify(lab_code/ch03_lab/sensor_interfaces) by extensions ['ros']
[0.979s] Level 1:colcon.colcon_core.package_identification:_identify(lab_code/ch03_lab/sensor_interfaces) by extension 'ros'
[0.994s] DEBUG:colcon.colcon_core.package_identification:Package 'lab_code/ch03_lab/sensor_interfaces' with type 'ros.ament_cmake' and name 'sensor_interfaces'
[1.000s] Level 1:colcon.colcon_core.package_identification:_identify(lab_code/ch03_lab/sensor_pub) by extensions ['ignore', 'ignore_ament_install']
[1.001s] Level 1:colcon.colcon_core.package_identification:_identify(lab_code/ch03_lab/sensor_pub) by extension 'ignore'
[1.003s] Level 1:colcon.colcon_core.package_identification:_identify(lab_code/ch03_lab/sensor_pub) by extension 'ignore_ament_install'
[1.005s] Level 1:colcon.colcon_core.package_identification:_identify(lab_code/ch03_lab/sensor_pub) by extensions ['colcon_pkg']
[1.006s] Level 1:colcon.colcon_core.package_identification:_identify(lab_code/ch03_lab/sensor_pub) by extension 'colcon_pkg'
[1.007s] Level 1:colcon.colcon_core.package_identification:_identify(lab_code/ch03_lab/sensor_pub) by extensions ['colcon_meta']
[1.007s] Level 1:colcon.colcon_core.package_identification:_identify(lab_code/ch03_lab/sensor_pub) by extension 'colcon_meta'
[1.011s] Level 1:colcon.colcon_core.package_identification:_identify(lab_code/ch03_lab/sensor_pub) by extensions ['ros']
[1.012s] Level 1:colcon.colcon_core.package_identification:_identify(lab_code/ch03_lab/sensor_pub) by extension 'ros'
[1.030s] DEBUG:colcon.colcon_core.package_identification:Package 'lab_code/ch03_lab/sensor_pub' with type 'ros.ament_python' and name 'sensor_pub'
[1.038s] Level 1:colcon.colcon_core.package_identification:_identify(lab_code/ch03_lab/topic_demo) by extensions ['ignore', 'ignore_ament_install']
[1.038s] Level 1:colcon.colcon_core.package_identification:_identify(lab_code/ch03_lab/topic_demo) by extension 'ignore'
[1.041s] Level 1:colcon.colcon_core.package_identification:_identify(lab_code/ch03_lab/topic_demo) by extension 'ignore_ament_install'
[1.044s] Level 1:colcon.colcon_core.package_identification:_identify(lab_code/ch03_lab/topic_demo) by extensions ['colcon_pkg']
[1.044s] Level 1:colcon.colcon_core.package_identification:_identify(lab_code/ch03_lab/topic_demo) by extension 'colcon_pkg'
[1.047s] Level 1:colcon.colcon_core.package_identification:_identify(lab_code/ch03_lab/topic_demo) by extensions ['colcon_meta']
[1.047s] Level 1:colcon.colcon_core.package_identification:_identify(lab_code/ch03_lab/topic_demo) by extension 'colcon_meta'
[1.050s] Level 1:colcon.colcon_core.package_identification:_identify(lab_code/ch03_lab/topic_demo) by extensions ['ros']
[1.050s] Level 1:colcon.colcon_core.package_identification:_identify(lab_code/ch03_lab/topic_demo) by extension 'ros'
[1.078s] DEBUG:colcon.colcon_core.package_identification:Package 'lab_code/ch03_lab/topic_demo' with type 'ros.ament_python' and name 'topic_demo'
[1.093s] Level 1:colcon.colcon_core.package_identification:_identify(lab_code/ch04_lab) by extensions ['ignore', 'ignore_ament_install']
[1.093s] Level 1:colcon.colcon_core.package_identification:_identify(lab_code/ch04_lab) by extension 'ignore'
[1.094s] Level 1:colcon.colcon_core.package_identification:_identify(lab_code/ch04_lab) by extension 'ignore_ament_install'
[1.096s] Level 1:colcon.colcon_core.package_identification:_identify(lab_code/ch04_lab) by extensions ['colcon_pkg']
[1.096s] Level 1:colcon.colcon_core.package_identification:_identify(lab_code/ch04_lab) by extension 'colcon_pkg'
[1.097s] Level 1:colcon.colcon_core.package_identification:_identify(lab_code/ch04_lab) by extensions ['colcon_meta']
[1.099s] Level 1:colcon.colcon_core.package_identification:_identify(lab_code/ch04_lab) by extension 'colcon_meta'
[1.100s] Level 1:colcon.colcon_core.package_identification:_identify(lab_code/ch04_lab) by extensions ['ros']
[1.101s] Level 1:colcon.colcon_core.package_identification:_identify(lab_code/ch04_lab) by extension 'ros'
[1.108s] Level 1:colcon.colcon_core.package_identification:_identify(lab_code/ch04_lab) by extensions ['cmake', 'python']
[1.108s] Level 1:colcon.colcon_core.package_identification:_identify(lab_code/ch04_lab) by extension 'cmake'
[1.109s] Level 1:colcon.colcon_core.package_identification:_identify(lab_code/ch04_lab) by extension 'python'
[1.111s] Level 1:colcon.colcon_core.package_identification:_identify(lab_code/ch04_lab) by extensions ['python_setup_py']
[1.111s] Level 1:colcon.colcon_core.package_identification:_identify(lab_code/ch04_lab) by extension 'python_setup_py'
[1.122s] Level 1:colcon.colcon_core.package_identification:_identify(lab_code/ch04_lab/docs) by extensions ['ignore', 'ignore_ament_install']
[1.122s] Level 1:colcon.colcon_core.package_identification:_identify(lab_code/ch04_lab/docs) by extension 'ignore'
[1.124s] Level 1:colcon.colcon_core.package_identification:_identify(lab_code/ch04_lab/docs) by extension 'ignore_ament_install'
[1.127s] Level 1:colcon.colcon_core.package_identification:_identify(lab_code/ch04_lab/docs) by extensions ['colcon_pkg']
[1.127s] Level 1:colcon.colcon_core.package_identification:_identify(lab_code/ch04_lab/docs) by extension 'colcon_pkg'
[1.129s] Level 1:colcon.colcon_core.package_identification:_identify(lab_code/ch04_lab/docs) by extensions ['colcon_meta']
[1.130s] Level 1:colcon.colcon_core.package_identification:_identify(lab_code/ch04_lab/docs) by extension 'colcon_meta'
[1.132s] Level 1:colcon.colcon_core.package_identification:_identify(lab_code/ch04_lab/docs) by extensions ['ros']
[1.133s] Level 1:colcon.colcon_core.package_identification:_identify(lab_code/ch04_lab/docs) by extension 'ros'
[1.142s] Level 1:colcon.colcon_core.package_identification:_identify(lab_code/ch04_lab/docs) by extensions ['cmake', 'python']
[1.142s] Level 1:colcon.colcon_core.package_identification:_identify(lab_code/ch04_lab/docs) by extension 'cmake'
[1.145s] Level 1:colcon.colcon_core.package_identification:_identify(lab_code/ch04_lab/docs) by extension 'python'
[1.148s] Level 1:colcon.colcon_core.package_identification:_identify(lab_code/ch04_lab/docs) by extensions ['python_setup_py']
[1.149s] Level 1:colcon.colcon_core.package_identification:_identify(lab_code/ch04_lab/docs) by extension 'python_setup_py'
[1.156s] Level 1:colcon.colcon_core.package_identification:_identify(lab_code/ch04_lab/docs/images) by extensions ['ignore', 'ignore_ament_install']
[1.156s] Level 1:colcon.colcon_core.package_identification:_identify(lab_code/ch04_lab/docs/images) by extension 'ignore'
[1.158s] Level 1:colcon.colcon_core.package_identification:_identify(lab_code/ch04_lab/docs/images) by extension 'ignore_ament_install'
[1.162s] Level 1:colcon.colcon_core.package_identification:_identify(lab_code/ch04_lab/docs/images) by extensions ['colcon_pkg']
[1.163s] Level 1:colcon.colcon_core.package_identification:_identify(lab_code/ch04_lab/docs/images) by extension 'colcon_pkg'
[1.165s] Level 1:colcon.colcon_core.package_identification:_identify(lab_code/ch04_lab/docs/images) by extensions ['colcon_meta']
[1.165s] Level 1:colcon.colcon_core.package_identification:_identify(lab_code/ch04_lab/docs/images) by extension 'colcon_meta'
[1.169s] Level 1:colcon.colcon_core.package_identification:_identify(lab_code/ch04_lab/docs/images) by extensions ['ros']
[1.169s] Level 1:colcon.colcon_core.package_identification:_identify(lab_code/ch04_lab/docs/images) by extension 'ros'
[1.187s] Level 1:colcon.colcon_core.package_identification:_identify(lab_code/ch04_lab/docs/images) by extensions ['cmake', 'python']
[1.187s] Level 1:colcon.colcon_core.package_identification:_identify(lab_code/ch04_lab/docs/images) by extension 'cmake'
[1.191s] Level 1:colcon.colcon_core.package_identification:_identify(lab_code/ch04_lab/docs/images) by extension 'python'
[1.193s] Level 1:colcon.colcon_core.package_identification:_identify(lab_code/ch04_lab/docs/images) by extensions ['python_setup_py']
[1.193s] Level 1:colcon.colcon_core.package_identification:_identify(lab_code/ch04_lab/docs/images) by extension 'python_setup_py'
[1.202s] Level 1:colcon.colcon_core.package_identification:_identify(lab_code/ch04_lab/service_demo) by extensions ['ignore', 'ignore_ament_install']
[1.203s] Level 1:colcon.colcon_core.package_identification:_identify(lab_code/ch04_lab/service_demo) by extension 'ignore'
[1.204s] Level 1:colcon.colcon_core.package_identification:_identify(lab_code/ch04_lab/service_demo) by extension 'ignore_ament_install'
[1.207s] Level 1:colcon.colcon_core.package_identification:_identify(lab_code/ch04_lab/service_demo) by extensions ['colcon_pkg']
[1.208s] Level 1:colcon.colcon_core.package_identification:_identify(lab_code/ch04_lab/service_demo) by extension 'colcon_pkg'
[1.210s] Level 1:colcon.colcon_core.package_identification:_identify(lab_code/ch04_lab/service_demo) by extensions ['colcon_meta']
[1.210s] Level 1:colcon.colcon_core.package_identification:_identify(lab_code/ch04_lab/service_demo) by extension 'colcon_meta'
[1.217s] Level 1:colcon.colcon_core.package_identification:_identify(lab_code/ch04_lab/service_demo) by extensions ['ros']
[1.217s] Level 1:colcon.colcon_core.package_identification:_identify(lab_code/ch04_lab/service_demo) by extension 'ros'
[1.244s] DEBUG:colcon.colcon_core.package_identification:Package 'lab_code/ch04_lab/service_demo' with type 'ros.ament_python' and name 'service_demo'
[1.247s] Level 1:colcon.colcon_core.package_identification:_identify(lab_code/ch05_lab) by extensions ['ignore', 'ignore_ament_install']
[1.248s] Level 1:colcon.colcon_core.package_identification:_identify(lab_code/ch05_lab) by extension 'ignore'
[1.249s] Level 1:colcon.colcon_core.package_identification:_identify(lab_code/ch05_lab) by extension 'ignore_ament_install'
[1.250s] Level 1:colcon.colcon_core.package_identification:_identify(lab_code/ch05_lab) by extensions ['colcon_pkg']
[1.251s] Level 1:colcon.colcon_core.package_identification:_identify(lab_code/ch05_lab) by extension 'colcon_pkg'
[1.252s] Level 1:colcon.colcon_core.package_identification:_identify(lab_code/ch05_lab) by extensions ['colcon_meta']
[1.252s] Level 1:colcon.colcon_core.package_identification:_identify(lab_code/ch05_lab) by extension 'colcon_meta'
[1.253s] Level 1:colcon.colcon_core.package_identification:_identify(lab_code/ch05_lab) by extensions ['ros']
[1.253s] Level 1:colcon.colcon_core.package_identification:_identify(lab_code/ch05_lab) by extension 'ros'
[1.258s] Level 1:colcon.colcon_core.package_identification:_identify(lab_code/ch05_lab) by extensions ['cmake', 'python']
[1.258s] Level 1:colcon.colcon_core.package_identification:_identify(lab_code/ch05_lab) by extension 'cmake'
[1.260s] Level 1:colcon.colcon_core.package_identification:_identify(lab_code/ch05_lab) by extension 'python'
[1.264s] Level 1:colcon.colcon_core.package_identification:_identify(lab_code/ch05_lab) by extensions ['python_setup_py']
[1.265s] Level 1:colcon.colcon_core.package_identification:_identify(lab_code/ch05_lab) by extension 'python_setup_py'
[1.274s] Level 1:colcon.colcon_core.package_identification:_identify(lab_code/ch05_lab/action_demo) by extensions ['ignore', 'ignore_ament_install']
[1.275s] Level 1:colcon.colcon_core.package_identification:_identify(lab_code/ch05_lab/action_demo) by extension 'ignore'
[1.278s] Level 1:colcon.colcon_core.package_identification:_identify(lab_code/ch05_lab/action_demo) by extension 'ignore_ament_install'
[1.284s] Level 1:colcon.colcon_core.package_identification:_identify(lab_code/ch05_lab/action_demo) by extensions ['colcon_pkg']
[1.285s] Level 1:colcon.colcon_core.package_identification:_identify(lab_code/ch05_lab/action_demo) by extension 'colcon_pkg'
[1.286s] Level 1:colcon.colcon_core.package_identification:_identify(lab_code/ch05_lab/action_demo) by extensions ['colcon_meta']
[1.287s] Level 1:colcon.colcon_core.package_identification:_identify(lab_code/ch05_lab/action_demo) by extension 'colcon_meta'
[1.290s] Level 1:colcon.colcon_core.package_identification:_identify(lab_code/ch05_lab/action_demo) by extensions ['ros']
[1.291s] Level 1:colcon.colcon_core.package_identification:_identify(lab_code/ch05_lab/action_demo) by extension 'ros'
[1.305s] DEBUG:colcon.colcon_core.package_identification:Package 'lab_code/ch05_lab/action_demo' with type 'ros.ament_python' and name 'action_demo'
[1.309s] Level 1:colcon.colcon_core.package_identification:_identify(lab_code/ch05_lab/docs) by extensions ['ignore', 'ignore_ament_install']
[1.309s] Level 1:colcon.colcon_core.package_identification:_identify(lab_code/ch05_lab/docs) by extension 'ignore'
[1.315s] Level 1:colcon.colcon_core.package_identification:_identify(lab_code/ch05_lab/docs) by extension 'ignore_ament_install'
[1.319s] Level 1:colcon.colcon_core.package_identification:_identify(lab_code/ch05_lab/docs) by extensions ['colcon_pkg']
[1.320s] Level 1:colcon.colcon_core.package_identification:_identify(lab_code/ch05_lab/docs) by extension 'colcon_pkg'
[1.321s] Level 1:colcon.colcon_core.package_identification:_identify(lab_code/ch05_lab/docs) by extensions ['colcon_meta']
[1.322s] Level 1:colcon.colcon_core.package_identification:_identify(lab_code/ch05_lab/docs) by extension 'colcon_meta'
[1.326s] Level 1:colcon.colcon_core.package_identification:_identify(lab_code/ch05_lab/docs) by extensions ['ros']
[1.327s] Level 1:colcon.colcon_core.package_identification:_identify(lab_code/ch05_lab/docs) by extension 'ros'
[1.336s] Level 1:colcon.colcon_core.package_identification:_identify(lab_code/ch05_lab/docs) by extensions ['cmake', 'python']
[1.336s] Level 1:colcon.colcon_core.package_identification:_identify(lab_code/ch05_lab/docs) by extension 'cmake'
[1.338s] Level 1:colcon.colcon_core.package_identification:_identify(lab_code/ch05_lab/docs) by extension 'python'
[1.343s] Level 1:colcon.colcon_core.package_identification:_identify(lab_code/ch05_lab/docs) by extensions ['python_setup_py']
[1.344s] Level 1:colcon.colcon_core.package_identification:_identify(lab_code/ch05_lab/docs) by extension 'python_setup_py'
[1.355s] Level 1:colcon.colcon_core.package_identification:_identify(lab_code/ch05_lab/docs/images) by extensions ['ignore', 'ignore_ament_install']
[1.356s] Level 1:colcon.colcon_core.package_identification:_identify(lab_code/ch05_lab/docs/images) by extension 'ignore'
[1.359s] Level 1:colcon.colcon_core.package_identification:_identify(lab_code/ch05_lab/docs/images) by extension 'ignore_ament_install'
[1.368s] Level 1:colcon.colcon_core.package_identification:_identify(lab_code/ch05_lab/docs/images) by extensions ['colcon_pkg']
[1.369s] Level 1:colcon.colcon_core.package_identification:_identify(lab_code/ch05_lab/docs/images) by extension 'colcon_pkg'
[1.371s] Level 1:colcon.colcon_core.package_identification:_identify(lab_code/ch05_lab/docs/images) by extensions ['colcon_meta']
[1.371s] Level 1:colcon.colcon_core.package_identification:_identify(lab_code/ch05_lab/docs/images) by extension 'colcon_meta'
[1.383s] Level 1:colcon.colcon_core.package_identification:_identify(lab_code/ch05_lab/docs/images) by extensions ['ros']
[1.383s] Level 1:colcon.colcon_core.package_identification:_identify(lab_code/ch05_lab/docs/images) by extension 'ros'
[1.402s] Level 1:colcon.colcon_core.package_identification:_identify(lab_code/ch05_lab/docs/images) by extensions ['cmake', 'python']
[1.403s] Level 1:colcon.colcon_core.package_identification:_identify(lab_code/ch05_lab/docs/images) by extension 'cmake'
[1.406s] Level 1:colcon.colcon_core.package_identification:_identify(lab_code/ch05_lab/docs/images) by extension 'python'
[1.409s] Level 1:colcon.colcon_core.package_identification:_identify(lab_code/ch05_lab/docs/images) by extensions ['python_setup_py']
[1.409s] Level 1:colcon.colcon_core.package_identification:_identify(lab_code/ch05_lab/docs/images) by extension 'python_setup_py'
[1.415s] Level 1:colcon.colcon_core.package_identification:_identify(lab_code/ch06_lab) by extensions ['ignore', 'ignore_ament_install']
[1.415s] Level 1:colcon.colcon_core.package_identification:_identify(lab_code/ch06_lab) by extension 'ignore'
[1.417s] Level 1:colcon.colcon_core.package_identification:_identify(lab_code/ch06_lab) by extension 'ignore_ament_install'
[1.419s] Level 1:colcon.colcon_core.package_identification:_identify(lab_code/ch06_lab) by extensions ['colcon_pkg']
[1.420s] Level 1:colcon.colcon_core.package_identification:_identify(lab_code/ch06_lab) by extension 'colcon_pkg'
[1.421s] Level 1:colcon.colcon_core.package_identification:_identify(lab_code/ch06_lab) by extensions ['colcon_meta']
[1.421s] Level 1:colcon.colcon_core.package_identification:_identify(lab_code/ch06_lab) by extension 'colcon_meta'
[1.422s] Level 1:colcon.colcon_core.package_identification:_identify(lab_code/ch06_lab) by extensions ['ros']
[1.424s] Level 1:colcon.colcon_core.package_identification:_identify(lab_code/ch06_lab) by extension 'ros'
[1.430s] Level 1:colcon.colcon_core.package_identification:_identify(lab_code/ch06_lab) by extensions ['cmake', 'python']
[1.431s] Level 1:colcon.colcon_core.package_identification:_identify(lab_code/ch06_lab) by extension 'cmake'
[1.432s] Level 1:colcon.colcon_core.package_identification:_identify(lab_code/ch06_lab) by extension 'python'
[1.434s] Level 1:colcon.colcon_core.package_identification:_identify(lab_code/ch06_lab) by extensions ['python_setup_py']
[1.434s] Level 1:colcon.colcon_core.package_identification:_identify(lab_code/ch06_lab) by extension 'python_setup_py'
[1.442s] Level 1:colcon.colcon_core.package_identification:_identify(lab_code/ch06_lab/param_demo) by extensions ['ignore', 'ignore_ament_install']
[1.442s] Level 1:colcon.colcon_core.package_identification:_identify(lab_code/ch06_lab/param_demo) by extension 'ignore'
[1.444s] Level 1:colcon.colcon_core.package_identification:_identify(lab_code/ch06_lab/param_demo) by extension 'ignore_ament_install'
[1.451s] Level 1:colcon.colcon_core.package_identification:_identify(lab_code/ch06_lab/param_demo) by extensions ['colcon_pkg']
[1.451s] Level 1:colcon.colcon_core.package_identification:_identify(lab_code/ch06_lab/param_demo) by extension 'colcon_pkg'
[1.457s] Level 1:colcon.colcon_core.package_identification:_identify(lab_code/ch06_lab/param_demo) by extensions ['colcon_meta']
[1.458s] Level 1:colcon.colcon_core.package_identification:_identify(lab_code/ch06_lab/param_demo) by extension 'colcon_meta'
[1.461s] Level 1:colcon.colcon_core.package_identification:_identify(lab_code/ch06_lab/param_demo) by extensions ['ros']
[1.462s] Level 1:colcon.colcon_core.package_identification:_identify(lab_code/ch06_lab/param_demo) by extension 'ros'
[1.489s] DEBUG:colcon.colcon_core.package_identification:Package 'lab_code/ch06_lab/param_demo' with type 'ros.ament_python' and name 'param_demo'
[1.496s] Level 1:colcon.colcon_core.package_identification:_identify(lab_code/ch07_lab) by extensions ['ignore', 'ignore_ament_install']
[1.496s] Level 1:colcon.colcon_core.package_identification:_identify(lab_code/ch07_lab) by extension 'ignore'
[1.498s] Level 1:colcon.colcon_core.package_identification:_identify(lab_code/ch07_lab) by extension 'ignore_ament_install'
[1.501s] Level 1:colcon.colcon_core.package_identification:_identify(lab_code/ch07_lab) by extensions ['colcon_pkg']
[1.501s] Level 1:colcon.colcon_core.package_identification:_identify(lab_code/ch07_lab) by extension 'colcon_pkg'
[1.502s] Level 1:colcon.colcon_core.package_identification:_identify(lab_code/ch07_lab) by extensions ['colcon_meta']
[1.502s] Level 1:colcon.colcon_core.package_identification:_identify(lab_code/ch07_lab) by extension 'colcon_meta'
[1.504s] Level 1:colcon.colcon_core.package_identification:_identify(lab_code/ch07_lab) by extensions ['ros']
[1.505s] Level 1:colcon.colcon_core.package_identification:_identify(lab_code/ch07_lab) by extension 'ros'
[1.511s] Level 1:colcon.colcon_core.package_identification:_identify(lab_code/ch07_lab) by extensions ['cmake', 'python']
[1.512s] Level 1:colcon.colcon_core.package_identification:_identify(lab_code/ch07_lab) by extension 'cmake'
[1.514s] Level 1:colcon.colcon_core.package_identification:_identify(lab_code/ch07_lab) by extension 'python'
[1.515s] Level 1:colcon.colcon_core.package_identification:_identify(lab_code/ch07_lab) by extensions ['python_setup_py']
[1.515s] Level 1:colcon.colcon_core.package_identification:_identify(lab_code/ch07_lab) by extension 'python_setup_py'
[1.523s] Level 1:colcon.colcon_core.package_identification:_identify(lab_code/ch07_lab/tf_demo) by extensions ['ignore', 'ignore_ament_install']
[1.524s] Level 1:colcon.colcon_core.package_identification:_identify(lab_code/ch07_lab/tf_demo) by extension 'ignore'
[1.525s] Level 1:colcon.colcon_core.package_identification:_identify(lab_code/ch07_lab/tf_demo) by extension 'ignore_ament_install'
[1.529s] Level 1:colcon.colcon_core.package_identification:_identify(lab_code/ch07_lab/tf_demo) by extensions ['colcon_pkg']
[1.529s] Level 1:colcon.colcon_core.package_identification:_identify(lab_code/ch07_lab/tf_demo) by extension 'colcon_pkg'
[1.532s] Level 1:colcon.colcon_core.package_identification:_identify(lab_code/ch07_lab/tf_demo) by extensions ['colcon_meta']
[1.532s] Level 1:colcon.colcon_core.package_identification:_identify(lab_code/ch07_lab/tf_demo) by extension 'colcon_meta'
[1.535s] Level 1:colcon.colcon_core.package_identification:_identify(lab_code/ch07_lab/tf_demo) by extensions ['ros']
[1.544s] Level 1:colcon.colcon_core.package_identification:_identify(lab_code/ch07_lab/tf_demo) by extension 'ros'
[1.575s] DEBUG:colcon.colcon_core.package_identification:Package 'lab_code/ch07_lab/tf_demo' with type 'ros.ament_python' and name 'tf_demo'
[1.592s] Level 1:colcon.colcon_core.package_identification:_identify(lab_code/ch08_lab) by extensions ['ignore', 'ignore_ament_install']
[1.593s] Level 1:colcon.colcon_core.package_identification:_identify(lab_code/ch08_lab) by extension 'ignore'
[1.594s] Level 1:colcon.colcon_core.package_identification:_identify(lab_code/ch08_lab) by extension 'ignore_ament_install'
[1.605s] Level 1:colcon.colcon_core.package_identification:_identify(lab_code/ch08_lab) by extensions ['colcon_pkg']
[1.606s] Level 1:colcon.colcon_core.package_identification:_identify(lab_code/ch08_lab) by extension 'colcon_pkg'
[1.612s] Level 1:colcon.colcon_core.package_identification:_identify(lab_code/ch08_lab) by extensions ['colcon_meta']
[1.612s] Level 1:colcon.colcon_core.package_identification:_identify(lab_code/ch08_lab) by extension 'colcon_meta'
[1.615s] Level 1:colcon.colcon_core.package_identification:_identify(lab_code/ch08_lab) by extensions ['ros']
[1.616s] Level 1:colcon.colcon_core.package_identification:_identify(lab_code/ch08_lab) by extension 'ros'
[1.624s] Level 1:colcon.colcon_core.package_identification:_identify(lab_code/ch08_lab) by extensions ['cmake', 'python']
[1.624s] Level 1:colcon.colcon_core.package_identification:_identify(lab_code/ch08_lab) by extension 'cmake'
[1.627s] Level 1:colcon.colcon_core.package_identification:_identify(lab_code/ch08_lab) by extension 'python'
[1.629s] Level 1:colcon.colcon_core.package_identification:_identify(lab_code/ch08_lab) by extensions ['python_setup_py']
[1.629s] Level 1:colcon.colcon_core.package_identification:_identify(lab_code/ch08_lab) by extension 'python_setup_py'
[1.652s] Level 1:colcon.colcon_core.package_identification:_identify(lab_code/ch08_lab/urdf_demo) by extensions ['ignore', 'ignore_ament_install']
[1.653s] Level 1:colcon.colcon_core.package_identification:_identify(lab_code/ch08_lab/urdf_demo) by extension 'ignore'
[1.654s] Level 1:colcon.colcon_core.package_identification:_identify(lab_code/ch08_lab/urdf_demo) by extension 'ignore_ament_install'
[1.663s] Level 1:colcon.colcon_core.package_identification:_identify(lab_code/ch08_lab/urdf_demo) by extensions ['colcon_pkg']
[1.663s] Level 1:colcon.colcon_core.package_identification:_identify(lab_code/ch08_lab/urdf_demo) by extension 'colcon_pkg'
[1.671s] Level 1:colcon.colcon_core.package_identification:_identify(lab_code/ch08_lab/urdf_demo) by extensions ['colcon_meta']
[1.671s] Level 1:colcon.colcon_core.package_identification:_identify(lab_code/ch08_lab/urdf_demo) by extension 'colcon_meta'
[1.677s] Level 1:colcon.colcon_core.package_identification:_identify(lab_code/ch08_lab/urdf_demo) by extensions ['ros']
[1.677s] Level 1:colcon.colcon_core.package_identification:_identify(lab_code/ch08_lab/urdf_demo) by extension 'ros'
[1.718s] DEBUG:colcon.colcon_core.package_identification:Package 'lab_code/ch08_lab/urdf_demo' with type 'ros.ament_python' and name 'urdf_demo'
[1.723s] Level 1:colcon.colcon_core.package_identification:_identify(lab_code/ch09_lab) by extensions ['ignore', 'ignore_ament_install']
[1.723s] Level 1:colcon.colcon_core.package_identification:_identify(lab_code/ch09_lab) by extension 'ignore'
[1.725s] Level 1:colcon.colcon_core.package_identification:_identify(lab_code/ch09_lab) by extension 'ignore_ament_install'
[1.727s] Level 1:colcon.colcon_core.package_identification:_identify(lab_code/ch09_lab) by extensions ['colcon_pkg']
[1.728s] Level 1:colcon.colcon_core.package_identification:_identify(lab_code/ch09_lab) by extension 'colcon_pkg'
[1.729s] Level 1:colcon.colcon_core.package_identification:_identify(lab_code/ch09_lab) by extensions ['colcon_meta']
[1.729s] Level 1:colcon.colcon_core.package_identification:_identify(lab_code/ch09_lab) by extension 'colcon_meta'
[1.730s] Level 1:colcon.colcon_core.package_identification:_identify(lab_code/ch09_lab) by extensions ['ros']
[1.730s] Level 1:colcon.colcon_core.package_identification:_identify(lab_code/ch09_lab) by extension 'ros'
[1.735s] Level 1:colcon.colcon_core.package_identification:_identify(lab_code/ch09_lab) by extensions ['cmake', 'python']
[1.735s] Level 1:colcon.colcon_core.package_identification:_identify(lab_code/ch09_lab) by extension 'cmake'
[1.736s] Level 1:colcon.colcon_core.package_identification:_identify(lab_code/ch09_lab) by extension 'python'
[1.738s] Level 1:colcon.colcon_core.package_identification:_identify(lab_code/ch09_lab) by extensions ['python_setup_py']
[1.738s] Level 1:colcon.colcon_core.package_identification:_identify(lab_code/ch09_lab) by extension 'python_setup_py'
[1.746s] Level 1:colcon.colcon_core.package_identification:_identify(lab_code/ch09_lab/sim_demo) by extensions ['ignore', 'ignore_ament_install']
[1.746s] Level 1:colcon.colcon_core.package_identification:_identify(lab_code/ch09_lab/sim_demo) by extension 'ignore'
[1.748s] Level 1:colcon.colcon_core.package_identification:_identify(lab_code/ch09_lab/sim_demo) by extension 'ignore_ament_install'
[1.751s] Level 1:colcon.colcon_core.package_identification:_identify(lab_code/ch09_lab/sim_demo) by extensions ['colcon_pkg']
[1.752s] Level 1:colcon.colcon_core.package_identification:_identify(lab_code/ch09_lab/sim_demo) by extension 'colcon_pkg'
[1.753s] Level 1:colcon.colcon_core.package_identification:_identify(lab_code/ch09_lab/sim_demo) by extensions ['colcon_meta']
[1.753s] Level 1:colcon.colcon_core.package_identification:_identify(lab_code/ch09_lab/sim_demo) by extension 'colcon_meta'
[1.756s] Level 1:colcon.colcon_core.package_identification:_identify(lab_code/ch09_lab/sim_demo) by extensions ['ros']
[1.757s] Level 1:colcon.colcon_core.package_identification:_identify(lab_code/ch09_lab/sim_demo) by extension 'ros'
[1.773s] DEBUG:colcon.colcon_core.package_identification:Package 'lab_code/ch09_lab/sim_demo' with type 'ros.ament_python' and name 'sim_demo'
[1.776s] Level 1:colcon.colcon_core.package_identification:_identify(lab_code/ch10_lab) by extensions ['ignore', 'ignore_ament_install']
[1.776s] Level 1:colcon.colcon_core.package_identification:_identify(lab_code/ch10_lab) by extension 'ignore'
[1.777s] Level 1:colcon.colcon_core.package_identification:_identify(lab_code/ch10_lab) by extension 'ignore_ament_install'
[1.779s] Level 1:colcon.colcon_core.package_identification:_identify(lab_code/ch10_lab) by extensions ['colcon_pkg']
[1.780s] Level 1:colcon.colcon_core.package_identification:_identify(lab_code/ch10_lab) by extension 'colcon_pkg'
[1.781s] Level 1:colcon.colcon_core.package_identification:_identify(lab_code/ch10_lab) by extensions ['colcon_meta']
[1.781s] Level 1:colcon.colcon_core.package_identification:_identify(lab_code/ch10_lab) by extension 'colcon_meta'
[1.782s] Level 1:colcon.colcon_core.package_identification:_identify(lab_code/ch10_lab) by extensions ['ros']
[1.782s] Level 1:colcon.colcon_core.package_identification:_identify(lab_code/ch10_lab) by extension 'ros'
[1.785s] Level 1:colcon.colcon_core.package_identification:_identify(lab_code/ch10_lab) by extensions ['cmake', 'python']
[1.785s] Level 1:colcon.colcon_core.package_identification:_identify(lab_code/ch10_lab) by extension 'cmake'
[1.786s] Level 1:colcon.colcon_core.package_identification:_identify(lab_code/ch10_lab) by extension 'python'
[1.787s] Level 1:colcon.colcon_core.package_identification:_identify(lab_code/ch10_lab) by extensions ['python_setup_py']
[1.787s] Level 1:colcon.colcon_core.package_identification:_identify(lab_code/ch10_lab) by extension 'python_setup_py'
[1.792s] Level 1:colcon.colcon_core.package_identification:_identify(lab_code/ch10_lab/slam_lab) by extensions ['ignore', 'ignore_ament_install']
[1.792s] Level 1:colcon.colcon_core.package_identification:_identify(lab_code/ch10_lab/slam_lab) by extension 'ignore'
[1.793s] Level 1:colcon.colcon_core.package_identification:_identify(lab_code/ch10_lab/slam_lab) by extension 'ignore_ament_install'
[1.796s] Level 1:colcon.colcon_core.package_identification:_identify(lab_code/ch10_lab/slam_lab) by extensions ['colcon_pkg']
[1.796s] Level 1:colcon.colcon_core.package_identification:_identify(lab_code/ch10_lab/slam_lab) by extension 'colcon_pkg'
[1.797s] Level 1:colcon.colcon_core.package_identification:_identify(lab_code/ch10_lab/slam_lab) by extensions ['colcon_meta']
[1.798s] Level 1:colcon.colcon_core.package_identification:_identify(lab_code/ch10_lab/slam_lab) by extension 'colcon_meta'
[1.801s] Level 1:colcon.colcon_core.package_identification:_identify(lab_code/ch10_lab/slam_lab) by extensions ['ros']
[1.801s] Level 1:colcon.colcon_core.package_identification:_identify(lab_code/ch10_lab/slam_lab) by extension 'ros'
[1.819s] DEBUG:colcon.colcon_core.package_identification:Package 'lab_code/ch10_lab/slam_lab' with type 'ros.ament_python' and name 'slam_lab'
[1.824s] Level 1:colcon.colcon_core.package_identification:_identify(lab_code/ch11_lab) by extensions ['ignore', 'ignore_ament_install']
[1.826s] Level 1:colcon.colcon_core.package_identification:_identify(lab_code/ch11_lab) by extension 'ignore'
[1.826s] Level 1:colcon.colcon_core.package_identification:_identify(lab_code/ch11_lab) by extension 'ignore_ament_install'
[1.827s] Level 1:colcon.colcon_core.package_identification:_identify(lab_code/ch11_lab) by extensions ['colcon_pkg']
[1.827s] Level 1:colcon.colcon_core.package_identification:_identify(lab_code/ch11_lab) by extension 'colcon_pkg'
[1.828s] Level 1:colcon.colcon_core.package_identification:_identify(lab_code/ch11_lab) by extensions ['colcon_meta']
[1.828s] Level 1:colcon.colcon_core.package_identification:_identify(lab_code/ch11_lab) by extension 'colcon_meta'
[1.829s] Level 1:colcon.colcon_core.package_identification:_identify(lab_code/ch11_lab) by extensions ['ros']
[1.830s] Level 1:colcon.colcon_core.package_identification:_identify(lab_code/ch11_lab) by extension 'ros'
[1.831s] Level 1:colcon.colcon_core.package_identification:_identify(lab_code/ch11_lab) by extensions ['cmake', 'python']
[1.832s] Level 1:colcon.colcon_core.package_identification:_identify(lab_code/ch11_lab) by extension 'cmake'
[1.832s] Level 1:colcon.colcon_core.package_identification:_identify(lab_code/ch11_lab) by extension 'python'
[1.833s] Level 1:colcon.colcon_core.package_identification:_identify(lab_code/ch11_lab) by extensions ['python_setup_py']
[1.834s] Level 1:colcon.colcon_core.package_identification:_identify(lab_code/ch11_lab) by extension 'python_setup_py'
[1.840s] Level 1:colcon.colcon_core.package_identification:_identify(lab_code/ch11_lab/navigation_lab) by extensions ['ignore', 'ignore_ament_install']
[1.840s] Level 1:colcon.colcon_core.package_identification:_identify(lab_code/ch11_lab/navigation_lab) by extension 'ignore'
[1.841s] Level 1:colcon.colcon_core.package_identification:_identify(lab_code/ch11_lab/navigation_lab) by extension 'ignore_ament_install'
[1.843s] Level 1:colcon.colcon_core.package_identification:_identify(lab_code/ch11_lab/navigation_lab) by extensions ['colcon_pkg']
[1.844s] Level 1:colcon.colcon_core.package_identification:_identify(lab_code/ch11_lab/navigation_lab) by extension 'colcon_pkg'
[1.851s] Level 1:colcon.colcon_core.package_identification:_identify(lab_code/ch11_lab/navigation_lab) by extensions ['colcon_meta']
[1.852s] Level 1:colcon.colcon_core.package_identification:_identify(lab_code/ch11_lab/navigation_lab) by extension 'colcon_meta'
[1.856s] Level 1:colcon.colcon_core.package_identification:_identify(lab_code/ch11_lab/navigation_lab) by extensions ['ros']
[1.856s] Level 1:colcon.colcon_core.package_identification:_identify(lab_code/ch11_lab/navigation_lab) by extension 'ros'
[1.872s] DEBUG:colcon.colcon_core.package_identification:Package 'lab_code/ch11_lab/navigation_lab' with type 'ros.ament_python' and name 'navigation_lab'
[1.876s] Level 1:colcon.colcon_core.package_identification:_identify(lab_code/ch12_lab) by extensions ['ignore', 'ignore_ament_install']
[1.876s] Level 1:colcon.colcon_core.package_identification:_identify(lab_code/ch12_lab) by extension 'ignore'
[1.877s] Level 1:colcon.colcon_core.package_identification:_identify(lab_code/ch12_lab) by extension 'ignore_ament_install'
[1.879s] Level 1:colcon.colcon_core.package_identification:_identify(lab_code/ch12_lab) by extensions ['colcon_pkg']
[1.879s] Level 1:colcon.colcon_core.package_identification:_identify(lab_code/ch12_lab) by extension 'colcon_pkg'
[1.880s] Level 1:colcon.colcon_core.package_identification:_identify(lab_code/ch12_lab) by extensions ['colcon_meta']
[1.880s] Level 1:colcon.colcon_core.package_identification:_identify(lab_code/ch12_lab) by extension 'colcon_meta'
[1.881s] Level 1:colcon.colcon_core.package_identification:_identify(lab_code/ch12_lab) by extensions ['ros']
[1.882s] Level 1:colcon.colcon_core.package_identification:_identify(lab_code/ch12_lab) by extension 'ros'
[1.885s] Level 1:colcon.colcon_core.package_identification:_identify(lab_code/ch12_lab) by extensions ['cmake', 'python']
[1.885s] Level 1:colcon.colcon_core.package_identification:_identify(lab_code/ch12_lab) by extension 'cmake'
[1.889s] Level 1:colcon.colcon_core.package_identification:_identify(lab_code/ch12_lab) by extension 'python'
[1.892s] Level 1:colcon.colcon_core.package_identification:_identify(lab_code/ch12_lab) by extensions ['python_setup_py']
[1.893s] Level 1:colcon.colcon_core.package_identification:_identify(lab_code/ch12_lab) by extension 'python_setup_py'
[1.905s] Level 1:colcon.colcon_core.package_identification:_identify(lab_code/ch12_lab/realsense_lab) by extensions ['ignore', 'ignore_ament_install']
[1.906s] Level 1:colcon.colcon_core.package_identification:_identify(lab_code/ch12_lab/realsense_lab) by extension 'ignore'
[1.911s] Level 1:colcon.colcon_core.package_identification:_identify(lab_code/ch12_lab/realsense_lab) by extension 'ignore_ament_install'
[1.922s] Level 1:colcon.colcon_core.package_identification:_identify(lab_code/ch12_lab/realsense_lab) by extensions ['colcon_pkg']
[1.922s] Level 1:colcon.colcon_core.package_identification:_identify(lab_code/ch12_lab/realsense_lab) by extension 'colcon_pkg'
[1.925s] Level 1:colcon.colcon_core.package_identification:_identify(lab_code/ch12_lab/realsense_lab) by extensions ['colcon_meta']
[1.926s] Level 1:colcon.colcon_core.package_identification:_identify(lab_code/ch12_lab/realsense_lab) by extension 'colcon_meta'
[1.934s] Level 1:colcon.colcon_core.package_identification:_identify(lab_code/ch12_lab/realsense_lab) by extensions ['ros']
[1.935s] Level 1:colcon.colcon_core.package_identification:_identify(lab_code/ch12_lab/realsense_lab) by extension 'ros'
[1.967s] DEBUG:colcon.colcon_core.package_identification:Package 'lab_code/ch12_lab/realsense_lab' with type 'ros.ament_python' and name 'realsense_lab'
[1.971s] Level 1:colcon.colcon_core.package_identification:_identify(lab_code/ch13_lab) by extensions ['ignore', 'ignore_ament_install']
[1.971s] Level 1:colcon.colcon_core.package_identification:_identify(lab_code/ch13_lab) by extension 'ignore'
[1.974s] Level 1:colcon.colcon_core.package_identification:_identify(lab_code/ch13_lab) by extension 'ignore_ament_install'
[1.977s] Level 1:colcon.colcon_core.package_identification:_identify(lab_code/ch13_lab) by extensions ['colcon_pkg']
[1.978s] Level 1:colcon.colcon_core.package_identification:_identify(lab_code/ch13_lab) by extension 'colcon_pkg'
[1.979s] Level 1:colcon.colcon_core.package_identification:_identify(lab_code/ch13_lab) by extensions ['colcon_meta']
[1.979s] Level 1:colcon.colcon_core.package_identification:_identify(lab_code/ch13_lab) by extension 'colcon_meta'
[1.980s] Level 1:colcon.colcon_core.package_identification:_identify(lab_code/ch13_lab) by extensions ['ros']
[1.980s] Level 1:colcon.colcon_core.package_identification:_identify(lab_code/ch13_lab) by extension 'ros'
[1.986s] Level 1:colcon.colcon_core.package_identification:_identify(lab_code/ch13_lab) by extensions ['cmake', 'python']
[1.987s] Level 1:colcon.colcon_core.package_identification:_identify(lab_code/ch13_lab) by extension 'cmake'
[1.988s] Level 1:colcon.colcon_core.package_identification:_identify(lab_code/ch13_lab) by extension 'python'
[1.990s] Level 1:colcon.colcon_core.package_identification:_identify(lab_code/ch13_lab) by extensions ['python_setup_py']
[1.992s] Level 1:colcon.colcon_core.package_identification:_identify(lab_code/ch13_lab) by extension 'python_setup_py'
[2.002s] Level 1:colcon.colcon_core.package_identification:_identify(lab_code/ch13_lab/__pycache__) by extensions ['ignore', 'ignore_ament_install']
[2.002s] Level 1:colcon.colcon_core.package_identification:_identify(lab_code/ch13_lab/__pycache__) by extension 'ignore'
[2.004s] Level 1:colcon.colcon_core.package_identification:_identify(lab_code/ch13_lab/__pycache__) by extension 'ignore_ament_install'
[2.010s] Level 1:colcon.colcon_core.package_identification:_identify(lab_code/ch13_lab/__pycache__) by extensions ['colcon_pkg']
[2.011s] Level 1:colcon.colcon_core.package_identification:_identify(lab_code/ch13_lab/__pycache__) by extension 'colcon_pkg'
[2.014s] Level 1:colcon.colcon_core.package_identification:_identify(lab_code/ch13_lab/__pycache__) by extensions ['colcon_meta']
[2.015s] Level 1:colcon.colcon_core.package_identification:_identify(lab_code/ch13_lab/__pycache__) by extension 'colcon_meta'
[2.020s] Level 1:colcon.colcon_core.package_identification:_identify(lab_code/ch13_lab/__pycache__) by extensions ['ros']
[2.020s] Level 1:colcon.colcon_core.package_identification:_identify(lab_code/ch13_lab/__pycache__) by extension 'ros'
[2.041s] Level 1:colcon.colcon_core.package_identification:_identify(lab_code/ch13_lab/__pycache__) by extensions ['cmake', 'python']
[2.043s] Level 1:colcon.colcon_core.package_identification:_identify(lab_code/ch13_lab/__pycache__) by extension 'cmake'
[2.047s] Level 1:colcon.colcon_core.package_identification:_identify(lab_code/ch13_lab/__pycache__) by extension 'python'
[2.049s] Level 1:colcon.colcon_core.package_identification:_identify(lab_code/ch13_lab/__pycache__) by extensions ['python_setup_py']
[2.050s] Level 1:colcon.colcon_core.package_identification:_identify(lab_code/ch13_lab/__pycache__) by extension 'python_setup_py'
[2.065s] Level 1:colcon.colcon_core.package_identification:_identify(lab_code/ch13_lab/slam_bringup_lab) by extensions ['ignore', 'ignore_ament_install']
[2.065s] Level 1:colcon.colcon_core.package_identification:_identify(lab_code/ch13_lab/slam_bringup_lab) by extension 'ignore'
[2.073s] Level 1:colcon.colcon_core.package_identification:_identify(lab_code/ch13_lab/slam_bringup_lab) by extension 'ignore_ament_install'
[2.083s] Level 1:colcon.colcon_core.package_identification:_identify(lab_code/ch13_lab/slam_bringup_lab) by extensions ['colcon_pkg']
[2.083s] Level 1:colcon.colcon_core.package_identification:_identify(lab_code/ch13_lab/slam_bringup_lab) by extension 'colcon_pkg'
[2.085s] Level 1:colcon.colcon_core.package_identification:_identify(lab_code/ch13_lab/slam_bringup_lab) by extensions ['colcon_meta']
[2.086s] Level 1:colcon.colcon_core.package_identification:_identify(lab_code/ch13_lab/slam_bringup_lab) by extension 'colcon_meta'
[2.091s] Level 1:colcon.colcon_core.package_identification:_identify(lab_code/ch13_lab/slam_bringup_lab) by extensions ['ros']
[2.091s] Level 1:colcon.colcon_core.package_identification:_identify(lab_code/ch13_lab/slam_bringup_lab) by extension 'ros'
[2.121s] DEBUG:colcon.colcon_core.package_identification:Package 'lab_code/ch13_lab/slam_bringup_lab' with type 'ros.ament_python' and name 'slam_bringup_lab'
[2.129s] Level 1:colcon.colcon_core.package_identification:_identify(lab_code/ch14_lab) by extensions ['ignore', 'ignore_ament_install']
[2.130s] Level 1:colcon.colcon_core.package_identification:_identify(lab_code/ch14_lab) by extension 'ignore'
[2.134s] Level 1:colcon.colcon_core.package_identification:_identify(lab_code/ch14_lab) by extension 'ignore_ament_install'
[2.140s] Level 1:colcon.colcon_core.package_identification:_identify(lab_code/ch14_lab) by extensions ['colcon_pkg']
[2.140s] Level 1:colcon.colcon_core.package_identification:_identify(lab_code/ch14_lab) by extension 'colcon_pkg'
[2.151s] Level 1:colcon.colcon_core.package_identification:_identify(lab_code/ch14_lab) by extensions ['colcon_meta']
[2.152s] Level 1:colcon.colcon_core.package_identification:_identify(lab_code/ch14_lab) by extension 'colcon_meta'
[2.156s] Level 1:colcon.colcon_core.package_identification:_identify(lab_code/ch14_lab) by extensions ['ros']
[2.156s] Level 1:colcon.colcon_core.package_identification:_identify(lab_code/ch14_lab) by extension 'ros'
[2.170s] Level 1:colcon.colcon_core.package_identification:_identify(lab_code/ch14_lab) by extensions ['cmake', 'python']
[2.171s] Level 1:colcon.colcon_core.package_identification:_identify(lab_code/ch14_lab) by extension 'cmake'
[2.174s] Level 1:colcon.colcon_core.package_identification:_identify(lab_code/ch14_lab) by extension 'python'
[2.177s] Level 1:colcon.colcon_core.package_identification:_identify(lab_code/ch14_lab) by extensions ['python_setup_py']
[2.178s] Level 1:colcon.colcon_core.package_identification:_identify(lab_code/ch14_lab) by extension 'python_setup_py'
[2.193s] Level 1:colcon.colcon_core.package_identification:_identify(lab_code/ch14_lab/__pycache__) by extensions ['ignore', 'ignore_ament_install']
[2.194s] Level 1:colcon.colcon_core.package_identification:_identify(lab_code/ch14_lab/__pycache__) by extension 'ignore'
[2.198s] Level 1:colcon.colcon_core.package_identification:_identify(lab_code/ch14_lab/__pycache__) by extension 'ignore_ament_install'
[2.203s] Level 1:colcon.colcon_core.package_identification:_identify(lab_code/ch14_lab/__pycache__) by extensions ['colcon_pkg']
[2.203s] Level 1:colcon.colcon_core.package_identification:_identify(lab_code/ch14_lab/__pycache__) by extension 'colcon_pkg'
[2.205s] Level 1:colcon.colcon_core.package_identification:_identify(lab_code/ch14_lab/__pycache__) by extensions ['colcon_meta']
[2.205s] Level 1:colcon.colcon_core.package_identification:_identify(lab_code/ch14_lab/__pycache__) by extension 'colcon_meta'
[2.213s] Level 1:colcon.colcon_core.package_identification:_identify(lab_code/ch14_lab/__pycache__) by extensions ['ros']
[2.213s] Level 1:colcon.colcon_core.package_identification:_identify(lab_code/ch14_lab/__pycache__) by extension 'ros'
[2.228s] Level 1:colcon.colcon_core.package_identification:_identify(lab_code/ch14_lab/__pycache__) by extensions ['cmake', 'python']
[2.228s] Level 1:colcon.colcon_core.package_identification:_identify(lab_code/ch14_lab/__pycache__) by extension 'cmake'
[2.233s] Level 1:colcon.colcon_core.package_identification:_identify(lab_code/ch14_lab/__pycache__) by extension 'python'
[2.236s] Level 1:colcon.colcon_core.package_identification:_identify(lab_code/ch14_lab/__pycache__) by extensions ['python_setup_py']
[2.237s] Level 1:colcon.colcon_core.package_identification:_identify(lab_code/ch14_lab/__pycache__) by extension 'python_setup_py'
[2.258s] Level 1:colcon.colcon_core.package_identification:_identify(lab_code/ch14_lab/nav_bringup_lab) by extensions ['ignore', 'ignore_ament_install']
[2.259s] Level 1:colcon.colcon_core.package_identification:_identify(lab_code/ch14_lab/nav_bringup_lab) by extension 'ignore'
[2.266s] Level 1:colcon.colcon_core.package_identification:_identify(lab_code/ch14_lab/nav_bringup_lab) by extension 'ignore_ament_install'
[2.281s] Level 1:colcon.colcon_core.package_identification:_identify(lab_code/ch14_lab/nav_bringup_lab) by extensions ['colcon_pkg']
[2.282s] Level 1:colcon.colcon_core.package_identification:_identify(lab_code/ch14_lab/nav_bringup_lab) by extension 'colcon_pkg'
[2.285s] Level 1:colcon.colcon_core.package_identification:_identify(lab_code/ch14_lab/nav_bringup_lab) by extensions ['colcon_meta']
[2.285s] Level 1:colcon.colcon_core.package_identification:_identify(lab_code/ch14_lab/nav_bringup_lab) by extension 'colcon_meta'
[2.291s] Level 1:colcon.colcon_core.package_identification:_identify(lab_code/ch14_lab/nav_bringup_lab) by extensions ['ros']
[2.291s] Level 1:colcon.colcon_core.package_identification:_identify(lab_code/ch14_lab/nav_bringup_lab) by extension 'ros'
[2.310s] DEBUG:colcon.colcon_core.package_identification:Package 'lab_code/ch14_lab/nav_bringup_lab' with type 'ros.ament_python' and name 'nav_bringup_lab'
[2.313s] Level 1:colcon.colcon_core.package_identification:_identify(lab_code/ch15_lab) by extensions ['ignore', 'ignore_ament_install']
[2.313s] Level 1:colcon.colcon_core.package_identification:_identify(lab_code/ch15_lab) by extension 'ignore'
[2.315s] Level 1:colcon.colcon_core.package_identification:_identify(lab_code/ch15_lab) by extension 'ignore_ament_install'
[2.316s] Level 1:colcon.colcon_core.package_identification:_identify(lab_code/ch15_lab) by extensions ['colcon_pkg']
[2.316s] Level 1:colcon.colcon_core.package_identification:_identify(lab_code/ch15_lab) by extension 'colcon_pkg'
[2.317s] Level 1:colcon.colcon_core.package_identification:_identify(lab_code/ch15_lab) by extensions ['colcon_meta']
[2.317s] Level 1:colcon.colcon_core.package_identification:_identify(lab_code/ch15_lab) by extension 'colcon_meta'
[2.318s] Level 1:colcon.colcon_core.package_identification:_identify(lab_code/ch15_lab) by extensions ['ros']
[2.319s] Level 1:colcon.colcon_core.package_identification:_identify(lab_code/ch15_lab) by extension 'ros'
[2.322s] Level 1:colcon.colcon_core.package_identification:_identify(lab_code/ch15_lab) by extensions ['cmake', 'python']
[2.322s] Level 1:colcon.colcon_core.package_identification:_identify(lab_code/ch15_lab) by extension 'cmake'
[2.323s] Level 1:colcon.colcon_core.package_identification:_identify(lab_code/ch15_lab) by extension 'python'
[2.325s] Level 1:colcon.colcon_core.package_identification:_identify(lab_code/ch15_lab) by extensions ['python_setup_py']
[2.325s] Level 1:colcon.colcon_core.package_identification:_identify(lab_code/ch15_lab) by extension 'python_setup_py'
[2.331s] Level 1:colcon.colcon_core.package_identification:_identify(lab_code/ch15_lab/arm_joint_pub_lab) by extensions ['ignore', 'ignore_ament_install']
[2.332s] Level 1:colcon.colcon_core.package_identification:_identify(lab_code/ch15_lab/arm_joint_pub_lab) by extension 'ignore'
[2.333s] Level 1:colcon.colcon_core.package_identification:_identify(lab_code/ch15_lab/arm_joint_pub_lab) by extension 'ignore_ament_install'
[2.335s] Level 1:colcon.colcon_core.package_identification:_identify(lab_code/ch15_lab/arm_joint_pub_lab) by extensions ['colcon_pkg']
[2.335s] Level 1:colcon.colcon_core.package_identification:_identify(lab_code/ch15_lab/arm_joint_pub_lab) by extension 'colcon_pkg'
[2.336s] Level 1:colcon.colcon_core.package_identification:_identify(lab_code/ch15_lab/arm_joint_pub_lab) by extensions ['colcon_meta']
[2.337s] Level 1:colcon.colcon_core.package_identification:_identify(lab_code/ch15_lab/arm_joint_pub_lab) by extension 'colcon_meta'
[2.338s] Level 1:colcon.colcon_core.package_identification:_identify(lab_code/ch15_lab/arm_joint_pub_lab) by extensions ['ros']
[2.338s] Level 1:colcon.colcon_core.package_identification:_identify(lab_code/ch15_lab/arm_joint_pub_lab) by extension 'ros'
[2.354s] DEBUG:colcon.colcon_core.package_identification:Package 'lab_code/ch15_lab/arm_joint_pub_lab' with type 'ros.ament_python' and name 'arm_joint_pub_lab'
[2.360s] Level 1:colcon.colcon_core.package_identification:_identify(lab_code/ch15_lab/checker3) by extensions ['ignore', 'ignore_ament_install']
[2.361s] Level 1:colcon.colcon_core.package_identification:_identify(lab_code/ch15_lab/checker3) by extension 'ignore'
[2.362s] Level 1:colcon.colcon_core.package_identification:_identify(lab_code/ch15_lab/checker3) by extension 'ignore_ament_install'
[2.367s] Level 1:colcon.colcon_core.package_identification:_identify(lab_code/ch15_lab/checker3) by extensions ['colcon_pkg']
[2.367s] Level 1:colcon.colcon_core.package_identification:_identify(lab_code/ch15_lab/checker3) by extension 'colcon_pkg'
[2.371s] Level 1:colcon.colcon_core.package_identification:_identify(lab_code/ch15_lab/checker3) by extensions ['colcon_meta']
[2.371s] Level 1:colcon.colcon_core.package_identification:_identify(lab_code/ch15_lab/checker3) by extension 'colcon_meta'
[2.378s] Level 1:colcon.colcon_core.package_identification:_identify(lab_code/ch15_lab/checker3) by extensions ['ros']
[2.378s] Level 1:colcon.colcon_core.package_identification:_identify(lab_code/ch15_lab/checker3) by extension 'ros'
[2.393s] Level 1:colcon.colcon_core.package_identification:_identify(lab_code/ch15_lab/checker3) by extensions ['cmake', 'python']
[2.393s] Level 1:colcon.colcon_core.package_identification:_identify(lab_code/ch15_lab/checker3) by extension 'cmake'
[2.395s] Level 1:colcon.colcon_core.package_identification:_identify(lab_code/ch15_lab/checker3) by extension 'python'
[2.397s] Level 1:colcon.colcon_core.package_identification:_identify(lab_code/ch15_lab/checker3) by extensions ['python_setup_py']
[2.398s] Level 1:colcon.colcon_core.package_identification:_identify(lab_code/ch15_lab/checker3) by extension 'python_setup_py'
[2.404s] Level 1:colcon.colcon_core.package_identification:_identify(lab_code/ch16_lab) by extensions ['ignore', 'ignore_ament_install']
[2.404s] Level 1:colcon.colcon_core.package_identification:_identify(lab_code/ch16_lab) by extension 'ignore'
[2.405s] Level 1:colcon.colcon_core.package_identification:_identify(lab_code/ch16_lab) by extension 'ignore_ament_install'
[2.407s] Level 1:colcon.colcon_core.package_identification:_identify(lab_code/ch16_lab) by extensions ['colcon_pkg']
[2.407s] Level 1:colcon.colcon_core.package_identification:_identify(lab_code/ch16_lab) by extension 'colcon_pkg'
[2.408s] Level 1:colcon.colcon_core.package_identification:_identify(lab_code/ch16_lab) by extensions ['colcon_meta']
[2.408s] Level 1:colcon.colcon_core.package_identification:_identify(lab_code/ch16_lab) by extension 'colcon_meta'
[2.409s] Level 1:colcon.colcon_core.package_identification:_identify(lab_code/ch16_lab) by extensions ['ros']
[2.410s] Level 1:colcon.colcon_core.package_identification:_identify(lab_code/ch16_lab) by extension 'ros'
[2.419s] Level 1:colcon.colcon_core.package_identification:_identify(lab_code/ch16_lab) by extensions ['cmake', 'python']
[2.419s] Level 1:colcon.colcon_core.package_identification:_identify(lab_code/ch16_lab) by extension 'cmake'
[2.421s] Level 1:colcon.colcon_core.package_identification:_identify(lab_code/ch16_lab) by extension 'python'
[2.422s] Level 1:colcon.colcon_core.package_identification:_identify(lab_code/ch16_lab) by extensions ['python_setup_py']
[2.423s] Level 1:colcon.colcon_core.package_identification:_identify(lab_code/ch16_lab) by extension 'python_setup_py'
[2.435s] Level 1:colcon.colcon_core.package_identification:_identify(lab_code/ch16_lab/arm_state_publisher) by extensions ['ignore', 'ignore_ament_install']
[2.436s] Level 1:colcon.colcon_core.package_identification:_identify(lab_code/ch16_lab/arm_state_publisher) by extension 'ignore'
[2.439s] Level 1:colcon.colcon_core.package_identification:_identify(lab_code/ch16_lab/arm_state_publisher) by extension 'ignore_ament_install'
[2.443s] Level 1:colcon.colcon_core.package_identification:_identify(lab_code/ch16_lab/arm_state_publisher) by extensions ['colcon_pkg']
[2.443s] Level 1:colcon.colcon_core.package_identification:_identify(lab_code/ch16_lab/arm_state_publisher) by extension 'colcon_pkg'
[2.445s] Level 1:colcon.colcon_core.package_identification:_identify(lab_code/ch16_lab/arm_state_publisher) by extensions ['colcon_meta']
[2.445s] Level 1:colcon.colcon_core.package_identification:_identify(lab_code/ch16_lab/arm_state_publisher) by extension 'colcon_meta'
[2.451s] Level 1:colcon.colcon_core.package_identification:_identify(lab_code/ch16_lab/arm_state_publisher) by extensions ['ros']
[2.452s] Level 1:colcon.colcon_core.package_identification:_identify(lab_code/ch16_lab/arm_state_publisher) by extension 'ros'
[2.463s] Level 1:colcon.colcon_core.package_identification:_identify(lab_code/ch16_lab/arm_state_publisher) by extensions ['cmake', 'python']
[2.463s] Level 1:colcon.colcon_core.package_identification:_identify(lab_code/ch16_lab/arm_state_publisher) by extension 'cmake'
[2.465s] Level 1:colcon.colcon_core.package_identification:_identify(lab_code/ch16_lab/arm_state_publisher) by extension 'python'
[2.469s] Level 1:colcon.colcon_core.package_identification:_identify(lab_code/ch16_lab/arm_state_publisher) by extensions ['python_setup_py']
[2.469s] Level 1:colcon.colcon_core.package_identification:_identify(lab_code/ch16_lab/arm_state_publisher) by extension 'python_setup_py'
[2.491s] Level 1:colcon.colcon_core.package_identification:_identify(lab_code/ch16_lab/arm_state_publisher/__pycache__) by extensions ['ignore', 'ignore_ament_install']
[2.492s] Level 1:colcon.colcon_core.package_identification:_identify(lab_code/ch16_lab/arm_state_publisher/__pycache__) by extension 'ignore'
[2.495s] Level 1:colcon.colcon_core.package_identification:_identify(lab_code/ch16_lab/arm_state_publisher/__pycache__) by extension 'ignore_ament_install'
[2.505s] Level 1:colcon.colcon_core.package_identification:_identify(lab_code/ch16_lab/arm_state_publisher/__pycache__) by extensions ['colcon_pkg']
[2.506s] Level 1:colcon.colcon_core.package_identification:_identify(lab_code/ch16_lab/arm_state_publisher/__pycache__) by extension 'colcon_pkg'
[2.509s] Level 1:colcon.colcon_core.package_identification:_identify(lab_code/ch16_lab/arm_state_publisher/__pycache__) by extensions ['colcon_meta']
[2.510s] Level 1:colcon.colcon_core.package_identification:_identify(lab_code/ch16_lab/arm_state_publisher/__pycache__) by extension 'colcon_meta'
[2.521s] Level 1:colcon.colcon_core.package_identification:_identify(lab_code/ch16_lab/arm_state_publisher/__pycache__) by extensions ['ros']
[2.521s] Level 1:colcon.colcon_core.package_identification:_identify(lab_code/ch16_lab/arm_state_publisher/__pycache__) by extension 'ros'
[2.549s] Level 1:colcon.colcon_core.package_identification:_identify(lab_code/ch16_lab/arm_state_publisher/__pycache__) by extensions ['cmake', 'python']
[2.549s] Level 1:colcon.colcon_core.package_identification:_identify(lab_code/ch16_lab/arm_state_publisher/__pycache__) by extension 'cmake'
[2.554s] Level 1:colcon.colcon_core.package_identification:_identify(lab_code/ch16_lab/arm_state_publisher/__pycache__) by extension 'python'
[2.557s] Level 1:colcon.colcon_core.package_identification:_identify(lab_code/ch16_lab/arm_state_publisher/__pycache__) by extensions ['python_setup_py']
[2.558s] Level 1:colcon.colcon_core.package_identification:_identify(lab_code/ch16_lab/arm_state_publisher/__pycache__) by extension 'python_setup_py'
[2.571s] Level 1:colcon.colcon_core.package_identification:_identify(lab_code/ch16_lab/arm_urdf) by extensions ['ignore', 'ignore_ament_install']
[2.571s] Level 1:colcon.colcon_core.package_identification:_identify(lab_code/ch16_lab/arm_urdf) by extension 'ignore'
[2.574s] Level 1:colcon.colcon_core.package_identification:_identify(lab_code/ch16_lab/arm_urdf) by extension 'ignore_ament_install'
[2.581s] Level 1:colcon.colcon_core.package_identification:_identify(lab_code/ch16_lab/arm_urdf) by extensions ['colcon_pkg']
[2.582s] Level 1:colcon.colcon_core.package_identification:_identify(lab_code/ch16_lab/arm_urdf) by extension 'colcon_pkg'
[2.584s] Level 1:colcon.colcon_core.package_identification:_identify(lab_code/ch16_lab/arm_urdf) by extensions ['colcon_meta']
[2.585s] Level 1:colcon.colcon_core.package_identification:_identify(lab_code/ch16_lab/arm_urdf) by extension 'colcon_meta'
[2.588s] Level 1:colcon.colcon_core.package_identification:_identify(lab_code/ch16_lab/arm_urdf) by extensions ['ros']
[2.588s] Level 1:colcon.colcon_core.package_identification:_identify(lab_code/ch16_lab/arm_urdf) by extension 'ros'
[2.593s] Level 1:colcon.colcon_core.package_identification:_identify(lab_code/ch16_lab/arm_urdf) by extensions ['cmake', 'python']
[2.594s] Level 1:colcon.colcon_core.package_identification:_identify(lab_code/ch16_lab/arm_urdf) by extension 'cmake'
[2.597s] Level 1:colcon.colcon_core.package_identification:_identify(lab_code/ch16_lab/arm_urdf) by extension 'python'
[2.597s] Level 1:colcon.colcon_core.package_identification:_identify(lab_code/ch16_lab/arm_urdf) by extensions ['python_setup_py']
[2.598s] Level 1:colcon.colcon_core.package_identification:_identify(lab_code/ch16_lab/arm_urdf) by extension 'python_setup_py'
[2.605s] Level 1:colcon.colcon_core.package_identification:_identify(lab_code/ch16_lab/arm_urdf/launch) by extensions ['ignore', 'ignore_ament_install']
[2.605s] Level 1:colcon.colcon_core.package_identification:_identify(lab_code/ch16_lab/arm_urdf/launch) by extension 'ignore'
[2.607s] Level 1:colcon.colcon_core.package_identification:_identify(lab_code/ch16_lab/arm_urdf/launch) by extension 'ignore_ament_install'
[2.611s] Level 1:colcon.colcon_core.package_identification:_identify(lab_code/ch16_lab/arm_urdf/launch) by extensions ['colcon_pkg']
[2.611s] Level 1:colcon.colcon_core.package_identification:_identify(lab_code/ch16_lab/arm_urdf/launch) by extension 'colcon_pkg'
[2.613s] Level 1:colcon.colcon_core.package_identification:_identify(lab_code/ch16_lab/arm_urdf/launch) by extensions ['colcon_meta']
[2.614s] Level 1:colcon.colcon_core.package_identification:_identify(lab_code/ch16_lab/arm_urdf/launch) by extension 'colcon_meta'
[2.617s] Level 1:colcon.colcon_core.package_identification:_identify(lab_code/ch16_lab/arm_urdf/launch) by extensions ['ros']
[2.618s] Level 1:colcon.colcon_core.package_identification:_identify(lab_code/ch16_lab/arm_urdf/launch) by extension 'ros'
[2.633s] Level 1:colcon.colcon_core.package_identification:_identify(lab_code/ch16_lab/arm_urdf/launch) by extensions ['cmake', 'python']
[2.633s] Level 1:colcon.colcon_core.package_identification:_identify(lab_code/ch16_lab/arm_urdf/launch) by extension 'cmake'
[2.641s] Level 1:colcon.colcon_core.package_identification:_identify(lab_code/ch16_lab/arm_urdf/launch) by extension 'python'
[2.644s] Level 1:colcon.colcon_core.package_identification:_identify(lab_code/ch16_lab/arm_urdf/launch) by extensions ['python_setup_py']
[2.644s] Level 1:colcon.colcon_core.package_identification:_identify(lab_code/ch16_lab/arm_urdf/launch) by extension 'python_setup_py'
[2.665s] Level 1:colcon.colcon_core.package_identification:_identify(lab_code/ch16_lab/arm_urdf/launch/__pycache__) by extensions ['ignore', 'ignore_ament_install']
[2.666s] Level 1:colcon.colcon_core.package_identification:_identify(lab_code/ch16_lab/arm_urdf/launch/__pycache__) by extension 'ignore'
[2.672s] Level 1:colcon.colcon_core.package_identification:_identify(lab_code/ch16_lab/arm_urdf/launch/__pycache__) by extension 'ignore_ament_install'
[2.676s] Level 1:colcon.colcon_core.package_identification:_identify(lab_code/ch16_lab/arm_urdf/launch/__pycache__) by extensions ['colcon_pkg']
[2.676s] Level 1:colcon.colcon_core.package_identification:_identify(lab_code/ch16_lab/arm_urdf/launch/__pycache__) by extension 'colcon_pkg'
[2.679s] Level 1:colcon.colcon_core.package_identification:_identify(lab_code/ch16_lab/arm_urdf/launch/__pycache__) by extensions ['colcon_meta']
[2.679s] Level 1:colcon.colcon_core.package_identification:_identify(lab_code/ch16_lab/arm_urdf/launch/__pycache__) by extension 'colcon_meta'
[2.692s] Level 1:colcon.colcon_core.package_identification:_identify(lab_code/ch16_lab/arm_urdf/launch/__pycache__) by extensions ['ros']
[2.692s] Level 1:colcon.colcon_core.package_identification:_identify(lab_code/ch16_lab/arm_urdf/launch/__pycache__) by extension 'ros'
[2.709s] Level 1:colcon.colcon_core.package_identification:_identify(lab_code/ch16_lab/arm_urdf/launch/__pycache__) by extensions ['cmake', 'python']
[2.710s] Level 1:colcon.colcon_core.package_identification:_identify(lab_code/ch16_lab/arm_urdf/launch/__pycache__) by extension 'cmake'
[2.712s] Level 1:colcon.colcon_core.package_identification:_identify(lab_code/ch16_lab/arm_urdf/launch/__pycache__) by extension 'python'
[2.714s] Level 1:colcon.colcon_core.package_identification:_identify(lab_code/ch16_lab/arm_urdf/launch/__pycache__) by extensions ['python_setup_py']
[2.715s] Level 1:colcon.colcon_core.package_identification:_identify(lab_code/ch16_lab/arm_urdf/launch/__pycache__) by extension 'python_setup_py'
[2.725s] Level 1:colcon.colcon_core.package_identification:_identify(lab_code/ch16_lab/arm_urdf/urdf) by extensions ['ignore', 'ignore_ament_install']
[2.725s] Level 1:colcon.colcon_core.package_identification:_identify(lab_code/ch16_lab/arm_urdf/urdf) by extension 'ignore'
[2.727s] Level 1:colcon.colcon_core.package_identification:_identify(lab_code/ch16_lab/arm_urdf/urdf) by extension 'ignore_ament_install'
[2.730s] Level 1:colcon.colcon_core.package_identification:_identify(lab_code/ch16_lab/arm_urdf/urdf) by extensions ['colcon_pkg']
[2.730s] Level 1:colcon.colcon_core.package_identification:_identify(lab_code/ch16_lab/arm_urdf/urdf) by extension 'colcon_pkg'
[2.733s] Level 1:colcon.colcon_core.package_identification:_identify(lab_code/ch16_lab/arm_urdf/urdf) by extensions ['colcon_meta']
[2.733s] Level 1:colcon.colcon_core.package_identification:_identify(lab_code/ch16_lab/arm_urdf/urdf) by extension 'colcon_meta'
[2.737s] Level 1:colcon.colcon_core.package_identification:_identify(lab_code/ch16_lab/arm_urdf/urdf) by extensions ['ros']
[2.737s] Level 1:colcon.colcon_core.package_identification:_identify(lab_code/ch16_lab/arm_urdf/urdf) by extension 'ros'
[2.747s] Level 1:colcon.colcon_core.package_identification:_identify(lab_code/ch16_lab/arm_urdf/urdf) by extensions ['cmake', 'python']
[2.748s] Level 1:colcon.colcon_core.package_identification:_identify(lab_code/ch16_lab/arm_urdf/urdf) by extension 'cmake'
[2.751s] Level 1:colcon.colcon_core.package_identification:_identify(lab_code/ch16_lab/arm_urdf/urdf) by extension 'python'
[2.753s] Level 1:colcon.colcon_core.package_identification:_identify(lab_code/ch16_lab/arm_urdf/urdf) by extensions ['python_setup_py']
[2.754s] Level 1:colcon.colcon_core.package_identification:_identify(lab_code/ch16_lab/arm_urdf/urdf) by extension 'python_setup_py'
[2.765s] Level 1:colcon.colcon_core.package_identification:_identify(lab_code/ch17_lab) by extensions ['ignore', 'ignore_ament_install']
[2.765s] Level 1:colcon.colcon_core.package_identification:_identify(lab_code/ch17_lab) by extension 'ignore'
[2.766s] Level 1:colcon.colcon_core.package_identification:_identify(lab_code/ch17_lab) by extension 'ignore_ament_install'
[2.770s] Level 1:colcon.colcon_core.package_identification:_identify(lab_code/ch17_lab) by extensions ['colcon_pkg']
[2.770s] Level 1:colcon.colcon_core.package_identification:_identify(lab_code/ch17_lab) by extension 'colcon_pkg'
[2.771s] Level 1:colcon.colcon_core.package_identification:_identify(lab_code/ch17_lab) by extensions ['colcon_meta']
[2.771s] Level 1:colcon.colcon_core.package_identification:_identify(lab_code/ch17_lab) by extension 'colcon_meta'
[2.773s] Level 1:colcon.colcon_core.package_identification:_identify(lab_code/ch17_lab) by extensions ['ros']
[2.773s] Level 1:colcon.colcon_core.package_identification:_identify(lab_code/ch17_lab) by extension 'ros'
[2.781s] Level 1:colcon.colcon_core.package_identification:_identify(lab_code/ch17_lab) by extensions ['cmake', 'python']
[2.785s] Level 1:colcon.colcon_core.package_identification:_identify(lab_code/ch17_lab) by extension 'cmake'
[2.786s] Level 1:colcon.colcon_core.package_identification:_identify(lab_code/ch17_lab) by extension 'python'
[2.787s] Level 1:colcon.colcon_core.package_identification:_identify(lab_code/ch17_lab) by extensions ['python_setup_py']
[2.788s] Level 1:colcon.colcon_core.package_identification:_identify(lab_code/ch17_lab) by extension 'python_setup_py'
[2.799s] Level 1:colcon.colcon_core.package_identification:_identify(lab_code/ch17_lab/__pycache__) by extensions ['ignore', 'ignore_ament_install']
[2.800s] Level 1:colcon.colcon_core.package_identification:_identify(lab_code/ch17_lab/__pycache__) by extension 'ignore'
[2.804s] Level 1:colcon.colcon_core.package_identification:_identify(lab_code/ch17_lab/__pycache__) by extension 'ignore_ament_install'
[2.809s] Level 1:colcon.colcon_core.package_identification:_identify(lab_code/ch17_lab/__pycache__) by extensions ['colcon_pkg']
[2.809s] Level 1:colcon.colcon_core.package_identification:_identify(lab_code/ch17_lab/__pycache__) by extension 'colcon_pkg'
[2.813s] Level 1:colcon.colcon_core.package_identification:_identify(lab_code/ch17_lab/__pycache__) by extensions ['colcon_meta']
[2.814s] Level 1:colcon.colcon_core.package_identification:_identify(lab_code/ch17_lab/__pycache__) by extension 'colcon_meta'
[2.823s] Level 1:colcon.colcon_core.package_identification:_identify(lab_code/ch17_lab/__pycache__) by extensions ['ros']
[2.824s] Level 1:colcon.colcon_core.package_identification:_identify(lab_code/ch17_lab/__pycache__) by extension 'ros'
[2.844s] Level 1:colcon.colcon_core.package_identification:_identify(lab_code/ch17_lab/__pycache__) by extensions ['cmake', 'python']
[2.844s] Level 1:colcon.colcon_core.package_identification:_identify(lab_code/ch17_lab/__pycache__) by extension 'cmake'
[2.846s] Level 1:colcon.colcon_core.package_identification:_identify(lab_code/ch17_lab/__pycache__) by extension 'python'
[2.849s] Level 1:colcon.colcon_core.package_identification:_identify(lab_code/ch17_lab/__pycache__) by extensions ['python_setup_py']
[2.850s] Level 1:colcon.colcon_core.package_identification:_identify(lab_code/ch17_lab/__pycache__) by extension 'python_setup_py'
[2.868s] Level 1:colcon.colcon_core.package_identification:_identify(lab_code/ch17_lab/moveit_fk_ik_lab) by extensions ['ignore', 'ignore_ament_install']
[2.869s] Level 1:colcon.colcon_core.package_identification:_identify(lab_code/ch17_lab/moveit_fk_ik_lab) by extension 'ignore'
[2.870s] Level 1:colcon.colcon_core.package_identification:_identify(lab_code/ch17_lab/moveit_fk_ik_lab) by extension 'ignore_ament_install'
[2.875s] Level 1:colcon.colcon_core.package_identification:_identify(lab_code/ch17_lab/moveit_fk_ik_lab) by extensions ['colcon_pkg']
[2.875s] Level 1:colcon.colcon_core.package_identification:_identify(lab_code/ch17_lab/moveit_fk_ik_lab) by extension 'colcon_pkg'
[2.879s] Level 1:colcon.colcon_core.package_identification:_identify(lab_code/ch17_lab/moveit_fk_ik_lab) by extensions ['colcon_meta']
[2.879s] Level 1:colcon.colcon_core.package_identification:_identify(lab_code/ch17_lab/moveit_fk_ik_lab) by extension 'colcon_meta'
[2.883s] Level 1:colcon.colcon_core.package_identification:_identify(lab_code/ch17_lab/moveit_fk_ik_lab) by extensions ['ros']
[2.884s] Level 1:colcon.colcon_core.package_identification:_identify(lab_code/ch17_lab/moveit_fk_ik_lab) by extension 'ros'
[2.908s] DEBUG:colcon.colcon_core.package_identification:Package 'lab_code/ch17_lab/moveit_fk_ik_lab' with type 'ros.ament_python' and name 'moveit_fk_ik_lab'
[2.914s] Level 1:colcon.colcon_core.package_identification:_identify(lab_code/ch18_lab) by extensions ['ignore', 'ignore_ament_install']
[2.914s] Level 1:colcon.colcon_core.package_identification:_identify(lab_code/ch18_lab) by extension 'ignore'
[2.915s] Level 1:colcon.colcon_core.package_identification:_identify(lab_code/ch18_lab) by extension 'ignore_ament_install'
[2.919s] Level 1:colcon.colcon_core.package_identification:_identify(lab_code/ch18_lab) by extensions ['colcon_pkg']
[2.920s] Level 1:colcon.colcon_core.package_identification:_identify(lab_code/ch18_lab) by extension 'colcon_pkg'
[2.921s] Level 1:colcon.colcon_core.package_identification:_identify(lab_code/ch18_lab) by extensions ['colcon_meta']
[2.921s] Level 1:colcon.colcon_core.package_identification:_identify(lab_code/ch18_lab) by extension 'colcon_meta'
[2.924s] Level 1:colcon.colcon_core.package_identification:_identify(lab_code/ch18_lab) by extensions ['ros']
[2.925s] Level 1:colcon.colcon_core.package_identification:_identify(lab_code/ch18_lab) by extension 'ros'
[2.929s] Level 1:colcon.colcon_core.package_identification:_identify(lab_code/ch18_lab) by extensions ['cmake', 'python']
[2.930s] Level 1:colcon.colcon_core.package_identification:_identify(lab_code/ch18_lab) by extension 'cmake'
[2.931s] Level 1:colcon.colcon_core.package_identification:_identify(lab_code/ch18_lab) by extension 'python'
[2.933s] Level 1:colcon.colcon_core.package_identification:_identify(lab_code/ch18_lab) by extensions ['python_setup_py']
[2.934s] Level 1:colcon.colcon_core.package_identification:_identify(lab_code/ch18_lab) by extension 'python_setup_py'
[2.943s] Level 1:colcon.colcon_core.package_identification:_identify(lab_code/ch18_lab/moveit_pick_place_lab) by extensions ['ignore', 'ignore_ament_install']
[2.944s] Level 1:colcon.colcon_core.package_identification:_identify(lab_code/ch18_lab/moveit_pick_place_lab) by extension 'ignore'
[2.945s] Level 1:colcon.colcon_core.package_identification:_identify(lab_code/ch18_lab/moveit_pick_place_lab) by extension 'ignore_ament_install'
[2.949s] Level 1:colcon.colcon_core.package_identification:_identify(lab_code/ch18_lab/moveit_pick_place_lab) by extensions ['colcon_pkg']
[2.950s] Level 1:colcon.colcon_core.package_identification:_identify(lab_code/ch18_lab/moveit_pick_place_lab) by extension 'colcon_pkg'
[2.954s] Level 1:colcon.colcon_core.package_identification:_identify(lab_code/ch18_lab/moveit_pick_place_lab) by extensions ['colcon_meta']
[2.955s] Level 1:colcon.colcon_core.package_identification:_identify(lab_code/ch18_lab/moveit_pick_place_lab) by extension 'colcon_meta'
[2.959s] Level 1:colcon.colcon_core.package_identification:_identify(lab_code/ch18_lab/moveit_pick_place_lab) by extensions ['ros']
[2.960s] Level 1:colcon.colcon_core.package_identification:_identify(lab_code/ch18_lab/moveit_pick_place_lab) by extension 'ros'
[2.983s] DEBUG:colcon.colcon_core.package_identification:Package 'lab_code/ch18_lab/moveit_pick_place_lab' with type 'ros.ament_python' and name 'moveit_pick_place_lab'
[2.988s] Level 1:colcon.colcon_core.package_identification:_identify(lab_code/ch19_lab) by extensions ['ignore', 'ignore_ament_install']
[2.989s] Level 1:colcon.colcon_core.package_identification:_identify(lab_code/ch19_lab) by extension 'ignore'
[2.990s] Level 1:colcon.colcon_core.package_identification:_identify(lab_code/ch19_lab) by extension 'ignore_ament_install'
[2.992s] Level 1:colcon.colcon_core.package_identification:_identify(lab_code/ch19_lab) by extensions ['colcon_pkg']
[2.992s] Level 1:colcon.colcon_core.package_identification:_identify(lab_code/ch19_lab) by extension 'colcon_pkg'
[2.993s] Level 1:colcon.colcon_core.package_identification:_identify(lab_code/ch19_lab) by extensions ['colcon_meta']
[2.993s] Level 1:colcon.colcon_core.package_identification:_identify(lab_code/ch19_lab) by extension 'colcon_meta'
[2.994s] Level 1:colcon.colcon_core.package_identification:_identify(lab_code/ch19_lab) by extensions ['ros']
[2.994s] Level 1:colcon.colcon_core.package_identification:_identify(lab_code/ch19_lab) by extension 'ros'
[3.003s] Level 1:colcon.colcon_core.package_identification:_identify(lab_code/ch19_lab) by extensions ['cmake', 'python']
[3.003s] Level 1:colcon.colcon_core.package_identification:_identify(lab_code/ch19_lab) by extension 'cmake'
[3.006s] Level 1:colcon.colcon_core.package_identification:_identify(lab_code/ch19_lab) by extension 'python'
[3.008s] Level 1:colcon.colcon_core.package_identification:_identify(lab_code/ch19_lab) by extensions ['python_setup_py']
[3.008s] Level 1:colcon.colcon_core.package_identification:_identify(lab_code/ch19_lab) by extension 'python_setup_py'
[3.017s] Level 1:colcon.colcon_core.package_identification:_identify(lab_code/ch19_lab/vision_detection_lab) by extensions ['ignore', 'ignore_ament_install']
[3.018s] Level 1:colcon.colcon_core.package_identification:_identify(lab_code/ch19_lab/vision_detection_lab) by extension 'ignore'
[3.020s] Level 1:colcon.colcon_core.package_identification:_identify(lab_code/ch19_lab/vision_detection_lab) by extension 'ignore_ament_install'
[3.022s] Level 1:colcon.colcon_core.package_identification:_identify(lab_code/ch19_lab/vision_detection_lab) by extensions ['colcon_pkg']
[3.022s] Level 1:colcon.colcon_core.package_identification:_identify(lab_code/ch19_lab/vision_detection_lab) by extension 'colcon_pkg'
[3.024s] Level 1:colcon.colcon_core.package_identification:_identify(lab_code/ch19_lab/vision_detection_lab) by extensions ['colcon_meta']
[3.024s] Level 1:colcon.colcon_core.package_identification:_identify(lab_code/ch19_lab/vision_detection_lab) by extension 'colcon_meta'
[3.027s] Level 1:colcon.colcon_core.package_identification:_identify(lab_code/ch19_lab/vision_detection_lab) by extensions ['ros']
[3.028s] Level 1:colcon.colcon_core.package_identification:_identify(lab_code/ch19_lab/vision_detection_lab) by extension 'ros'
[3.052s] DEBUG:colcon.colcon_core.package_identification:Package 'lab_code/ch19_lab/vision_detection_lab' with type 'ros.ament_python' and name 'vision_detection_lab'
[3.059s] Level 1:colcon.colcon_core.package_identification:_identify(lab_code/ch20_lab) by extensions ['ignore', 'ignore_ament_install']
[3.059s] Level 1:colcon.colcon_core.package_identification:_identify(lab_code/ch20_lab) by extension 'ignore'
[3.062s] Level 1:colcon.colcon_core.package_identification:_identify(lab_code/ch20_lab) by extension 'ignore_ament_install'
[3.067s] Level 1:colcon.colcon_core.package_identification:_identify(lab_code/ch20_lab) by extensions ['colcon_pkg']
[3.067s] Level 1:colcon.colcon_core.package_identification:_identify(lab_code/ch20_lab) by extension 'colcon_pkg'
[3.069s] Level 1:colcon.colcon_core.package_identification:_identify(lab_code/ch20_lab) by extensions ['colcon_meta']
[3.069s] Level 1:colcon.colcon_core.package_identification:_identify(lab_code/ch20_lab) by extension 'colcon_meta'
[3.070s] Level 1:colcon.colcon_core.package_identification:_identify(lab_code/ch20_lab) by extensions ['ros']
[3.070s] Level 1:colcon.colcon_core.package_identification:_identify(lab_code/ch20_lab) by extension 'ros'
[3.081s] Level 1:colcon.colcon_core.package_identification:_identify(lab_code/ch20_lab) by extensions ['cmake', 'python']
[3.081s] Level 1:colcon.colcon_core.package_identification:_identify(lab_code/ch20_lab) by extension 'cmake'
[3.084s] Level 1:colcon.colcon_core.package_identification:_identify(lab_code/ch20_lab) by extension 'python'
[3.086s] Level 1:colcon.colcon_core.package_identification:_identify(lab_code/ch20_lab) by extensions ['python_setup_py']
[3.086s] Level 1:colcon.colcon_core.package_identification:_identify(lab_code/ch20_lab) by extension 'python_setup_py'
[3.093s] Level 1:colcon.colcon_core.package_identification:_identify(lab_code/ch20_lab/vision_llm_demo) by extensions ['ignore', 'ignore_ament_install']
[3.093s] Level 1:colcon.colcon_core.package_identification:_identify(lab_code/ch20_lab/vision_llm_demo) by extension 'ignore'
[3.097s] Level 1:colcon.colcon_core.package_identification:_identify(lab_code/ch20_lab/vision_llm_demo) by extension 'ignore_ament_install'
[3.102s] Level 1:colcon.colcon_core.package_identification:_identify(lab_code/ch20_lab/vision_llm_demo) by extensions ['colcon_pkg']
[3.103s] Level 1:colcon.colcon_core.package_identification:_identify(lab_code/ch20_lab/vision_llm_demo) by extension 'colcon_pkg'
[3.104s] Level 1:colcon.colcon_core.package_identification:_identify(lab_code/ch20_lab/vision_llm_demo) by extensions ['colcon_meta']
[3.105s] Level 1:colcon.colcon_core.package_identification:_identify(lab_code/ch20_lab/vision_llm_demo) by extension 'colcon_meta'
[3.115s] Level 1:colcon.colcon_core.package_identification:_identify(lab_code/ch20_lab/vision_llm_demo) by extensions ['ros']
[3.115s] Level 1:colcon.colcon_core.package_identification:_identify(lab_code/ch20_lab/vision_llm_demo) by extension 'ros'
[3.142s] DEBUG:colcon.colcon_core.package_identification:Package 'lab_code/ch20_lab/vision_llm_demo' with type 'ros.ament_python' and name 'vision_llm_demo'
[3.149s] Level 1:colcon.colcon_core.package_identification:_identify(lab_code/ch21_lab) by extensions ['ignore', 'ignore_ament_install']
[3.149s] Level 1:colcon.colcon_core.package_identification:_identify(lab_code/ch21_lab) by extension 'ignore'
[3.150s] Level 1:colcon.colcon_core.package_identification:_identify(lab_code/ch21_lab) by extension 'ignore_ament_install'
[3.152s] Level 1:colcon.colcon_core.package_identification:_identify(lab_code/ch21_lab) by extensions ['colcon_pkg']
[3.152s] Level 1:colcon.colcon_core.package_identification:_identify(lab_code/ch21_lab) by extension 'colcon_pkg'
[3.154s] Level 1:colcon.colcon_core.package_identification:_identify(lab_code/ch21_lab) by extensions ['colcon_meta']
[3.155s] Level 1:colcon.colcon_core.package_identification:_identify(lab_code/ch21_lab) by extension 'colcon_meta'
[3.158s] Level 1:colcon.colcon_core.package_identification:_identify(lab_code/ch21_lab) by extensions ['ros']
[3.158s] Level 1:colcon.colcon_core.package_identification:_identify(lab_code/ch21_lab) by extension 'ros'
[3.165s] Level 1:colcon.colcon_core.package_identification:_identify(lab_code/ch21_lab) by extensions ['cmake', 'python']
[3.165s] Level 1:colcon.colcon_core.package_identification:_identify(lab_code/ch21_lab) by extension 'cmake'
[3.167s] Level 1:colcon.colcon_core.package_identification:_identify(lab_code/ch21_lab) by extension 'python'
[3.168s] Level 1:colcon.colcon_core.package_identification:_identify(lab_code/ch21_lab) by extensions ['python_setup_py']
[3.168s] Level 1:colcon.colcon_core.package_identification:_identify(lab_code/ch21_lab) by extension 'python_setup_py'
[3.176s] Level 1:colcon.colcon_core.package_identification:_identify(lab_code/ch21_lab/vision_pickup_lab) by extensions ['ignore', 'ignore_ament_install']
[3.177s] Level 1:colcon.colcon_core.package_identification:_identify(lab_code/ch21_lab/vision_pickup_lab) by extension 'ignore'
[3.180s] Level 1:colcon.colcon_core.package_identification:_identify(lab_code/ch21_lab/vision_pickup_lab) by extension 'ignore_ament_install'
[3.182s] Level 1:colcon.colcon_core.package_identification:_identify(lab_code/ch21_lab/vision_pickup_lab) by extensions ['colcon_pkg']
[3.182s] Level 1:colcon.colcon_core.package_identification:_identify(lab_code/ch21_lab/vision_pickup_lab) by extension 'colcon_pkg'
[3.183s] Level 1:colcon.colcon_core.package_identification:_identify(lab_code/ch21_lab/vision_pickup_lab) by extensions ['colcon_meta']
[3.183s] Level 1:colcon.colcon_core.package_identification:_identify(lab_code/ch21_lab/vision_pickup_lab) by extension 'colcon_meta'
[3.187s] Level 1:colcon.colcon_core.package_identification:_identify(lab_code/ch21_lab/vision_pickup_lab) by extensions ['ros']
[3.188s] Level 1:colcon.colcon_core.package_identification:_identify(lab_code/ch21_lab/vision_pickup_lab) by extension 'ros'
[3.202s] DEBUG:colcon.colcon_core.package_identification:Package 'lab_code/ch21_lab/vision_pickup_lab' with type 'ros.ament_python' and name 'vision_pickup_lab'
[3.215s] Level 1:colcon.colcon_core.package_identification:_identify(log) by extensions ['ignore', 'ignore_ament_install']
[3.217s] Level 1:colcon.colcon_core.package_identification:_identify(log) by extension 'ignore'
[3.220s] Level 1:colcon.colcon_core.package_identification:_identify(log) ignored
[3.226s] Level 1:colcon.colcon_core.package_identification:_identify(msgs_demo_interfaces) by extensions ['ignore', 'ignore_ament_install']
[3.227s] Level 1:colcon.colcon_core.package_identification:_identify(msgs_demo_interfaces) by extension 'ignore'
[3.229s] Level 1:colcon.colcon_core.package_identification:_identify(msgs_demo_interfaces) by extension 'ignore_ament_install'
[3.232s] Level 1:colcon.colcon_core.package_identification:_identify(msgs_demo_interfaces) by extensions ['colcon_pkg']
[3.232s] Level 1:colcon.colcon_core.package_identification:_identify(msgs_demo_interfaces) by extension 'colcon_pkg'
[3.233s] Level 1:colcon.colcon_core.package_identification:_identify(msgs_demo_interfaces) by extensions ['colcon_meta']
[3.234s] Level 1:colcon.colcon_core.package_identification:_identify(msgs_demo_interfaces) by extension 'colcon_meta'
[3.236s] Level 1:colcon.colcon_core.package_identification:_identify(msgs_demo_interfaces) by extensions ['ros']
[3.236s] Level 1:colcon.colcon_core.package_identification:_identify(msgs_demo_interfaces) by extension 'ros'
[3.250s] DEBUG:colcon.colcon_core.package_identification:Package 'msgs_demo_interfaces' with type 'ros.ament_cmake' and name 'msgs_demo_interfaces'
[3.252s] Level 1:colcon.colcon_core.package_identification:_identify(name_demo_cpp) by extensions ['ignore', 'ignore_ament_install']
[3.252s] Level 1:colcon.colcon_core.package_identification:_identify(name_demo_cpp) by extension 'ignore'
[3.254s] Level 1:colcon.colcon_core.package_identification:_identify(name_demo_cpp) by extension 'ignore_ament_install'
[3.256s] Level 1:colcon.colcon_core.package_identification:_identify(name_demo_cpp) by extensions ['colcon_pkg']
[3.257s] Level 1:colcon.colcon_core.package_identification:_identify(name_demo_cpp) by extension 'colcon_pkg'
[3.257s] Level 1:colcon.colcon_core.package_identification:_identify(name_demo_cpp) by extensions ['colcon_meta']
[3.258s] Level 1:colcon.colcon_core.package_identification:_identify(name_demo_cpp) by extension 'colcon_meta'
[3.258s] Level 1:colcon.colcon_core.package_identification:_identify(name_demo_cpp) by extensions ['ros']
[3.259s] Level 1:colcon.colcon_core.package_identification:_identify(name_demo_cpp) by extension 'ros'
[3.271s] DEBUG:colcon.colcon_core.package_identification:Package 'name_demo_cpp' with type 'ros.ament_cmake' and name 'name_demo_cpp'
[3.281s] Level 1:colcon.colcon_core.package_identification:_identify(navigation_sim_demo_ros2) by extensions ['ignore', 'ignore_ament_install']
[3.281s] Level 1:colcon.colcon_core.package_identification:_identify(navigation_sim_demo_ros2) by extension 'ignore'
[3.283s] Level 1:colcon.colcon_core.package_identification:_identify(navigation_sim_demo_ros2) by extension 'ignore_ament_install'
[3.285s] Level 1:colcon.colcon_core.package_identification:_identify(navigation_sim_demo_ros2) by extensions ['colcon_pkg']
[3.285s] Level 1:colcon.colcon_core.package_identification:_identify(navigation_sim_demo_ros2) by extension 'colcon_pkg'
[3.287s] Level 1:colcon.colcon_core.package_identification:_identify(navigation_sim_demo_ros2) by extensions ['colcon_meta']
[3.288s] Level 1:colcon.colcon_core.package_identification:_identify(navigation_sim_demo_ros2) by extension 'colcon_meta'
[3.289s] Level 1:colcon.colcon_core.package_identification:_identify(navigation_sim_demo_ros2) by extensions ['ros']
[3.289s] Level 1:colcon.colcon_core.package_identification:_identify(navigation_sim_demo_ros2) by extension 'ros'
[3.309s] DEBUG:colcon.colcon_core.package_identification:Package 'navigation_sim_demo_ros2' with type 'ros.ament_python' and name 'navigation_sim_demo_ros2'
[3.314s] Level 1:colcon.colcon_core.package_identification:_identify(param_demo_cpp) by extensions ['ignore', 'ignore_ament_install']
[3.314s] Level 1:colcon.colcon_core.package_identification:_identify(param_demo_cpp) by extension 'ignore'
[3.315s] Level 1:colcon.colcon_core.package_identification:_identify(param_demo_cpp) by extension 'ignore_ament_install'
[3.320s] Level 1:colcon.colcon_core.package_identification:_identify(param_demo_cpp) by extensions ['colcon_pkg']
[3.321s] Level 1:colcon.colcon_core.package_identification:_identify(param_demo_cpp) by extension 'colcon_pkg'
[3.324s] Level 1:colcon.colcon_core.package_identification:_identify(param_demo_cpp) by extensions ['colcon_meta']
[3.325s] Level 1:colcon.colcon_core.package_identification:_identify(param_demo_cpp) by extension 'colcon_meta'
[3.327s] Level 1:colcon.colcon_core.package_identification:_identify(param_demo_cpp) by extensions ['ros']
[3.327s] Level 1:colcon.colcon_core.package_identification:_identify(param_demo_cpp) by extension 'ros'
[3.346s] DEBUG:colcon.colcon_core.package_identification:Package 'param_demo_cpp' with type 'ros.ament_cmake' and name 'param_demo_cpp'
[3.351s] Level 1:colcon.colcon_core.package_identification:_identify(param_demo_py) by extensions ['ignore', 'ignore_ament_install']
[3.351s] Level 1:colcon.colcon_core.package_identification:_identify(param_demo_py) by extension 'ignore'
[3.353s] Level 1:colcon.colcon_core.package_identification:_identify(param_demo_py) by extension 'ignore_ament_install'
[3.356s] Level 1:colcon.colcon_core.package_identification:_identify(param_demo_py) by extensions ['colcon_pkg']
[3.356s] Level 1:colcon.colcon_core.package_identification:_identify(param_demo_py) by extension 'colcon_pkg'
[3.358s] Level 1:colcon.colcon_core.package_identification:_identify(param_demo_py) by extensions ['colcon_meta']
[3.358s] Level 1:colcon.colcon_core.package_identification:_identify(param_demo_py) by extension 'colcon_meta'
[3.361s] Level 1:colcon.colcon_core.package_identification:_identify(param_demo_py) by extensions ['ros']
[3.361s] Level 1:colcon.colcon_core.package_identification:_identify(param_demo_py) by extension 'ros'
[3.381s] DEBUG:colcon.colcon_core.package_identification:Package 'param_demo_py' with type 'ros.ament_python' and name 'param_demo_py'
[3.388s] Level 1:colcon.colcon_core.package_identification:_identify(robot_sim_demo) by extensions ['ignore', 'ignore_ament_install']
[3.388s] Level 1:colcon.colcon_core.package_identification:_identify(robot_sim_demo) by extension 'ignore'
[3.390s] Level 1:colcon.colcon_core.package_identification:_identify(robot_sim_demo) by extension 'ignore_ament_install'
[3.394s] Level 1:colcon.colcon_core.package_identification:_identify(robot_sim_demo) by extensions ['colcon_pkg']
[3.394s] Level 1:colcon.colcon_core.package_identification:_identify(robot_sim_demo) by extension 'colcon_pkg'
[3.395s] Level 1:colcon.colcon_core.package_identification:_identify(robot_sim_demo) by extensions ['colcon_meta']
[3.396s] Level 1:colcon.colcon_core.package_identification:_identify(robot_sim_demo) by extension 'colcon_meta'
[3.398s] Level 1:colcon.colcon_core.package_identification:_identify(robot_sim_demo) by extensions ['ros']
[3.399s] Level 1:colcon.colcon_core.package_identification:_identify(robot_sim_demo) by extension 'ros'
[3.418s] DEBUG:colcon.colcon_core.package_identification:Package 'robot_sim_demo' with type 'ros.ament_python' and name 'robot_sim_demo'
[3.423s] Level 1:colcon.colcon_core.package_identification:_identify(service_demo_cpp) by extensions ['ignore', 'ignore_ament_install']
[3.426s] Level 1:colcon.colcon_core.package_identification:_identify(service_demo_cpp) by extension 'ignore'
[3.429s] Level 1:colcon.colcon_core.package_identification:_identify(service_demo_cpp) by extension 'ignore_ament_install'
[3.432s] Level 1:colcon.colcon_core.package_identification:_identify(service_demo_cpp) by extensions ['colcon_pkg']
[3.433s] Level 1:colcon.colcon_core.package_identification:_identify(service_demo_cpp) by extension 'colcon_pkg'
[3.435s] Level 1:colcon.colcon_core.package_identification:_identify(service_demo_cpp) by extensions ['colcon_meta']
[3.435s] Level 1:colcon.colcon_core.package_identification:_identify(service_demo_cpp) by extension 'colcon_meta'
[3.436s] Level 1:colcon.colcon_core.package_identification:_identify(service_demo_cpp) by extensions ['ros']
[3.436s] Level 1:colcon.colcon_core.package_identification:_identify(service_demo_cpp) by extension 'ros'
[3.456s] DEBUG:colcon.colcon_core.package_identification:Package 'service_demo_cpp' with type 'ros.ament_cmake' and name 'service_demo_cpp'
[3.460s] Level 1:colcon.colcon_core.package_identification:_identify(service_demo_interfaces) by extensions ['ignore', 'ignore_ament_install']
[3.461s] Level 1:colcon.colcon_core.package_identification:_identify(service_demo_interfaces) by extension 'ignore'
[3.463s] Level 1:colcon.colcon_core.package_identification:_identify(service_demo_interfaces) by extension 'ignore_ament_install'
[3.466s] Level 1:colcon.colcon_core.package_identification:_identify(service_demo_interfaces) by extensions ['colcon_pkg']
[3.466s] Level 1:colcon.colcon_core.package_identification:_identify(service_demo_interfaces) by extension 'colcon_pkg'
[3.467s] Level 1:colcon.colcon_core.package_identification:_identify(service_demo_interfaces) by extensions ['colcon_meta']
[3.467s] Level 1:colcon.colcon_core.package_identification:_identify(service_demo_interfaces) by extension 'colcon_meta'
[3.470s] Level 1:colcon.colcon_core.package_identification:_identify(service_demo_interfaces) by extensions ['ros']
[3.470s] Level 1:colcon.colcon_core.package_identification:_identify(service_demo_interfaces) by extension 'ros'
[3.492s] DEBUG:colcon.colcon_core.package_identification:Package 'service_demo_interfaces' with type 'ros.ament_cmake' and name 'service_demo_interfaces'
[3.496s] Level 1:colcon.colcon_core.package_identification:_identify(service_demo_py) by extensions ['ignore', 'ignore_ament_install']
[3.497s] Level 1:colcon.colcon_core.package_identification:_identify(service_demo_py) by extension 'ignore'
[3.498s] Level 1:colcon.colcon_core.package_identification:_identify(service_demo_py) by extension 'ignore_ament_install'
[3.503s] Level 1:colcon.colcon_core.package_identification:_identify(service_demo_py) by extensions ['colcon_pkg']
[3.503s] Level 1:colcon.colcon_core.package_identification:_identify(service_demo_py) by extension 'colcon_pkg'
[3.506s] Level 1:colcon.colcon_core.package_identification:_identify(service_demo_py) by extensions ['colcon_meta']
[3.506s] Level 1:colcon.colcon_core.package_identification:_identify(service_demo_py) by extension 'colcon_meta'
[3.507s] Level 1:colcon.colcon_core.package_identification:_identify(service_demo_py) by extensions ['ros']
[3.507s] Level 1:colcon.colcon_core.package_identification:_identify(service_demo_py) by extension 'ros'
[3.526s] DEBUG:colcon.colcon_core.package_identification:Package 'service_demo_py' with type 'ros.ament_python' and name 'service_demo_py'
[3.537s] Level 1:colcon.colcon_core.package_identification:_identify(slam_sim_demo_ros2) by extensions ['ignore', 'ignore_ament_install']
[3.537s] Level 1:colcon.colcon_core.package_identification:_identify(slam_sim_demo_ros2) by extension 'ignore'
[3.538s] Level 1:colcon.colcon_core.package_identification:_identify(slam_sim_demo_ros2) by extension 'ignore_ament_install'
[3.541s] Level 1:colcon.colcon_core.package_identification:_identify(slam_sim_demo_ros2) by extensions ['colcon_pkg']
[3.542s] Level 1:colcon.colcon_core.package_identification:_identify(slam_sim_demo_ros2) by extension 'colcon_pkg'
[3.544s] Level 1:colcon.colcon_core.package_identification:_identify(slam_sim_demo_ros2) by extensions ['colcon_meta']
[3.544s] Level 1:colcon.colcon_core.package_identification:_identify(slam_sim_demo_ros2) by extension 'colcon_meta'
[3.547s] Level 1:colcon.colcon_core.package_identification:_identify(slam_sim_demo_ros2) by extensions ['ros']
[3.548s] Level 1:colcon.colcon_core.package_identification:_identify(slam_sim_demo_ros2) by extension 'ros'
[3.565s] DEBUG:colcon.colcon_core.package_identification:Package 'slam_sim_demo_ros2' with type 'ros.ament_python' and name 'slam_sim_demo_ros2'
[3.570s] Level 1:colcon.colcon_core.package_identification:_identify(tf_demo_cpp) by extensions ['ignore', 'ignore_ament_install']
[3.570s] Level 1:colcon.colcon_core.package_identification:_identify(tf_demo_cpp) by extension 'ignore'
[3.572s] Level 1:colcon.colcon_core.package_identification:_identify(tf_demo_cpp) by extension 'ignore_ament_install'
[3.574s] Level 1:colcon.colcon_core.package_identification:_identify(tf_demo_cpp) by extensions ['colcon_pkg']
[3.574s] Level 1:colcon.colcon_core.package_identification:_identify(tf_demo_cpp) by extension 'colcon_pkg'
[3.575s] Level 1:colcon.colcon_core.package_identification:_identify(tf_demo_cpp) by extensions ['colcon_meta']
[3.575s] Level 1:colcon.colcon_core.package_identification:_identify(tf_demo_cpp) by extension 'colcon_meta'
[3.577s] Level 1:colcon.colcon_core.package_identification:_identify(tf_demo_cpp) by extensions ['ros']
[3.578s] Level 1:colcon.colcon_core.package_identification:_identify(tf_demo_cpp) by extension 'ros'
[3.594s] DEBUG:colcon.colcon_core.package_identification:Package 'tf_demo_cpp' with type 'ros.ament_cmake' and name 'tf_demo_cpp'
[3.597s] Level 1:colcon.colcon_core.package_identification:_identify(tf_demo_py) by extensions ['ignore', 'ignore_ament_install']
[3.598s] Level 1:colcon.colcon_core.package_identification:_identify(tf_demo_py) by extension 'ignore'
[3.601s] Level 1:colcon.colcon_core.package_identification:_identify(tf_demo_py) by extension 'ignore_ament_install'
[3.602s] Level 1:colcon.colcon_core.package_identification:_identify(tf_demo_py) by extensions ['colcon_pkg']
[3.602s] Level 1:colcon.colcon_core.package_identification:_identify(tf_demo_py) by extension 'colcon_pkg'
[3.603s] Level 1:colcon.colcon_core.package_identification:_identify(tf_demo_py) by extensions ['colcon_meta']
[3.604s] Level 1:colcon.colcon_core.package_identification:_identify(tf_demo_py) by extension 'colcon_meta'
[3.606s] Level 1:colcon.colcon_core.package_identification:_identify(tf_demo_py) by extensions ['ros']
[3.610s] Level 1:colcon.colcon_core.package_identification:_identify(tf_demo_py) by extension 'ros'
[3.628s] DEBUG:colcon.colcon_core.package_identification:Package 'tf_demo_py' with type 'ros.ament_python' and name 'tf_demo_py'
[3.639s] Level 1:colcon.colcon_core.package_identification:_identify(tf_follower_ros2) by extensions ['ignore', 'ignore_ament_install']
[3.640s] Level 1:colcon.colcon_core.package_identification:_identify(tf_follower_ros2) by extension 'ignore'
[3.644s] Level 1:colcon.colcon_core.package_identification:_identify(tf_follower_ros2) by extension 'ignore_ament_install'
[3.645s] Level 1:colcon.colcon_core.package_identification:_identify(tf_follower_ros2) by extensions ['colcon_pkg']
[3.645s] Level 1:colcon.colcon_core.package_identification:_identify(tf_follower_ros2) by extension 'colcon_pkg'
[3.646s] Level 1:colcon.colcon_core.package_identification:_identify(tf_follower_ros2) by extensions ['colcon_meta']
[3.647s] Level 1:colcon.colcon_core.package_identification:_identify(tf_follower_ros2) by extension 'colcon_meta'
[3.648s] Level 1:colcon.colcon_core.package_identification:_identify(tf_follower_ros2) by extensions ['ros']
[3.654s] Level 1:colcon.colcon_core.package_identification:_identify(tf_follower_ros2) by extension 'ros'
[3.672s] DEBUG:colcon.colcon_core.package_identification:Package 'tf_follower_ros2' with type 'ros.ament_python' and name 'tf_follower_ros2'
[3.682s] Level 1:colcon.colcon_core.package_identification:_identify(topic_demo_cpp) by extensions ['ignore', 'ignore_ament_install']
[3.683s] Level 1:colcon.colcon_core.package_identification:_identify(topic_demo_cpp) by extension 'ignore'
[3.685s] Level 1:colcon.colcon_core.package_identification:_identify(topic_demo_cpp) by extension 'ignore_ament_install'
[3.689s] Level 1:colcon.colcon_core.package_identification:_identify(topic_demo_cpp) by extensions ['colcon_pkg']
[3.689s] Level 1:colcon.colcon_core.package_identification:_identify(topic_demo_cpp) by extension 'colcon_pkg'
[3.690s] Level 1:colcon.colcon_core.package_identification:_identify(topic_demo_cpp) by extensions ['colcon_meta']
[3.690s] Level 1:colcon.colcon_core.package_identification:_identify(topic_demo_cpp) by extension 'colcon_meta'
[3.691s] Level 1:colcon.colcon_core.package_identification:_identify(topic_demo_cpp) by extensions ['ros']
[3.692s] Level 1:colcon.colcon_core.package_identification:_identify(topic_demo_cpp) by extension 'ros'
[3.713s] DEBUG:colcon.colcon_core.package_identification:Package 'topic_demo_cpp' with type 'ros.ament_cmake' and name 'topic_demo_cpp'
[3.725s] Level 1:colcon.colcon_core.package_identification:_identify(topic_demo_interfaces) by extensions ['ignore', 'ignore_ament_install']
[3.727s] Level 1:colcon.colcon_core.package_identification:_identify(topic_demo_interfaces) by extension 'ignore'
[3.729s] Level 1:colcon.colcon_core.package_identification:_identify(topic_demo_interfaces) by extension 'ignore_ament_install'
[3.733s] Level 1:colcon.colcon_core.package_identification:_identify(topic_demo_interfaces) by extensions ['colcon_pkg']
[3.734s] Level 1:colcon.colcon_core.package_identification:_identify(topic_demo_interfaces) by extension 'colcon_pkg'
[3.735s] Level 1:colcon.colcon_core.package_identification:_identify(topic_demo_interfaces) by extensions ['colcon_meta']
[3.735s] Level 1:colcon.colcon_core.package_identification:_identify(topic_demo_interfaces) by extension 'colcon_meta'
[3.736s] Level 1:colcon.colcon_core.package_identification:_identify(topic_demo_interfaces) by extensions ['ros']
[3.737s] Level 1:colcon.colcon_core.package_identification:_identify(topic_demo_interfaces) by extension 'ros'
[3.756s] DEBUG:colcon.colcon_core.package_identification:Package 'topic_demo_interfaces' with type 'ros.ament_cmake' and name 'topic_demo_interfaces'
[3.763s] Level 1:colcon.colcon_core.package_identification:_identify(topic_demo_py) by extensions ['ignore', 'ignore_ament_install']
[3.763s] Level 1:colcon.colcon_core.package_identification:_identify(topic_demo_py) by extension 'ignore'
[3.767s] Level 1:colcon.colcon_core.package_identification:_identify(topic_demo_py) by extension 'ignore_ament_install'
[3.770s] Level 1:colcon.colcon_core.package_identification:_identify(topic_demo_py) by extensions ['colcon_pkg']
[3.770s] Level 1:colcon.colcon_core.package_identification:_identify(topic_demo_py) by extension 'colcon_pkg'
[3.772s] Level 1:colcon.colcon_core.package_identification:_identify(topic_demo_py) by extensions ['colcon_meta']
[3.772s] Level 1:colcon.colcon_core.package_identification:_identify(topic_demo_py) by extension 'colcon_meta'
[3.774s] Level 1:colcon.colcon_core.package_identification:_identify(topic_demo_py) by extensions ['ros']
[3.775s] Level 1:colcon.colcon_core.package_identification:_identify(topic_demo_py) by extension 'ros'
[3.790s] DEBUG:colcon.colcon_core.package_identification:Package 'topic_demo_py' with type 'ros.ament_python' and name 'topic_demo_py'
[3.795s] Level 1:colcon.colcon_core.package_identification:_identify(urdf_demo_ros2) by extensions ['ignore', 'ignore_ament_install']
[3.795s] Level 1:colcon.colcon_core.package_identification:_identify(urdf_demo_ros2) by extension 'ignore'
[3.798s] Level 1:colcon.colcon_core.package_identification:_identify(urdf_demo_ros2) by extension 'ignore_ament_install'
[3.799s] Level 1:colcon.colcon_core.package_identification:_identify(urdf_demo_ros2) by extensions ['colcon_pkg']
[3.800s] Level 1:colcon.colcon_core.package_identification:_identify(urdf_demo_ros2) by extension 'colcon_pkg'
[3.801s] Level 1:colcon.colcon_core.package_identification:_identify(urdf_demo_ros2) by extensions ['colcon_meta']
[3.801s] Level 1:colcon.colcon_core.package_identification:_identify(urdf_demo_ros2) by extension 'colcon_meta'
[3.802s] Level 1:colcon.colcon_core.package_identification:_identify(urdf_demo_ros2) by extensions ['ros']
[3.803s] Level 1:colcon.colcon_core.package_identification:_identify(urdf_demo_ros2) by extension 'ros'
[3.813s] DEBUG:colcon.colcon_core.package_identification:Package 'urdf_demo_ros2' with type 'ros.ament_python' and name 'urdf_demo_ros2'
[3.820s] Level 1:colcon.colcon_core.package_identification:_identify(xarm) by extensions ['ignore', 'ignore_ament_install']
[3.820s] Level 1:colcon.colcon_core.package_identification:_identify(xarm) by extension 'ignore'
[3.821s] Level 1:colcon.colcon_core.package_identification:_identify(xarm) by extension 'ignore_ament_install'
[3.825s] Level 1:colcon.colcon_core.package_identification:_identify(xarm) by extensions ['colcon_pkg']
[3.826s] Level 1:colcon.colcon_core.package_identification:_identify(xarm) by extension 'colcon_pkg'
[3.826s] Level 1:colcon.colcon_core.package_identification:_identify(xarm) by extensions ['colcon_meta']
[3.827s] Level 1:colcon.colcon_core.package_identification:_identify(xarm) by extension 'colcon_meta'
[3.828s] Level 1:colcon.colcon_core.package_identification:_identify(xarm) by extensions ['ros']
[3.828s] Level 1:colcon.colcon_core.package_identification:_identify(xarm) by extension 'ros'
[3.843s] DEBUG:colcon.colcon_core.package_identification:Package 'xarm' with type 'ros.ament_python' and name 'xarm_ros2_arm_only'
[3.849s] Level 1:colcon.colcon_core.package_identification:_identify(xarm_description) by extensions ['ignore', 'ignore_ament_install']
[3.850s] Level 1:colcon.colcon_core.package_identification:_identify(xarm_description) by extension 'ignore'
[3.851s] Level 1:colcon.colcon_core.package_identification:_identify(xarm_description) by extension 'ignore_ament_install'
[3.852s] Level 1:colcon.colcon_core.package_identification:_identify(xarm_description) by extensions ['colcon_pkg']
[3.853s] Level 1:colcon.colcon_core.package_identification:_identify(xarm_description) by extension 'colcon_pkg'
[3.855s] Level 1:colcon.colcon_core.package_identification:_identify(xarm_description) by extensions ['colcon_meta']
[3.855s] Level 1:colcon.colcon_core.package_identification:_identify(xarm_description) by extension 'colcon_meta'
[3.862s] Level 1:colcon.colcon_core.package_identification:_identify(xarm_description) by extensions ['ros']
[3.864s] Level 1:colcon.colcon_core.package_identification:_identify(xarm_description) by extension 'ros'
[3.883s] DEBUG:colcon.colcon_core.package_identification:Package 'xarm_description' with type 'ros.ament_cmake' and name 'xarm_description'
[3.884s] Level 1:colcon.colcon_core.package_discovery:discover_packages(recursive) using defaults
[3.884s] Level 1:colcon.colcon_core.package_discovery:discover_packages(ignore) discover
[3.885s] Level 1:colcon.colcon_core.package_discovery:discover_packages(ignore) using defaults
[3.885s] Level 1:colcon.colcon_core.package_discovery:discover_packages(path) discover
[3.885s] Level 1:colcon.colcon_core.package_discovery:discover_packages(path) using defaults
