[0.231s] DEBUG:colcon:Command line arguments: ['/usr/bin/colcon', 'list', '--names-only']
[0.231s] DEBUG:colcon:Parsed command line arguments: Namespace(log_base=None, log_level=None, verb_name='list', build_base='build', ignore_user_meta=False, metas=['./colcon.meta'], base_paths=['.'], packages_ignore=None, packages_ignore_regex=None, paths=None, packages_up_to=None, packages_up_to_regex=None, packages_above=None, packages_above_and_dependencies=None, packages_above_depth=None, packages_select_by_dep=None, packages_skip_by_dep=None, packages_skip_up_to=None, packages_select_build_failed=False, packages_skip_build_finished=False, packages_select_test_failures=False, packages_skip_test_passed=False, packages_select=None, packages_skip=None, packages_select_regex=None, packages_skip_regex=None, packages_start=None, packages_end=None, allow_overriding=[], topological_order=False, names_only=True, paths_only=False, topological_graph=False, topological_graph_dot=False, topological_graph_density=False, topological_graph_legend=False, topological_graph_dot_cluster=False, topological_graph_dot_include_skipped=False, verb_parser=<colcon_defaults.argument_parser.defaults.DefaultArgumentsDecorator object at 0x7299d05ac350>, verb_extension=<colcon_package_information.verb.list.ListVerb object at 0x7299d05ac650>, main=<bound method ListVerb.main of <colcon_package_information.verb.list.ListVerb object at 0x7299d05ac650>>)
[0.275s] Level 1:colcon.colcon_core.package_discovery:discover_packages(colcon_meta) check parameters
[0.276s] Level 1:colcon.colcon_core.package_discovery:discover_packages(recursive) check parameters
[0.276s] Level 1:colcon.colcon_core.package_discovery:discover_packages(ignore) check parameters
[0.277s] Level 1:colcon.colcon_core.package_discovery:discover_packages(path) check parameters
[0.277s] Level 1:colcon.colcon_core.package_discovery:discover_packages(colcon_meta) discover
[0.277s] Level 1:colcon.colcon_core.package_discovery:discover_packages(recursive) discover
[0.277s] INFO:colcon.colcon_core.package_discovery:Crawling recursively for packages in '/mnt/c/Users/tiger/Desktop/robot/ROS2 RISC-V/src'
[0.279s] Level 1:colcon.colcon_core.package_identification:_identify(.) by extensions ['ignore', 'ignore_ament_install']
[0.280s] Level 1:colcon.colcon_core.package_identification:_identify(.) by extension 'ignore'
[0.280s] Level 1:colcon.colcon_core.package_identification:_identify(.) by extension 'ignore_ament_install'
[0.281s] Level 1:colcon.colcon_core.package_identification:_identify(.) by extensions ['colcon_pkg']
[0.281s] Level 1:colcon.colcon_core.package_identification:_identify(.) by extension 'colcon_pkg'
[0.282s] Level 1:colcon.colcon_core.package_identification:_identify(.) by extensions ['colcon_meta']
[0.282s] Level 1:colcon.colcon_core.package_identification:_identify(.) by extension 'colcon_meta'
[0.282s] Level 1:colcon.colcon_core.package_identification:_identify(.) by extensions ['ros']
[0.282s] Level 1:colcon.colcon_core.package_identification:_identify(.) by extension 'ros'
[0.304s] Level 1:colcon.colcon_core.package_identification:_identify(.) by extensions ['cmake', 'python']
[0.304s] Level 1:colcon.colcon_core.package_identification:_identify(.) by extension 'cmake'
[0.304s] Level 1:colcon.colcon_core.package_identification:_identify(.) by extension 'python'
[0.305s] Level 1:colcon.colcon_core.package_identification:_identify(.) by extensions ['python_setup_py']
[0.305s] Level 1:colcon.colcon_core.package_identification:_identify(.) by extension 'python_setup_py'
[0.308s] Level 1:colcon.colcon_core.package_identification:_identify(__pycache__) by extensions ['ignore', 'ignore_ament_install']
[0.309s] Level 1:colcon.colcon_core.package_identification:_identify(__pycache__) by extension 'ignore'
[0.309s] Level 1:colcon.colcon_core.package_identification:_identify(__pycache__) by extension 'ignore_ament_install'
[0.311s] Level 1:colcon.colcon_core.package_identification:_identify(__pycache__) by extensions ['colcon_pkg']
[0.311s] Level 1:colcon.colcon_core.package_identification:_identify(__pycache__) by extension 'colcon_pkg'
[0.312s] Level 1:colcon.colcon_core.package_identification:_identify(__pycache__) by extensions ['colcon_meta']
[0.312s] Level 1:colcon.colcon_core.package_identification:_identify(__pycache__) by extension 'colcon_meta'
[0.313s] Level 1:colcon.colcon_core.package_identification:_identify(__pycache__) by extensions ['ros']
[0.314s] Level 1:colcon.colcon_core.package_identification:_identify(__pycache__) by extension 'ros'
[0.319s] Level 1:colcon.colcon_core.package_identification:_identify(__pycache__) by extensions ['cmake', 'python']
[0.320s] Level 1:colcon.colcon_core.package_identification:_identify(__pycache__) by extension 'cmake'
[0.321s] Level 1:colcon.colcon_core.package_identification:_identify(__pycache__) by extension 'python'
[0.322s] Level 1:colcon.colcon_core.package_identification:_identify(__pycache__) by extensions ['python_setup_py']
[0.322s] Level 1:colcon.colcon_core.package_identification:_identify(__pycache__) by extension 'python_setup_py'
[0.325s] Level 1:colcon.colcon_core.package_identification:_identify(action_demo_cpp) by extensions ['ignore', 'ignore_ament_install']
[0.325s] Level 1:colcon.colcon_core.package_identification:_identify(action_demo_cpp) by extension 'ignore'
[0.326s] Level 1:colcon.colcon_core.package_identification:_identify(action_demo_cpp) by extension 'ignore_ament_install'
[0.327s] Level 1:colcon.colcon_core.package_identification:_identify(action_demo_cpp) by extensions ['colcon_pkg']
[0.327s] Level 1:colcon.colcon_core.package_identification:_identify(action_demo_cpp) by extension 'colcon_pkg'
[0.328s] Level 1:colcon.colcon_core.package_identification:_identify(action_demo_cpp) by extensions ['colcon_meta']
[0.328s] Level 1:colcon.colcon_core.package_identification:_identify(action_demo_cpp) by extension 'colcon_meta'
[0.329s] Level 1:colcon.colcon_core.package_identification:_identify(action_demo_cpp) by extensions ['ros']
[0.329s] Level 1:colcon.colcon_core.package_identification:_identify(action_demo_cpp) by extension 'ros'
[0.339s] DEBUG:colcon.colcon_core.package_identification:Package 'action_demo_cpp' with type 'ros.ament_cmake' and name 'action_demo_cpp'
[0.341s] Level 1:colcon.colcon_core.package_identification:_identify(action_demo_interfaces) by extensions ['ignore', 'ignore_ament_install']
[0.342s] Level 1:colcon.colcon_core.package_identification:_identify(action_demo_interfaces) by extension 'ignore'
[0.342s] Level 1:colcon.colcon_core.package_identification:_identify(action_demo_interfaces) by extension 'ignore_ament_install'
[0.343s] Level 1:colcon.colcon_core.package_identification:_identify(action_demo_interfaces) by extensions ['colcon_pkg']
[0.344s] Level 1:colcon.colcon_core.package_identification:_identify(action_demo_interfaces) by extension 'colcon_pkg'
[0.345s] Level 1:colcon.colcon_core.package_identification:_identify(action_demo_interfaces) by extensions ['colcon_meta']
[0.346s] Level 1:colcon.colcon_core.package_identification:_identify(action_demo_interfaces) by extension 'colcon_meta'
[0.349s] Level 1:colcon.colcon_core.package_identification:_identify(action_demo_interfaces) by extensions ['ros']
[0.349s] Level 1:colcon.colcon_core.package_identification:_identify(action_demo_interfaces) by extension 'ros'
[0.359s] DEBUG:colcon.colcon_core.package_identification:Package 'action_demo_interfaces' with type 'ros.ament_cmake' and name 'action_demo_interfaces'
[0.364s] Level 1:colcon.colcon_core.package_identification:_identify(action_demo_py) by extensions ['ignore', 'ignore_ament_install']
[0.365s] Level 1:colcon.colcon_core.package_identification:_identify(action_demo_py) by extension 'ignore'
[0.365s] Level 1:colcon.colcon_core.package_identification:_identify(action_demo_py) by extension 'ignore_ament_install'
[0.367s] Level 1:colcon.colcon_core.package_identification:_identify(action_demo_py) by extensions ['colcon_pkg']
[0.367s] Level 1:colcon.colcon_core.package_identification:_identify(action_demo_py) by extension 'colcon_pkg'
[0.368s] Level 1:colcon.colcon_core.package_identification:_identify(action_demo_py) by extensions ['colcon_meta']
[0.368s] Level 1:colcon.colcon_core.package_identification:_identify(action_demo_py) by extension 'colcon_meta'
[0.369s] Level 1:colcon.colcon_core.package_identification:_identify(action_demo_py) by extensions ['ros']
[0.369s] Level 1:colcon.colcon_core.package_identification:_identify(action_demo_py) by extension 'ros'
[0.385s] DEBUG:colcon.colcon_core.package_identification:Package 'action_demo_py' with type 'ros.ament_python' and name 'action_demo_py'
[0.389s] Level 1:colcon.colcon_core.package_identification:_identify(course_lab_interfaces) by extensions ['ignore', 'ignore_ament_install']
[0.389s] Level 1:colcon.colcon_core.package_identification:_identify(course_lab_interfaces) by extension 'ignore'
[0.391s] Level 1:colcon.colcon_core.package_identification:_identify(course_lab_interfaces) by extension 'ignore_ament_install'
[0.395s] Level 1:colcon.colcon_core.package_identification:_identify(course_lab_interfaces) by extensions ['colcon_pkg']
[0.395s] Level 1:colcon.colcon_core.package_identification:_identify(course_lab_interfaces) by extension 'colcon_pkg'
[0.396s] Level 1:colcon.colcon_core.package_identification:_identify(course_lab_interfaces) by extensions ['colcon_meta']
[0.397s] Level 1:colcon.colcon_core.package_identification:_identify(course_lab_interfaces) by extension 'colcon_meta'
[0.398s] Level 1:colcon.colcon_core.package_identification:_identify(course_lab_interfaces) by extensions ['ros']
[0.398s] Level 1:colcon.colcon_core.package_identification:_identify(course_lab_interfaces) by extension 'ros'
[0.407s] DEBUG:colcon.colcon_core.package_identification:Package 'course_lab_interfaces' with type 'ros.ament_cmake' and name 'course_lab_interfaces'
[0.410s] Level 1:colcon.colcon_core.package_identification:_identify(course_lab_utils) by extensions ['ignore', 'ignore_ament_install']
[0.412s] Level 1:colcon.colcon_core.package_identification:_identify(course_lab_utils) by extension 'ignore'
[0.413s] Level 1:colcon.colcon_core.package_identification:_identify(course_lab_utils) by extension 'ignore_ament_install'
[0.415s] Level 1:colcon.colcon_core.package_identification:_identify(course_lab_utils) by extensions ['colcon_pkg']
[0.415s] Level 1:colcon.colcon_core.package_identification:_identify(course_lab_utils) by extension 'colcon_pkg'
[0.416s] Level 1:colcon.colcon_core.package_identification:_identify(course_lab_utils) by extensions ['colcon_meta']
[0.416s] Level 1:colcon.colcon_core.package_identification:_identify(course_lab_utils) by extension 'colcon_meta'
[0.417s] Level 1:colcon.colcon_core.package_identification:_identify(course_lab_utils) by extensions ['ros']
[0.417s] Level 1:colcon.colcon_core.package_identification:_identify(course_lab_utils) by extension 'ros'
[0.429s] DEBUG:colcon.colcon_core.package_identification:Package 'course_lab_utils' with type 'ros.ament_python' and name 'course_lab_utils'
[0.433s] Level 1:colcon.colcon_core.package_identification:_identify(lab_code) by extensions ['ignore', 'ignore_ament_install']
[0.433s] Level 1:colcon.colcon_core.package_identification:_identify(lab_code) by extension 'ignore'
[0.434s] Level 1:colcon.colcon_core.package_identification:_identify(lab_code) by extension 'ignore_ament_install'
[0.436s] Level 1:colcon.colcon_core.package_identification:_identify(lab_code) by extensions ['colcon_pkg']
[0.437s] Level 1:colcon.colcon_core.package_identification:_identify(lab_code) by extension 'colcon_pkg'
[0.438s] Level 1:colcon.colcon_core.package_identification:_identify(lab_code) by extensions ['colcon_meta']
[0.438s] Level 1:colcon.colcon_core.package_identification:_identify(lab_code) by extension 'colcon_meta'
[0.442s] Level 1:colcon.colcon_core.package_identification:_identify(lab_code) by extensions ['ros']
[0.443s] Level 1:colcon.colcon_core.package_identification:_identify(lab_code) by extension 'ros'
[0.447s] Level 1:colcon.colcon_core.package_identification:_identify(lab_code) by extensions ['cmake', 'python']
[0.447s] Level 1:colcon.colcon_core.package_identification:_identify(lab_code) by extension 'cmake'
[0.449s] Level 1:colcon.colcon_core.package_identification:_identify(lab_code) by extension 'python'
[0.450s] Level 1:colcon.colcon_core.package_identification:_identify(lab_code) by extensions ['python_setup_py']
[0.450s] Level 1:colcon.colcon_core.package_identification:_identify(lab_code) by extension 'python_setup_py'
[0.459s] Level 1:colcon.colcon_core.package_identification:_identify(lab_code/__pycache__) by extensions ['ignore', 'ignore_ament_install']
[0.460s] Level 1:colcon.colcon_core.package_identification:_identify(lab_code/__pycache__) by extension 'ignore'
[0.462s] Level 1:colcon.colcon_core.package_identification:_identify(lab_code/__pycache__) by extension 'ignore_ament_install'
[0.465s] Level 1:colcon.colcon_core.package_identification:_identify(lab_code/__pycache__) by extensions ['colcon_pkg']
[0.466s] Level 1:colcon.colcon_core.package_identification:_identify(lab_code/__pycache__) by extension 'colcon_pkg'
[0.467s] Level 1:colcon.colcon_core.package_identification:_identify(lab_code/__pycache__) by extensions ['colcon_meta']
[0.468s] Level 1:colcon.colcon_core.package_identification:_identify(lab_code/__pycache__) by extension 'colcon_meta'
[0.475s] Level 1:colcon.colcon_core.package_identification:_identify(lab_code/__pycache__) by extensions ['ros']
[0.475s] Level 1:colcon.colcon_core.package_identification:_identify(lab_code/__pycache__) by extension 'ros'
[0.482s] Level 1:colcon.colcon_core.package_identification:_identify(lab_code/__pycache__) by extensions ['cmake', 'python']
[0.483s] Level 1:colcon.colcon_core.package_identification:_identify(lab_code/__pycache__) by extension 'cmake'
[0.490s] Level 1:colcon.colcon_core.package_identification:_identify(lab_code/__pycache__) by extension 'python'
[0.493s] Level 1:colcon.colcon_core.package_identification:_identify(lab_code/__pycache__) by extensions ['python_setup_py']
[0.493s] Level 1:colcon.colcon_core.package_identification:_identify(lab_code/__pycache__) by extension 'python_setup_py'
[0.505s] Level 1:colcon.colcon_core.package_identification:_identify(lab_code/ch01_lab) by extensions ['ignore', 'ignore_ament_install']
[0.505s] Level 1:colcon.colcon_core.package_identification:_identify(lab_code/ch01_lab) by extension 'ignore'
[0.507s] Level 1:colcon.colcon_core.package_identification:_identify(lab_code/ch01_lab) by extension 'ignore_ament_install'
[0.510s] Level 1:colcon.colcon_core.package_identification:_identify(lab_code/ch01_lab) by extensions ['colcon_pkg']
[0.510s] Level 1:colcon.colcon_core.package_identification:_identify(lab_code/ch01_lab) by extension 'colcon_pkg'
[0.511s] Level 1:colcon.colcon_core.package_identification:_identify(lab_code/ch01_lab) by extensions ['colcon_meta']
[0.511s] Level 1:colcon.colcon_core.package_identification:_identify(lab_code/ch01_lab) by extension 'colcon_meta'
[0.513s] Level 1:colcon.colcon_core.package_identification:_identify(lab_code/ch01_lab) by extensions ['ros']
[0.513s] Level 1:colcon.colcon_core.package_identification:_identify(lab_code/ch01_lab) by extension 'ros'
[0.524s] DEBUG:colcon.colcon_core.package_identification:Package 'lab_code/ch01_lab' with type 'ros.ament_python' and name 'lifecycle_demo'
[0.526s] Level 1:colcon.colcon_core.package_identification:_identify(lab_code/ch02_lab) by extensions ['ignore', 'ignore_ament_install']
[0.527s] Level 1:colcon.colcon_core.package_identification:_identify(lab_code/ch02_lab) by extension 'ignore'
[0.528s] Level 1:colcon.colcon_core.package_identification:_identify(lab_code/ch02_lab) by extension 'ignore_ament_install'
[0.529s] Level 1:colcon.colcon_core.package_identification:_identify(lab_code/ch02_lab) by extensions ['colcon_pkg']
[0.529s] Level 1:colcon.colcon_core.package_identification:_identify(lab_code/ch02_lab) by extension 'colcon_pkg'
[0.530s] Level 1:colcon.colcon_core.package_identification:_identify(lab_code/ch02_lab) by extensions ['colcon_meta']
[0.530s] Level 1:colcon.colcon_core.package_identification:_identify(lab_code/ch02_lab) by extension 'colcon_meta'
[0.532s] Level 1:colcon.colcon_core.package_identification:_identify(lab_code/ch02_lab) by extensions ['ros']
[0.534s] Level 1:colcon.colcon_core.package_identification:_identify(lab_code/ch02_lab) by extension 'ros'
[0.537s] Level 1:colcon.colcon_core.package_identification:_identify(lab_code/ch02_lab) by extensions ['cmake', 'python']
[0.537s] Level 1:colcon.colcon_core.package_identification:_identify(lab_code/ch02_lab) by extension 'cmake'
[0.538s] Level 1:colcon.colcon_core.package_identification:_identify(lab_code/ch02_lab) by extension 'python'
[0.539s] Level 1:colcon.colcon_core.package_identification:_identify(lab_code/ch02_lab) by extensions ['python_setup_py']
[0.539s] Level 1:colcon.colcon_core.package_identification:_identify(lab_code/ch02_lab) by extension 'python_setup_py'
[0.545s] Level 1:colcon.colcon_core.package_identification:_identify(lab_code/ch02_lab/docs) by extensions ['ignore', 'ignore_ament_install']
[0.546s] Level 1:colcon.colcon_core.package_identification:_identify(lab_code/ch02_lab/docs) by extension 'ignore'
[0.548s] Level 1:colcon.colcon_core.package_identification:_identify(lab_code/ch02_lab/docs) by extension 'ignore_ament_install'
[0.552s] Level 1:colcon.colcon_core.package_identification:_identify(lab_code/ch02_lab/docs) by extensions ['colcon_pkg']
[0.552s] Level 1:colcon.colcon_core.package_identification:_identify(lab_code/ch02_lab/docs) by extension 'colcon_pkg'
[0.553s] Level 1:colcon.colcon_core.package_identification:_identify(lab_code/ch02_lab/docs) by extensions ['colcon_meta']
[0.554s] Level 1:colcon.colcon_core.package_identification:_identify(lab_code/ch02_lab/docs) by extension 'colcon_meta'
[0.557s] Level 1:colcon.colcon_core.package_identification:_identify(lab_code/ch02_lab/docs) by extensions ['ros']
[0.557s] Level 1:colcon.colcon_core.package_identification:_identify(lab_code/ch02_lab/docs) by extension 'ros'
[0.565s] Level 1:colcon.colcon_core.package_identification:_identify(lab_code/ch02_lab/docs) by extensions ['cmake', 'python']
[0.565s] Level 1:colcon.colcon_core.package_identification:_identify(lab_code/ch02_lab/docs) by extension 'cmake'
[0.567s] Level 1:colcon.colcon_core.package_identification:_identify(lab_code/ch02_lab/docs) by extension 'python'
[0.569s] Level 1:colcon.colcon_core.package_identification:_identify(lab_code/ch02_lab/docs) by extensions ['python_setup_py']
[0.569s] Level 1:colcon.colcon_core.package_identification:_identify(lab_code/ch02_lab/docs) by extension 'python_setup_py'
[0.581s] Level 1:colcon.colcon_core.package_identification:_identify(lab_code/ch02_lab/docs/images) by extensions ['ignore', 'ignore_ament_install']
[0.582s] Level 1:colcon.colcon_core.package_identification:_identify(lab_code/ch02_lab/docs/images) by extension 'ignore'
[0.583s] Level 1:colcon.colcon_core.package_identification:_identify(lab_code/ch02_lab/docs/images) by extension 'ignore_ament_install'
[0.585s] Level 1:colcon.colcon_core.package_identification:_identify(lab_code/ch02_lab/docs/images) by extensions ['colcon_pkg']
[0.585s] Level 1:colcon.colcon_core.package_identification:_identify(lab_code/ch02_lab/docs/images) by extension 'colcon_pkg'
[0.586s] Level 1:colcon.colcon_core.package_identification:_identify(lab_code/ch02_lab/docs/images) by extensions ['colcon_meta']
[0.586s] Level 1:colcon.colcon_core.package_identification:_identify(lab_code/ch02_lab/docs/images) by extension 'colcon_meta'
[0.589s] Level 1:colcon.colcon_core.package_identification:_identify(lab_code/ch02_lab/docs/images) by extensions ['ros']
[0.589s] Level 1:colcon.colcon_core.package_identification:_identify(lab_code/ch02_lab/docs/images) by extension 'ros'
[0.603s] Level 1:colcon.colcon_core.package_identification:_identify(lab_code/ch02_lab/docs/images) by extensions ['cmake', 'python']
[0.603s] Level 1:colcon.colcon_core.package_identification:_identify(lab_code/ch02_lab/docs/images) by extension 'cmake'
[0.604s] Level 1:colcon.colcon_core.package_identification:_identify(lab_code/ch02_lab/docs/images) by extension 'python'
[0.605s] Level 1:colcon.colcon_core.package_identification:_identify(lab_code/ch02_lab/docs/images) by extensions ['python_setup_py']
[0.606s] Level 1:colcon.colcon_core.package_identification:_identify(lab_code/ch02_lab/docs/images) by extension 'python_setup_py'
[0.611s] Level 1:colcon.colcon_core.package_identification:_identify(lab_code/ch02_lab/hello_pkg) by extensions ['ignore', 'ignore_ament_install']
[0.611s] Level 1:colcon.colcon_core.package_identification:_identify(lab_code/ch02_lab/hello_pkg) by extension 'ignore'
[0.612s] Level 1:colcon.colcon_core.package_identification:_identify(lab_code/ch02_lab/hello_pkg) by extension 'ignore_ament_install'
[0.614s] Level 1:colcon.colcon_core.package_identification:_identify(lab_code/ch02_lab/hello_pkg) by extensions ['colcon_pkg']
[0.614s] Level 1:colcon.colcon_core.package_identification:_identify(lab_code/ch02_lab/hello_pkg) by extension 'colcon_pkg'
[0.615s] Level 1:colcon.colcon_core.package_identification:_identify(lab_code/ch02_lab/hello_pkg) by extensions ['colcon_meta']
[0.615s] Level 1:colcon.colcon_core.package_identification:_identify(lab_code/ch02_lab/hello_pkg) by extension 'colcon_meta'
[0.617s] Level 1:colcon.colcon_core.package_identification:_identify(lab_code/ch02_lab/hello_pkg) by extensions ['ros']
[0.617s] Level 1:colcon.colcon_core.package_identification:_identify(lab_code/ch02_lab/hello_pkg) by extension 'ros'
[0.640s] DEBUG:colcon.colcon_core.package_identification:Package 'lab_code/ch02_lab/hello_pkg' with type 'ros.ament_python' and name 'hello_pkg'
[0.643s] Level 1:colcon.colcon_core.package_identification:_identify(lab_code/ch03_lab) by extensions ['ignore', 'ignore_ament_install']
[0.644s] Level 1:colcon.colcon_core.package_identification:_identify(lab_code/ch03_lab) by extension 'ignore'
[0.645s] Level 1:colcon.colcon_core.package_identification:_identify(lab_code/ch03_lab) by extension 'ignore_ament_install'
[0.646s] Level 1:colcon.colcon_core.package_identification:_identify(lab_code/ch03_lab) by extensions ['colcon_pkg']
[0.646s] Level 1:colcon.colcon_core.package_identification:_identify(lab_code/ch03_lab) by extension 'colcon_pkg'
[0.647s] Level 1:colcon.colcon_core.package_identification:_identify(lab_code/ch03_lab) by extensions ['colcon_meta']
[0.647s] Level 1:colcon.colcon_core.package_identification:_identify(lab_code/ch03_lab) by extension 'colcon_meta'
[0.648s] Level 1:colcon.colcon_core.package_identification:_identify(lab_code/ch03_lab) by extensions ['ros']
[0.649s] Level 1:colcon.colcon_core.package_identification:_identify(lab_code/ch03_lab) by extension 'ros'
[0.651s] Level 1:colcon.colcon_core.package_identification:_identify(lab_code/ch03_lab) by extensions ['cmake', 'python']
[0.651s] Level 1:colcon.colcon_core.package_identification:_identify(lab_code/ch03_lab) by extension 'cmake'
[0.652s] Level 1:colcon.colcon_core.package_identification:_identify(lab_code/ch03_lab) by extension 'python'
[0.653s] Level 1:colcon.colcon_core.package_identification:_identify(lab_code/ch03_lab) by extensions ['python_setup_py']
[0.654s] Level 1:colcon.colcon_core.package_identification:_identify(lab_code/ch03_lab) by extension 'python_setup_py'
[0.659s] Level 1:colcon.colcon_core.package_identification:_identify(lab_code/ch03_lab/docs) by extensions ['ignore', 'ignore_ament_install']
[0.660s] Level 1:colcon.colcon_core.package_identification:_identify(lab_code/ch03_lab/docs) by extension 'ignore'
[0.662s] Level 1:colcon.colcon_core.package_identification:_identify(lab_code/ch03_lab/docs) by extension 'ignore_ament_install'
[0.664s] Level 1:colcon.colcon_core.package_identification:_identify(lab_code/ch03_lab/docs) by extensions ['colcon_pkg']
[0.665s] Level 1:colcon.colcon_core.package_identification:_identify(lab_code/ch03_lab/docs) by extension 'colcon_pkg'
[0.666s] Level 1:colcon.colcon_core.package_identification:_identify(lab_code/ch03_lab/docs) by extensions ['colcon_meta']
[0.666s] Level 1:colcon.colcon_core.package_identification:_identify(lab_code/ch03_lab/docs) by extension 'colcon_meta'
[0.670s] Level 1:colcon.colcon_core.package_identification:_identify(lab_code/ch03_lab/docs) by extensions ['ros']
[0.670s] Level 1:colcon.colcon_core.package_identification:_identify(lab_code/ch03_lab/docs) by extension 'ros'
[0.680s] Level 1:colcon.colcon_core.package_identification:_identify(lab_code/ch03_lab/docs) by extensions ['cmake', 'python']
[0.680s] Level 1:colcon.colcon_core.package_identification:_identify(lab_code/ch03_lab/docs) by extension 'cmake'
[0.681s] Level 1:colcon.colcon_core.package_identification:_identify(lab_code/ch03_lab/docs) by extension 'python'
[0.683s] Level 1:colcon.colcon_core.package_identification:_identify(lab_code/ch03_lab/docs) by extensions ['python_setup_py']
[0.683s] Level 1:colcon.colcon_core.package_identification:_identify(lab_code/ch03_lab/docs) by extension 'python_setup_py'
[0.690s] Level 1:colcon.colcon_core.package_identification:_identify(lab_code/ch03_lab/docs/images) by extensions ['ignore', 'ignore_ament_install']
[0.691s] Level 1:colcon.colcon_core.package_identification:_identify(lab_code/ch03_lab/docs/images) by extension 'ignore'
[0.692s] Level 1:colcon.colcon_core.package_identification:_identify(lab_code/ch03_lab/docs/images) by extension 'ignore_ament_install'
[0.695s] Level 1:colcon.colcon_core.package_identification:_identify(lab_code/ch03_lab/docs/images) by extensions ['colcon_pkg']
[0.695s] Level 1:colcon.colcon_core.package_identification:_identify(lab_code/ch03_lab/docs/images) by extension 'colcon_pkg'
[0.696s] Level 1:colcon.colcon_core.package_identification:_identify(lab_code/ch03_lab/docs/images) by extensions ['colcon_meta']
[0.696s] Level 1:colcon.colcon_core.package_identification:_identify(lab_code/ch03_lab/docs/images) by extension 'colcon_meta'
[0.707s] Level 1:colcon.colcon_core.package_identification:_identify(lab_code/ch03_lab/docs/images) by extensions ['ros']
[0.708s] Level 1:colcon.colcon_core.package_identification:_identify(lab_code/ch03_lab/docs/images) by extension 'ros'
[0.717s] Level 1:colcon.colcon_core.package_identification:_identify(lab_code/ch03_lab/docs/images) by extensions ['cmake', 'python']
[0.717s] Level 1:colcon.colcon_core.package_identification:_identify(lab_code/ch03_lab/docs/images) by extension 'cmake'
[0.719s] Level 1:colcon.colcon_core.package_identification:_identify(lab_code/ch03_lab/docs/images) by extension 'python'
[0.721s] Level 1:colcon.colcon_core.package_identification:_identify(lab_code/ch03_lab/docs/images) by extensions ['python_setup_py']
[0.722s] Level 1:colcon.colcon_core.package_identification:_identify(lab_code/ch03_lab/docs/images) by extension 'python_setup_py'
[0.728s] Level 1:colcon.colcon_core.package_identification:_identify(lab_code/ch03_lab/sensor_interfaces) by extensions ['ignore', 'ignore_ament_install']
[0.728s] Level 1:colcon.colcon_core.package_identification:_identify(lab_code/ch03_lab/sensor_interfaces) by extension 'ignore'
[0.730s] Level 1:colcon.colcon_core.package_identification:_identify(lab_code/ch03_lab/sensor_interfaces) by extension 'ignore_ament_install'
[0.732s] Level 1:colcon.colcon_core.package_identification:_identify(lab_code/ch03_lab/sensor_interfaces) by extensions ['colcon_pkg']
[0.732s] Level 1:colcon.colcon_core.package_identification:_identify(lab_code/ch03_lab/sensor_interfaces) by extension 'colcon_pkg'
[0.733s] Level 1:colcon.colcon_core.package_identification:_identify(lab_code/ch03_lab/sensor_interfaces) by extensions ['colcon_meta']
[0.734s] Level 1:colcon.colcon_core.package_identification:_identify(lab_code/ch03_lab/sensor_interfaces) by extension 'colcon_meta'
[0.736s] Level 1:colcon.colcon_core.package_identification:_identify(lab_code/ch03_lab/sensor_interfaces) by extensions ['ros']
[0.736s] Level 1:colcon.colcon_core.package_identification:_identify(lab_code/ch03_lab/sensor_interfaces) by extension 'ros'
[0.747s] DEBUG:colcon.colcon_core.package_identification:Package 'lab_code/ch03_lab/sensor_interfaces' with type 'ros.ament_cmake' and name 'sensor_interfaces'
[0.751s] Level 1:colcon.colcon_core.package_identification:_identify(lab_code/ch03_lab/sensor_pub) by extensions ['ignore', 'ignore_ament_install']
[0.751s] Level 1:colcon.colcon_core.package_identification:_identify(lab_code/ch03_lab/sensor_pub) by extension 'ignore'
[0.752s] Level 1:colcon.colcon_core.package_identification:_identify(lab_code/ch03_lab/sensor_pub) by extension 'ignore_ament_install'
[0.754s] Level 1:colcon.colcon_core.package_identification:_identify(lab_code/ch03_lab/sensor_pub) by extensions ['colcon_pkg']
[0.754s] Level 1:colcon.colcon_core.package_identification:_identify(lab_code/ch03_lab/sensor_pub) by extension 'colcon_pkg'
[0.755s] Level 1:colcon.colcon_core.package_identification:_identify(lab_code/ch03_lab/sensor_pub) by extensions ['colcon_meta']
[0.756s] Level 1:colcon.colcon_core.package_identification:_identify(lab_code/ch03_lab/sensor_pub) by extension 'colcon_meta'
[0.758s] Level 1:colcon.colcon_core.package_identification:_identify(lab_code/ch03_lab/sensor_pub) by extensions ['ros']
[0.758s] Level 1:colcon.colcon_core.package_identification:_identify(lab_code/ch03_lab/sensor_pub) by extension 'ros'
[0.774s] DEBUG:colcon.colcon_core.package_identification:Package 'lab_code/ch03_lab/sensor_pub' with type 'ros.ament_python' and name 'sensor_pub'
[0.779s] Level 1:colcon.colcon_core.package_identification:_identify(lab_code/ch03_lab/topic_demo) by extensions ['ignore', 'ignore_ament_install']
[0.779s] Level 1:colcon.colcon_core.package_identification:_identify(lab_code/ch03_lab/topic_demo) by extension 'ignore'
[0.780s] Level 1:colcon.colcon_core.package_identification:_identify(lab_code/ch03_lab/topic_demo) by extension 'ignore_ament_install'
[0.783s] Level 1:colcon.colcon_core.package_identification:_identify(lab_code/ch03_lab/topic_demo) by extensions ['colcon_pkg']
[0.783s] Level 1:colcon.colcon_core.package_identification:_identify(lab_code/ch03_lab/topic_demo) by extension 'colcon_pkg'
[0.784s] Level 1:colcon.colcon_core.package_identification:_identify(lab_code/ch03_lab/topic_demo) by extensions ['colcon_meta']
[0.784s] Level 1:colcon.colcon_core.package_identification:_identify(lab_code/ch03_lab/topic_demo) by extension 'colcon_meta'
[0.786s] Level 1:colcon.colcon_core.package_identification:_identify(lab_code/ch03_lab/topic_demo) by extensions ['ros']
[0.786s] Level 1:colcon.colcon_core.package_identification:_identify(lab_code/ch03_lab/topic_demo) by extension 'ros'
[0.797s] DEBUG:colcon.colcon_core.package_identification:Package 'lab_code/ch03_lab/topic_demo' with type 'ros.ament_python' and name 'topic_demo'
[0.800s] Level 1:colcon.colcon_core.package_identification:_identify(lab_code/ch04_lab) by extensions ['ignore', 'ignore_ament_install']
[0.800s] Level 1:colcon.colcon_core.package_identification:_identify(lab_code/ch04_lab) by extension 'ignore'
[0.801s] Level 1:colcon.colcon_core.package_identification:_identify(lab_code/ch04_lab) by extension 'ignore_ament_install'
[0.803s] Level 1:colcon.colcon_core.package_identification:_identify(lab_code/ch04_lab) by extensions ['colcon_pkg']
[0.803s] Level 1:colcon.colcon_core.package_identification:_identify(lab_code/ch04_lab) by extension 'colcon_pkg'
[0.804s] Level 1:colcon.colcon_core.package_identification:_identify(lab_code/ch04_lab) by extensions ['colcon_meta']
[0.804s] Level 1:colcon.colcon_core.package_identification:_identify(lab_code/ch04_lab) by extension 'colcon_meta'
[0.805s] Level 1:colcon.colcon_core.package_identification:_identify(lab_code/ch04_lab) by extensions ['ros']
[0.805s] Level 1:colcon.colcon_core.package_identification:_identify(lab_code/ch04_lab) by extension 'ros'
[0.816s] Level 1:colcon.colcon_core.package_identification:_identify(lab_code/ch04_lab) by extensions ['cmake', 'python']
[0.816s] Level 1:colcon.colcon_core.package_identification:_identify(lab_code/ch04_lab) by extension 'cmake'
[0.819s] Level 1:colcon.colcon_core.package_identification:_identify(lab_code/ch04_lab) by extension 'python'
[0.820s] Level 1:colcon.colcon_core.package_identification:_identify(lab_code/ch04_lab) by extensions ['python_setup_py']
[0.820s] Level 1:colcon.colcon_core.package_identification:_identify(lab_code/ch04_lab) by extension 'python_setup_py'
[0.836s] Level 1:colcon.colcon_core.package_identification:_identify(lab_code/ch04_lab/docs) by extensions ['ignore', 'ignore_ament_install']
[0.836s] Level 1:colcon.colcon_core.package_identification:_identify(lab_code/ch04_lab/docs) by extension 'ignore'
[0.837s] Level 1:colcon.colcon_core.package_identification:_identify(lab_code/ch04_lab/docs) by extension 'ignore_ament_install'
[0.840s] Level 1:colcon.colcon_core.package_identification:_identify(lab_code/ch04_lab/docs) by extensions ['colcon_pkg']
[0.840s] Level 1:colcon.colcon_core.package_identification:_identify(lab_code/ch04_lab/docs) by extension 'colcon_pkg'
[0.841s] Level 1:colcon.colcon_core.package_identification:_identify(lab_code/ch04_lab/docs) by extensions ['colcon_meta']
[0.841s] Level 1:colcon.colcon_core.package_identification:_identify(lab_code/ch04_lab/docs) by extension 'colcon_meta'
[0.844s] Level 1:colcon.colcon_core.package_identification:_identify(lab_code/ch04_lab/docs) by extensions ['ros']
[0.844s] Level 1:colcon.colcon_core.package_identification:_identify(lab_code/ch04_lab/docs) by extension 'ros'
[0.849s] Level 1:colcon.colcon_core.package_identification:_identify(lab_code/ch04_lab/docs) by extensions ['cmake', 'python']
[0.849s] Level 1:colcon.colcon_core.package_identification:_identify(lab_code/ch04_lab/docs) by extension 'cmake'
[0.850s] Level 1:colcon.colcon_core.package_identification:_identify(lab_code/ch04_lab/docs) by extension 'python'
[0.851s] Level 1:colcon.colcon_core.package_identification:_identify(lab_code/ch04_lab/docs) by extensions ['python_setup_py']
[0.851s] Level 1:colcon.colcon_core.package_identification:_identify(lab_code/ch04_lab/docs) by extension 'python_setup_py'
[0.857s] Level 1:colcon.colcon_core.package_identification:_identify(lab_code/ch04_lab/docs/images) by extensions ['ignore', 'ignore_ament_install']
[0.857s] Level 1:colcon.colcon_core.package_identification:_identify(lab_code/ch04_lab/docs/images) by extension 'ignore'
[0.859s] Level 1:colcon.colcon_core.package_identification:_identify(lab_code/ch04_lab/docs/images) by extension 'ignore_ament_install'
[0.862s] Level 1:colcon.colcon_core.package_identification:_identify(lab_code/ch04_lab/docs/images) by extensions ['colcon_pkg']
[0.862s] Level 1:colcon.colcon_core.package_identification:_identify(lab_code/ch04_lab/docs/images) by extension 'colcon_pkg'
[0.864s] Level 1:colcon.colcon_core.package_identification:_identify(lab_code/ch04_lab/docs/images) by extensions ['colcon_meta']
[0.865s] Level 1:colcon.colcon_core.package_identification:_identify(lab_code/ch04_lab/docs/images) by extension 'colcon_meta'
[0.868s] Level 1:colcon.colcon_core.package_identification:_identify(lab_code/ch04_lab/docs/images) by extensions ['ros']
[0.868s] Level 1:colcon.colcon_core.package_identification:_identify(lab_code/ch04_lab/docs/images) by extension 'ros'
[0.873s] Level 1:colcon.colcon_core.package_identification:_identify(lab_code/ch04_lab/docs/images) by extensions ['cmake', 'python']
[0.873s] Level 1:colcon.colcon_core.package_identification:_identify(lab_code/ch04_lab/docs/images) by extension 'cmake'
[0.874s] Level 1:colcon.colcon_core.package_identification:_identify(lab_code/ch04_lab/docs/images) by extension 'python'
[0.876s] Level 1:colcon.colcon_core.package_identification:_identify(lab_code/ch04_lab/docs/images) by extensions ['python_setup_py']
[0.876s] Level 1:colcon.colcon_core.package_identification:_identify(lab_code/ch04_lab/docs/images) by extension 'python_setup_py'
[0.881s] Level 1:colcon.colcon_core.package_identification:_identify(lab_code/ch04_lab/service_demo) by extensions ['ignore', 'ignore_ament_install']
[0.881s] Level 1:colcon.colcon_core.package_identification:_identify(lab_code/ch04_lab/service_demo) by extension 'ignore'
[0.882s] Level 1:colcon.colcon_core.package_identification:_identify(lab_code/ch04_lab/service_demo) by extension 'ignore_ament_install'
[0.884s] Level 1:colcon.colcon_core.package_identification:_identify(lab_code/ch04_lab/service_demo) by extensions ['colcon_pkg']
[0.885s] Level 1:colcon.colcon_core.package_identification:_identify(lab_code/ch04_lab/service_demo) by extension 'colcon_pkg'
[0.887s] Level 1:colcon.colcon_core.package_identification:_identify(lab_code/ch04_lab/service_demo) by extensions ['colcon_meta']
[0.888s] Level 1:colcon.colcon_core.package_identification:_identify(lab_code/ch04_lab/service_demo) by extension 'colcon_meta'
[0.891s] Level 1:colcon.colcon_core.package_identification:_identify(lab_code/ch04_lab/service_demo) by extensions ['ros']
[0.891s] Level 1:colcon.colcon_core.package_identification:_identify(lab_code/ch04_lab/service_demo) by extension 'ros'
[0.904s] DEBUG:colcon.colcon_core.package_identification:Package 'lab_code/ch04_lab/service_demo' with type 'ros.ament_python' and name 'service_demo'
[0.907s] Level 1:colcon.colcon_core.package_identification:_identify(lab_code/ch05_lab) by extensions ['ignore', 'ignore_ament_install']
[0.907s] Level 1:colcon.colcon_core.package_identification:_identify(lab_code/ch05_lab) by extension 'ignore'
[0.908s] Level 1:colcon.colcon_core.package_identification:_identify(lab_code/ch05_lab) by extension 'ignore_ament_install'
[0.911s] Level 1:colcon.colcon_core.package_identification:_identify(lab_code/ch05_lab) by extensions ['colcon_pkg']
[0.911s] Level 1:colcon.colcon_core.package_identification:_identify(lab_code/ch05_lab) by extension 'colcon_pkg'
[0.912s] Level 1:colcon.colcon_core.package_identification:_identify(lab_code/ch05_lab) by extensions ['colcon_meta']
[0.912s] Level 1:colcon.colcon_core.package_identification:_identify(lab_code/ch05_lab) by extension 'colcon_meta'
[0.913s] Level 1:colcon.colcon_core.package_identification:_identify(lab_code/ch05_lab) by extensions ['ros']
[0.913s] Level 1:colcon.colcon_core.package_identification:_identify(lab_code/ch05_lab) by extension 'ros'
[0.930s] Level 1:colcon.colcon_core.package_identification:_identify(lab_code/ch05_lab) by extensions ['cmake', 'python']
[0.930s] Level 1:colcon.colcon_core.package_identification:_identify(lab_code/ch05_lab) by extension 'cmake'
[0.932s] Level 1:colcon.colcon_core.package_identification:_identify(lab_code/ch05_lab) by extension 'python'
[0.933s] Level 1:colcon.colcon_core.package_identification:_identify(lab_code/ch05_lab) by extensions ['python_setup_py']
[0.933s] Level 1:colcon.colcon_core.package_identification:_identify(lab_code/ch05_lab) by extension 'python_setup_py'
[0.942s] Level 1:colcon.colcon_core.package_identification:_identify(lab_code/ch05_lab/action_demo) by extensions ['ignore', 'ignore_ament_install']
[0.943s] Level 1:colcon.colcon_core.package_identification:_identify(lab_code/ch05_lab/action_demo) by extension 'ignore'
[0.944s] Level 1:colcon.colcon_core.package_identification:_identify(lab_code/ch05_lab/action_demo) by extension 'ignore_ament_install'
[0.959s] Level 1:colcon.colcon_core.package_identification:_identify(lab_code/ch05_lab/action_demo) by extensions ['colcon_pkg']
[0.959s] Level 1:colcon.colcon_core.package_identification:_identify(lab_code/ch05_lab/action_demo) by extension 'colcon_pkg'
[0.961s] Level 1:colcon.colcon_core.package_identification:_identify(lab_code/ch05_lab/action_demo) by extensions ['colcon_meta']
[0.961s] Level 1:colcon.colcon_core.package_identification:_identify(lab_code/ch05_lab/action_demo) by extension 'colcon_meta'
[0.965s] Level 1:colcon.colcon_core.package_identification:_identify(lab_code/ch05_lab/action_demo) by extensions ['ros']
[0.965s] Level 1:colcon.colcon_core.package_identification:_identify(lab_code/ch05_lab/action_demo) by extension 'ros'
[1.000s] DEBUG:colcon.colcon_core.package_identification:Package 'lab_code/ch05_lab/action_demo' with type 'ros.ament_python' and name 'action_demo'
[1.016s] Level 1:colcon.colcon_core.package_identification:_identify(lab_code/ch05_lab/docs) by extensions ['ignore', 'ignore_ament_install']
[1.017s] Level 1:colcon.colcon_core.package_identification:_identify(lab_code/ch05_lab/docs) by extension 'ignore'
[1.019s] Level 1:colcon.colcon_core.package_identification:_identify(lab_code/ch05_lab/docs) by extension 'ignore_ament_install'
[1.023s] Level 1:colcon.colcon_core.package_identification:_identify(lab_code/ch05_lab/docs) by extensions ['colcon_pkg']
[1.023s] Level 1:colcon.colcon_core.package_identification:_identify(lab_code/ch05_lab/docs) by extension 'colcon_pkg'
[1.026s] Level 1:colcon.colcon_core.package_identification:_identify(lab_code/ch05_lab/docs) by extensions ['colcon_meta']
[1.026s] Level 1:colcon.colcon_core.package_identification:_identify(lab_code/ch05_lab/docs) by extension 'colcon_meta'
[1.030s] Level 1:colcon.colcon_core.package_identification:_identify(lab_code/ch05_lab/docs) by extensions ['ros']
[1.031s] Level 1:colcon.colcon_core.package_identification:_identify(lab_code/ch05_lab/docs) by extension 'ros'
[1.039s] Level 1:colcon.colcon_core.package_identification:_identify(lab_code/ch05_lab/docs) by extensions ['cmake', 'python']
[1.041s] Level 1:colcon.colcon_core.package_identification:_identify(lab_code/ch05_lab/docs) by extension 'cmake'
[1.046s] Level 1:colcon.colcon_core.package_identification:_identify(lab_code/ch05_lab/docs) by extension 'python'
[1.048s] Level 1:colcon.colcon_core.package_identification:_identify(lab_code/ch05_lab/docs) by extensions ['python_setup_py']
[1.048s] Level 1:colcon.colcon_core.package_identification:_identify(lab_code/ch05_lab/docs) by extension 'python_setup_py'
[1.057s] Level 1:colcon.colcon_core.package_identification:_identify(lab_code/ch05_lab/docs/images) by extensions ['ignore', 'ignore_ament_install']
[1.057s] Level 1:colcon.colcon_core.package_identification:_identify(lab_code/ch05_lab/docs/images) by extension 'ignore'
[1.059s] Level 1:colcon.colcon_core.package_identification:_identify(lab_code/ch05_lab/docs/images) by extension 'ignore_ament_install'
[1.065s] Level 1:colcon.colcon_core.package_identification:_identify(lab_code/ch05_lab/docs/images) by extensions ['colcon_pkg']
[1.065s] Level 1:colcon.colcon_core.package_identification:_identify(lab_code/ch05_lab/docs/images) by extension 'colcon_pkg'
[1.067s] Level 1:colcon.colcon_core.package_identification:_identify(lab_code/ch05_lab/docs/images) by extensions ['colcon_meta']
[1.068s] Level 1:colcon.colcon_core.package_identification:_identify(lab_code/ch05_lab/docs/images) by extension 'colcon_meta'
[1.074s] Level 1:colcon.colcon_core.package_identification:_identify(lab_code/ch05_lab/docs/images) by extensions ['ros']
[1.074s] Level 1:colcon.colcon_core.package_identification:_identify(lab_code/ch05_lab/docs/images) by extension 'ros'
[1.085s] Level 1:colcon.colcon_core.package_identification:_identify(lab_code/ch05_lab/docs/images) by extensions ['cmake', 'python']
[1.085s] Level 1:colcon.colcon_core.package_identification:_identify(lab_code/ch05_lab/docs/images) by extension 'cmake'
[1.088s] Level 1:colcon.colcon_core.package_identification:_identify(lab_code/ch05_lab/docs/images) by extension 'python'
[1.090s] Level 1:colcon.colcon_core.package_identification:_identify(lab_code/ch05_lab/docs/images) by extensions ['python_setup_py']
[1.090s] Level 1:colcon.colcon_core.package_identification:_identify(lab_code/ch05_lab/docs/images) by extension 'python_setup_py'
[1.097s] Level 1:colcon.colcon_core.package_identification:_identify(lab_code/ch06_lab) by extensions ['ignore', 'ignore_ament_install']
[1.097s] Level 1:colcon.colcon_core.package_identification:_identify(lab_code/ch06_lab) by extension 'ignore'
[1.098s] Level 1:colcon.colcon_core.package_identification:_identify(lab_code/ch06_lab) by extension 'ignore_ament_install'
[1.103s] Level 1:colcon.colcon_core.package_identification:_identify(lab_code/ch06_lab) by extensions ['colcon_pkg']
[1.103s] Level 1:colcon.colcon_core.package_identification:_identify(lab_code/ch06_lab) by extension 'colcon_pkg'
[1.106s] Level 1:colcon.colcon_core.package_identification:_identify(lab_code/ch06_lab) by extensions ['colcon_meta']
[1.107s] Level 1:colcon.colcon_core.package_identification:_identify(lab_code/ch06_lab) by extension 'colcon_meta'
[1.109s] Level 1:colcon.colcon_core.package_identification:_identify(lab_code/ch06_lab) by extensions ['ros']
[1.109s] Level 1:colcon.colcon_core.package_identification:_identify(lab_code/ch06_lab) by extension 'ros'
[1.115s] Level 1:colcon.colcon_core.package_identification:_identify(lab_code/ch06_lab) by extensions ['cmake', 'python']
[1.115s] Level 1:colcon.colcon_core.package_identification:_identify(lab_code/ch06_lab) by extension 'cmake'
[1.118s] Level 1:colcon.colcon_core.package_identification:_identify(lab_code/ch06_lab) by extension 'python'
[1.119s] Level 1:colcon.colcon_core.package_identification:_identify(lab_code/ch06_lab) by extensions ['python_setup_py']
[1.120s] Level 1:colcon.colcon_core.package_identification:_identify(lab_code/ch06_lab) by extension 'python_setup_py'
[1.125s] Level 1:colcon.colcon_core.package_identification:_identify(lab_code/ch06_lab/param_demo) by extensions ['ignore', 'ignore_ament_install']
[1.125s] Level 1:colcon.colcon_core.package_identification:_identify(lab_code/ch06_lab/param_demo) by extension 'ignore'
[1.127s] Level 1:colcon.colcon_core.package_identification:_identify(lab_code/ch06_lab/param_demo) by extension 'ignore_ament_install'
[1.129s] Level 1:colcon.colcon_core.package_identification:_identify(lab_code/ch06_lab/param_demo) by extensions ['colcon_pkg']
[1.129s] Level 1:colcon.colcon_core.package_identification:_identify(lab_code/ch06_lab/param_demo) by extension 'colcon_pkg'
[1.130s] Level 1:colcon.colcon_core.package_identification:_identify(lab_code/ch06_lab/param_demo) by extensions ['colcon_meta']
[1.130s] Level 1:colcon.colcon_core.package_identification:_identify(lab_code/ch06_lab/param_demo) by extension 'colcon_meta'
[1.133s] Level 1:colcon.colcon_core.package_identification:_identify(lab_code/ch06_lab/param_demo) by extensions ['ros']
[1.133s] Level 1:colcon.colcon_core.package_identification:_identify(lab_code/ch06_lab/param_demo) by extension 'ros'
[1.145s] DEBUG:colcon.colcon_core.package_identification:Package 'lab_code/ch06_lab/param_demo' with type 'ros.ament_python' and name 'param_demo'
[1.161s] Level 1:colcon.colcon_core.package_identification:_identify(lab_code/ch07_lab) by extensions ['ignore', 'ignore_ament_install']
[1.162s] Level 1:colcon.colcon_core.package_identification:_identify(lab_code/ch07_lab) by extension 'ignore'
[1.164s] Level 1:colcon.colcon_core.package_identification:_identify(lab_code/ch07_lab) by extension 'ignore_ament_install'
[1.165s] Level 1:colcon.colcon_core.package_identification:_identify(lab_code/ch07_lab) by extensions ['colcon_pkg']
[1.165s] Level 1:colcon.colcon_core.package_identification:_identify(lab_code/ch07_lab) by extension 'colcon_pkg'
[1.166s] Level 1:colcon.colcon_core.package_identification:_identify(lab_code/ch07_lab) by extensions ['colcon_meta']
[1.167s] Level 1:colcon.colcon_core.package_identification:_identify(lab_code/ch07_lab) by extension 'colcon_meta'
[1.168s] Level 1:colcon.colcon_core.package_identification:_identify(lab_code/ch07_lab) by extensions ['ros']
[1.168s] Level 1:colcon.colcon_core.package_identification:_identify(lab_code/ch07_lab) by extension 'ros'
[1.172s] Level 1:colcon.colcon_core.package_identification:_identify(lab_code/ch07_lab) by extensions ['cmake', 'python']
[1.172s] Level 1:colcon.colcon_core.package_identification:_identify(lab_code/ch07_lab) by extension 'cmake'
[1.173s] Level 1:colcon.colcon_core.package_identification:_identify(lab_code/ch07_lab) by extension 'python'
[1.174s] Level 1:colcon.colcon_core.package_identification:_identify(lab_code/ch07_lab) by extensions ['python_setup_py']
[1.174s] Level 1:colcon.colcon_core.package_identification:_identify(lab_code/ch07_lab) by extension 'python_setup_py'
[1.183s] Level 1:colcon.colcon_core.package_identification:_identify(lab_code/ch07_lab/tf_demo) by extensions ['ignore', 'ignore_ament_install']
[1.183s] Level 1:colcon.colcon_core.package_identification:_identify(lab_code/ch07_lab/tf_demo) by extension 'ignore'
[1.186s] Level 1:colcon.colcon_core.package_identification:_identify(lab_code/ch07_lab/tf_demo) by extension 'ignore_ament_install'
[1.188s] Level 1:colcon.colcon_core.package_identification:_identify(lab_code/ch07_lab/tf_demo) by extensions ['colcon_pkg']
[1.188s] Level 1:colcon.colcon_core.package_identification:_identify(lab_code/ch07_lab/tf_demo) by extension 'colcon_pkg'
[1.191s] Level 1:colcon.colcon_core.package_identification:_identify(lab_code/ch07_lab/tf_demo) by extensions ['colcon_meta']
[1.191s] Level 1:colcon.colcon_core.package_identification:_identify(lab_code/ch07_lab/tf_demo) by extension 'colcon_meta'
[1.193s] Level 1:colcon.colcon_core.package_identification:_identify(lab_code/ch07_lab/tf_demo) by extensions ['ros']
[1.194s] Level 1:colcon.colcon_core.package_identification:_identify(lab_code/ch07_lab/tf_demo) by extension 'ros'
[1.207s] DEBUG:colcon.colcon_core.package_identification:Package 'lab_code/ch07_lab/tf_demo' with type 'ros.ament_python' and name 'tf_demo'
[1.211s] Level 1:colcon.colcon_core.package_identification:_identify(lab_code/ch08_lab) by extensions ['ignore', 'ignore_ament_install']
[1.211s] Level 1:colcon.colcon_core.package_identification:_identify(lab_code/ch08_lab) by extension 'ignore'
[1.213s] Level 1:colcon.colcon_core.package_identification:_identify(lab_code/ch08_lab) by extension 'ignore_ament_install'
[1.214s] Level 1:colcon.colcon_core.package_identification:_identify(lab_code/ch08_lab) by extensions ['colcon_pkg']
[1.215s] Level 1:colcon.colcon_core.package_identification:_identify(lab_code/ch08_lab) by extension 'colcon_pkg'
[1.215s] Level 1:colcon.colcon_core.package_identification:_identify(lab_code/ch08_lab) by extensions ['colcon_meta']
[1.215s] Level 1:colcon.colcon_core.package_identification:_identify(lab_code/ch08_lab) by extension 'colcon_meta'
[1.216s] Level 1:colcon.colcon_core.package_identification:_identify(lab_code/ch08_lab) by extensions ['ros']
[1.217s] Level 1:colcon.colcon_core.package_identification:_identify(lab_code/ch08_lab) by extension 'ros'
[1.220s] Level 1:colcon.colcon_core.package_identification:_identify(lab_code/ch08_lab) by extensions ['cmake', 'python']
[1.221s] Level 1:colcon.colcon_core.package_identification:_identify(lab_code/ch08_lab) by extension 'cmake'
[1.222s] Level 1:colcon.colcon_core.package_identification:_identify(lab_code/ch08_lab) by extension 'python'
[1.223s] Level 1:colcon.colcon_core.package_identification:_identify(lab_code/ch08_lab) by extensions ['python_setup_py']
[1.223s] Level 1:colcon.colcon_core.package_identification:_identify(lab_code/ch08_lab) by extension 'python_setup_py'
[1.229s] Level 1:colcon.colcon_core.package_identification:_identify(lab_code/ch08_lab/urdf_demo) by extensions ['ignore', 'ignore_ament_install']
[1.229s] Level 1:colcon.colcon_core.package_identification:_identify(lab_code/ch08_lab/urdf_demo) by extension 'ignore'
[1.231s] Level 1:colcon.colcon_core.package_identification:_identify(lab_code/ch08_lab/urdf_demo) by extension 'ignore_ament_install'
[1.241s] Level 1:colcon.colcon_core.package_identification:_identify(lab_code/ch08_lab/urdf_demo) by extensions ['colcon_pkg']
[1.241s] Level 1:colcon.colcon_core.package_identification:_identify(lab_code/ch08_lab/urdf_demo) by extension 'colcon_pkg'
[1.244s] Level 1:colcon.colcon_core.package_identification:_identify(lab_code/ch08_lab/urdf_demo) by extensions ['colcon_meta']
[1.244s] Level 1:colcon.colcon_core.package_identification:_identify(lab_code/ch08_lab/urdf_demo) by extension 'colcon_meta'
[1.247s] Level 1:colcon.colcon_core.package_identification:_identify(lab_code/ch08_lab/urdf_demo) by extensions ['ros']
[1.247s] Level 1:colcon.colcon_core.package_identification:_identify(lab_code/ch08_lab/urdf_demo) by extension 'ros'
[1.260s] DEBUG:colcon.colcon_core.package_identification:Package 'lab_code/ch08_lab/urdf_demo' with type 'ros.ament_python' and name 'urdf_demo'
[1.263s] Level 1:colcon.colcon_core.package_identification:_identify(lab_code/ch09_lab) by extensions ['ignore', 'ignore_ament_install']
[1.263s] Level 1:colcon.colcon_core.package_identification:_identify(lab_code/ch09_lab) by extension 'ignore'
[1.264s] Level 1:colcon.colcon_core.package_identification:_identify(lab_code/ch09_lab) by extension 'ignore_ament_install'
[1.266s] Level 1:colcon.colcon_core.package_identification:_identify(lab_code/ch09_lab) by extensions ['colcon_pkg']
[1.266s] Level 1:colcon.colcon_core.package_identification:_identify(lab_code/ch09_lab) by extension 'colcon_pkg'
[1.267s] Level 1:colcon.colcon_core.package_identification:_identify(lab_code/ch09_lab) by extensions ['colcon_meta']
[1.267s] Level 1:colcon.colcon_core.package_identification:_identify(lab_code/ch09_lab) by extension 'colcon_meta'
[1.269s] Level 1:colcon.colcon_core.package_identification:_identify(lab_code/ch09_lab) by extensions ['ros']
[1.269s] Level 1:colcon.colcon_core.package_identification:_identify(lab_code/ch09_lab) by extension 'ros'
[1.281s] Level 1:colcon.colcon_core.package_identification:_identify(lab_code/ch09_lab) by extensions ['cmake', 'python']
[1.281s] Level 1:colcon.colcon_core.package_identification:_identify(lab_code/ch09_lab) by extension 'cmake'
[1.283s] Level 1:colcon.colcon_core.package_identification:_identify(lab_code/ch09_lab) by extension 'python'
[1.284s] Level 1:colcon.colcon_core.package_identification:_identify(lab_code/ch09_lab) by extensions ['python_setup_py']
[1.287s] Level 1:colcon.colcon_core.package_identification:_identify(lab_code/ch09_lab) by extension 'python_setup_py'
[1.295s] Level 1:colcon.colcon_core.package_identification:_identify(lab_code/ch09_lab/sim_demo) by extensions ['ignore', 'ignore_ament_install']
[1.295s] Level 1:colcon.colcon_core.package_identification:_identify(lab_code/ch09_lab/sim_demo) by extension 'ignore'
[1.297s] Level 1:colcon.colcon_core.package_identification:_identify(lab_code/ch09_lab/sim_demo) by extension 'ignore_ament_install'
[1.300s] Level 1:colcon.colcon_core.package_identification:_identify(lab_code/ch09_lab/sim_demo) by extensions ['colcon_pkg']
[1.300s] Level 1:colcon.colcon_core.package_identification:_identify(lab_code/ch09_lab/sim_demo) by extension 'colcon_pkg'
[1.302s] Level 1:colcon.colcon_core.package_identification:_identify(lab_code/ch09_lab/sim_demo) by extensions ['colcon_meta']
[1.302s] Level 1:colcon.colcon_core.package_identification:_identify(lab_code/ch09_lab/sim_demo) by extension 'colcon_meta'
[1.305s] Level 1:colcon.colcon_core.package_identification:_identify(lab_code/ch09_lab/sim_demo) by extensions ['ros']
[1.305s] Level 1:colcon.colcon_core.package_identification:_identify(lab_code/ch09_lab/sim_demo) by extension 'ros'
[1.319s] DEBUG:colcon.colcon_core.package_identification:Package 'lab_code/ch09_lab/sim_demo' with type 'ros.ament_python' and name 'sim_demo'
[1.324s] Level 1:colcon.colcon_core.package_identification:_identify(lab_code/ch10_lab) by extensions ['ignore', 'ignore_ament_install']
[1.324s] Level 1:colcon.colcon_core.package_identification:_identify(lab_code/ch10_lab) by extension 'ignore'
[1.325s] Level 1:colcon.colcon_core.package_identification:_identify(lab_code/ch10_lab) by extension 'ignore_ament_install'
[1.326s] Level 1:colcon.colcon_core.package_identification:_identify(lab_code/ch10_lab) by extensions ['colcon_pkg']
[1.326s] Level 1:colcon.colcon_core.package_identification:_identify(lab_code/ch10_lab) by extension 'colcon_pkg'
[1.327s] Level 1:colcon.colcon_core.package_identification:_identify(lab_code/ch10_lab) by extensions ['colcon_meta']
[1.327s] Level 1:colcon.colcon_core.package_identification:_identify(lab_code/ch10_lab) by extension 'colcon_meta'
[1.328s] Level 1:colcon.colcon_core.package_identification:_identify(lab_code/ch10_lab) by extensions ['ros']
[1.328s] Level 1:colcon.colcon_core.package_identification:_identify(lab_code/ch10_lab) by extension 'ros'
[1.333s] Level 1:colcon.colcon_core.package_identification:_identify(lab_code/ch10_lab) by extensions ['cmake', 'python']
[1.333s] Level 1:colcon.colcon_core.package_identification:_identify(lab_code/ch10_lab) by extension 'cmake'
[1.334s] Level 1:colcon.colcon_core.package_identification:_identify(lab_code/ch10_lab) by extension 'python'
[1.335s] Level 1:colcon.colcon_core.package_identification:_identify(lab_code/ch10_lab) by extensions ['python_setup_py']
[1.335s] Level 1:colcon.colcon_core.package_identification:_identify(lab_code/ch10_lab) by extension 'python_setup_py'
[1.343s] Level 1:colcon.colcon_core.package_identification:_identify(lab_code/ch10_lab/slam_lab) by extensions ['ignore', 'ignore_ament_install']
[1.343s] Level 1:colcon.colcon_core.package_identification:_identify(lab_code/ch10_lab/slam_lab) by extension 'ignore'
[1.345s] Level 1:colcon.colcon_core.package_identification:_identify(lab_code/ch10_lab/slam_lab) by extension 'ignore_ament_install'
[1.349s] Level 1:colcon.colcon_core.package_identification:_identify(lab_code/ch10_lab/slam_lab) by extensions ['colcon_pkg']
[1.350s] Level 1:colcon.colcon_core.package_identification:_identify(lab_code/ch10_lab/slam_lab) by extension 'colcon_pkg'
[1.352s] Level 1:colcon.colcon_core.package_identification:_identify(lab_code/ch10_lab/slam_lab) by extensions ['colcon_meta']
[1.352s] Level 1:colcon.colcon_core.package_identification:_identify(lab_code/ch10_lab/slam_lab) by extension 'colcon_meta'
[1.355s] Level 1:colcon.colcon_core.package_identification:_identify(lab_code/ch10_lab/slam_lab) by extensions ['ros']
[1.356s] Level 1:colcon.colcon_core.package_identification:_identify(lab_code/ch10_lab/slam_lab) by extension 'ros'
[1.375s] DEBUG:colcon.colcon_core.package_identification:Package 'lab_code/ch10_lab/slam_lab' with type 'ros.ament_python' and name 'slam_lab'
[1.385s] Level 1:colcon.colcon_core.package_identification:_identify(lab_code/ch11_lab) by extensions ['ignore', 'ignore_ament_install']
[1.385s] Level 1:colcon.colcon_core.package_identification:_identify(lab_code/ch11_lab) by extension 'ignore'
[1.387s] Level 1:colcon.colcon_core.package_identification:_identify(lab_code/ch11_lab) by extension 'ignore_ament_install'
[1.389s] Level 1:colcon.colcon_core.package_identification:_identify(lab_code/ch11_lab) by extensions ['colcon_pkg']
[1.390s] Level 1:colcon.colcon_core.package_identification:_identify(lab_code/ch11_lab) by extension 'colcon_pkg'
[1.391s] Level 1:colcon.colcon_core.package_identification:_identify(lab_code/ch11_lab) by extensions ['colcon_meta']
[1.391s] Level 1:colcon.colcon_core.package_identification:_identify(lab_code/ch11_lab) by extension 'colcon_meta'
[1.394s] Level 1:colcon.colcon_core.package_identification:_identify(lab_code/ch11_lab) by extensions ['ros']
[1.395s] Level 1:colcon.colcon_core.package_identification:_identify(lab_code/ch11_lab) by extension 'ros'
[1.401s] Level 1:colcon.colcon_core.package_identification:_identify(lab_code/ch11_lab) by extensions ['cmake', 'python']
[1.402s] Level 1:colcon.colcon_core.package_identification:_identify(lab_code/ch11_lab) by extension 'cmake'
[1.403s] Level 1:colcon.colcon_core.package_identification:_identify(lab_code/ch11_lab) by extension 'python'
[1.405s] Level 1:colcon.colcon_core.package_identification:_identify(lab_code/ch11_lab) by extensions ['python_setup_py']
[1.405s] Level 1:colcon.colcon_core.package_identification:_identify(lab_code/ch11_lab) by extension 'python_setup_py'
[1.413s] Level 1:colcon.colcon_core.package_identification:_identify(lab_code/ch11_lab/navigation_lab) by extensions ['ignore', 'ignore_ament_install']
[1.413s] Level 1:colcon.colcon_core.package_identification:_identify(lab_code/ch11_lab/navigation_lab) by extension 'ignore'
[1.415s] Level 1:colcon.colcon_core.package_identification:_identify(lab_code/ch11_lab/navigation_lab) by extension 'ignore_ament_install'
[1.418s] Level 1:colcon.colcon_core.package_identification:_identify(lab_code/ch11_lab/navigation_lab) by extensions ['colcon_pkg']
[1.418s] Level 1:colcon.colcon_core.package_identification:_identify(lab_code/ch11_lab/navigation_lab) by extension 'colcon_pkg'
[1.420s] Level 1:colcon.colcon_core.package_identification:_identify(lab_code/ch11_lab/navigation_lab) by extensions ['colcon_meta']
[1.420s] Level 1:colcon.colcon_core.package_identification:_identify(lab_code/ch11_lab/navigation_lab) by extension 'colcon_meta'
[1.425s] Level 1:colcon.colcon_core.package_identification:_identify(lab_code/ch11_lab/navigation_lab) by extensions ['ros']
[1.426s] Level 1:colcon.colcon_core.package_identification:_identify(lab_code/ch11_lab/navigation_lab) by extension 'ros'
[1.470s] DEBUG:colcon.colcon_core.package_identification:Package 'lab_code/ch11_lab/navigation_lab' with type 'ros.ament_python' and name 'navigation_lab'
[1.475s] Level 1:colcon.colcon_core.package_identification:_identify(lab_code/ch12_lab) by extensions ['ignore', 'ignore_ament_install']
[1.476s] Level 1:colcon.colcon_core.package_identification:_identify(lab_code/ch12_lab) by extension 'ignore'
[1.477s] Level 1:colcon.colcon_core.package_identification:_identify(lab_code/ch12_lab) by extension 'ignore_ament_install'
[1.480s] Level 1:colcon.colcon_core.package_identification:_identify(lab_code/ch12_lab) by extensions ['colcon_pkg']
[1.481s] Level 1:colcon.colcon_core.package_identification:_identify(lab_code/ch12_lab) by extension 'colcon_pkg'
[1.484s] Level 1:colcon.colcon_core.package_identification:_identify(lab_code/ch12_lab) by extensions ['colcon_meta']
[1.485s] Level 1:colcon.colcon_core.package_identification:_identify(lab_code/ch12_lab) by extension 'colcon_meta'
[1.493s] Level 1:colcon.colcon_core.package_identification:_identify(lab_code/ch12_lab) by extensions ['ros']
[1.494s] Level 1:colcon.colcon_core.package_identification:_identify(lab_code/ch12_lab) by extension 'ros'
[1.506s] Level 1:colcon.colcon_core.package_identification:_identify(lab_code/ch12_lab) by extensions ['cmake', 'python']
[1.506s] Level 1:colcon.colcon_core.package_identification:_identify(lab_code/ch12_lab) by extension 'cmake'
[1.508s] Level 1:colcon.colcon_core.package_identification:_identify(lab_code/ch12_lab) by extension 'python'
[1.509s] Level 1:colcon.colcon_core.package_identification:_identify(lab_code/ch12_lab) by extensions ['python_setup_py']
[1.510s] Level 1:colcon.colcon_core.package_identification:_identify(lab_code/ch12_lab) by extension 'python_setup_py'
[1.522s] Level 1:colcon.colcon_core.package_identification:_identify(lab_code/ch12_lab/realsense_lab) by extensions ['ignore', 'ignore_ament_install']
[1.522s] Level 1:colcon.colcon_core.package_identification:_identify(lab_code/ch12_lab/realsense_lab) by extension 'ignore'
[1.525s] Level 1:colcon.colcon_core.package_identification:_identify(lab_code/ch12_lab/realsense_lab) by extension 'ignore_ament_install'
[1.529s] Level 1:colcon.colcon_core.package_identification:_identify(lab_code/ch12_lab/realsense_lab) by extensions ['colcon_pkg']
[1.529s] Level 1:colcon.colcon_core.package_identification:_identify(lab_code/ch12_lab/realsense_lab) by extension 'colcon_pkg'
[1.531s] Level 1:colcon.colcon_core.package_identification:_identify(lab_code/ch12_lab/realsense_lab) by extensions ['colcon_meta']
[1.532s] Level 1:colcon.colcon_core.package_identification:_identify(lab_code/ch12_lab/realsense_lab) by extension 'colcon_meta'
[1.536s] Level 1:colcon.colcon_core.package_identification:_identify(lab_code/ch12_lab/realsense_lab) by extensions ['ros']
[1.536s] Level 1:colcon.colcon_core.package_identification:_identify(lab_code/ch12_lab/realsense_lab) by extension 'ros'
[1.555s] DEBUG:colcon.colcon_core.package_identification:Package 'lab_code/ch12_lab/realsense_lab' with type 'ros.ament_python' and name 'realsense_lab'
[1.559s] Level 1:colcon.colcon_core.package_identification:_identify(lab_code/ch13_lab) by extensions ['ignore', 'ignore_ament_install']
[1.559s] Level 1:colcon.colcon_core.package_identification:_identify(lab_code/ch13_lab) by extension 'ignore'
[1.561s] Level 1:colcon.colcon_core.package_identification:_identify(lab_code/ch13_lab) by extension 'ignore_ament_install'
[1.564s] Level 1:colcon.colcon_core.package_identification:_identify(lab_code/ch13_lab) by extensions ['colcon_pkg']
[1.564s] Level 1:colcon.colcon_core.package_identification:_identify(lab_code/ch13_lab) by extension 'colcon_pkg'
[1.565s] Level 1:colcon.colcon_core.package_identification:_identify(lab_code/ch13_lab) by extensions ['colcon_meta']
[1.565s] Level 1:colcon.colcon_core.package_identification:_identify(lab_code/ch13_lab) by extension 'colcon_meta'
[1.566s] Level 1:colcon.colcon_core.package_identification:_identify(lab_code/ch13_lab) by extensions ['ros']
[1.566s] Level 1:colcon.colcon_core.package_identification:_identify(lab_code/ch13_lab) by extension 'ros'
[1.570s] Level 1:colcon.colcon_core.package_identification:_identify(lab_code/ch13_lab) by extensions ['cmake', 'python']
[1.570s] Level 1:colcon.colcon_core.package_identification:_identify(lab_code/ch13_lab) by extension 'cmake'
[1.571s] Level 1:colcon.colcon_core.package_identification:_identify(lab_code/ch13_lab) by extension 'python'
[1.572s] Level 1:colcon.colcon_core.package_identification:_identify(lab_code/ch13_lab) by extensions ['python_setup_py']
[1.572s] Level 1:colcon.colcon_core.package_identification:_identify(lab_code/ch13_lab) by extension 'python_setup_py'
[1.578s] Level 1:colcon.colcon_core.package_identification:_identify(lab_code/ch13_lab/__pycache__) by extensions ['ignore', 'ignore_ament_install']
[1.578s] Level 1:colcon.colcon_core.package_identification:_identify(lab_code/ch13_lab/__pycache__) by extension 'ignore'
[1.585s] Level 1:colcon.colcon_core.package_identification:_identify(lab_code/ch13_lab/__pycache__) by extension 'ignore_ament_install'
[1.587s] Level 1:colcon.colcon_core.package_identification:_identify(lab_code/ch13_lab/__pycache__) by extensions ['colcon_pkg']
[1.588s] Level 1:colcon.colcon_core.package_identification:_identify(lab_code/ch13_lab/__pycache__) by extension 'colcon_pkg'
[1.589s] Level 1:colcon.colcon_core.package_identification:_identify(lab_code/ch13_lab/__pycache__) by extensions ['colcon_meta']
[1.589s] Level 1:colcon.colcon_core.package_identification:_identify(lab_code/ch13_lab/__pycache__) by extension 'colcon_meta'
[1.597s] Level 1:colcon.colcon_core.package_identification:_identify(lab_code/ch13_lab/__pycache__) by extensions ['ros']
[1.597s] Level 1:colcon.colcon_core.package_identification:_identify(lab_code/ch13_lab/__pycache__) by extension 'ros'
[1.602s] Level 1:colcon.colcon_core.package_identification:_identify(lab_code/ch13_lab/__pycache__) by extensions ['cmake', 'python']
[1.603s] Level 1:colcon.colcon_core.package_identification:_identify(lab_code/ch13_lab/__pycache__) by extension 'cmake'
[1.604s] Level 1:colcon.colcon_core.package_identification:_identify(lab_code/ch13_lab/__pycache__) by extension 'python'
[1.605s] Level 1:colcon.colcon_core.package_identification:_identify(lab_code/ch13_lab/__pycache__) by extensions ['python_setup_py']
[1.605s] Level 1:colcon.colcon_core.package_identification:_identify(lab_code/ch13_lab/__pycache__) by extension 'python_setup_py'
[1.618s] Level 1:colcon.colcon_core.package_identification:_identify(lab_code/ch13_lab/slam_bringup_lab) by extensions ['ignore', 'ignore_ament_install']
[1.619s] Level 1:colcon.colcon_core.package_identification:_identify(lab_code/ch13_lab/slam_bringup_lab) by extension 'ignore'
[1.622s] Level 1:colcon.colcon_core.package_identification:_identify(lab_code/ch13_lab/slam_bringup_lab) by extension 'ignore_ament_install'
[1.626s] Level 1:colcon.colcon_core.package_identification:_identify(lab_code/ch13_lab/slam_bringup_lab) by extensions ['colcon_pkg']
[1.626s] Level 1:colcon.colcon_core.package_identification:_identify(lab_code/ch13_lab/slam_bringup_lab) by extension 'colcon_pkg'
[1.628s] Level 1:colcon.colcon_core.package_identification:_identify(lab_code/ch13_lab/slam_bringup_lab) by extensions ['colcon_meta']
[1.628s] Level 1:colcon.colcon_core.package_identification:_identify(lab_code/ch13_lab/slam_bringup_lab) by extension 'colcon_meta'
[1.632s] Level 1:colcon.colcon_core.package_identification:_identify(lab_code/ch13_lab/slam_bringup_lab) by extensions ['ros']
[1.632s] Level 1:colcon.colcon_core.package_identification:_identify(lab_code/ch13_lab/slam_bringup_lab) by extension 'ros'
[1.660s] DEBUG:colcon.colcon_core.package_identification:Package 'lab_code/ch13_lab/slam_bringup_lab' with type 'ros.ament_python' and name 'slam_bringup_lab'
[1.663s] Level 1:colcon.colcon_core.package_identification:_identify(lab_code/ch14_lab) by extensions ['ignore', 'ignore_ament_install']
[1.663s] Level 1:colcon.colcon_core.package_identification:_identify(lab_code/ch14_lab) by extension 'ignore'
[1.664s] Level 1:colcon.colcon_core.package_identification:_identify(lab_code/ch14_lab) by extension 'ignore_ament_install'
[1.666s] Level 1:colcon.colcon_core.package_identification:_identify(lab_code/ch14_lab) by extensions ['colcon_pkg']
[1.666s] Level 1:colcon.colcon_core.package_identification:_identify(lab_code/ch14_lab) by extension 'colcon_pkg'
[1.667s] Level 1:colcon.colcon_core.package_identification:_identify(lab_code/ch14_lab) by extensions ['colcon_meta']
[1.667s] Level 1:colcon.colcon_core.package_identification:_identify(lab_code/ch14_lab) by extension 'colcon_meta'
[1.670s] Level 1:colcon.colcon_core.package_identification:_identify(lab_code/ch14_lab) by extensions ['ros']
[1.670s] Level 1:colcon.colcon_core.package_identification:_identify(lab_code/ch14_lab) by extension 'ros'
[1.674s] Level 1:colcon.colcon_core.package_identification:_identify(lab_code/ch14_lab) by extensions ['cmake', 'python']
[1.675s] Level 1:colcon.colcon_core.package_identification:_identify(lab_code/ch14_lab) by extension 'cmake'
[1.676s] Level 1:colcon.colcon_core.package_identification:_identify(lab_code/ch14_lab) by extension 'python'
[1.676s] Level 1:colcon.colcon_core.package_identification:_identify(lab_code/ch14_lab) by extensions ['python_setup_py']
[1.677s] Level 1:colcon.colcon_core.package_identification:_identify(lab_code/ch14_lab) by extension 'python_setup_py'
[1.681s] Level 1:colcon.colcon_core.package_identification:_identify(lab_code/ch14_lab/__pycache__) by extensions ['ignore', 'ignore_ament_install']
[1.681s] Level 1:colcon.colcon_core.package_identification:_identify(lab_code/ch14_lab/__pycache__) by extension 'ignore'
[1.682s] Level 1:colcon.colcon_core.package_identification:_identify(lab_code/ch14_lab/__pycache__) by extension 'ignore_ament_install'
[1.687s] Level 1:colcon.colcon_core.package_identification:_identify(lab_code/ch14_lab/__pycache__) by extensions ['colcon_pkg']
[1.687s] Level 1:colcon.colcon_core.package_identification:_identify(lab_code/ch14_lab/__pycache__) by extension 'colcon_pkg'
[1.688s] Level 1:colcon.colcon_core.package_identification:_identify(lab_code/ch14_lab/__pycache__) by extensions ['colcon_meta']
[1.689s] Level 1:colcon.colcon_core.package_identification:_identify(lab_code/ch14_lab/__pycache__) by extension 'colcon_meta'
[1.694s] Level 1:colcon.colcon_core.package_identification:_identify(lab_code/ch14_lab/__pycache__) by extensions ['ros']
[1.695s] Level 1:colcon.colcon_core.package_identification:_identify(lab_code/ch14_lab/__pycache__) by extension 'ros'
[1.709s] Level 1:colcon.colcon_core.package_identification:_identify(lab_code/ch14_lab/__pycache__) by extensions ['cmake', 'python']
[1.709s] Level 1:colcon.colcon_core.package_identification:_identify(lab_code/ch14_lab/__pycache__) by extension 'cmake'
[1.710s] Level 1:colcon.colcon_core.package_identification:_identify(lab_code/ch14_lab/__pycache__) by extension 'python'
[1.712s] Level 1:colcon.colcon_core.package_identification:_identify(lab_code/ch14_lab/__pycache__) by extensions ['python_setup_py']
[1.713s] Level 1:colcon.colcon_core.package_identification:_identify(lab_code/ch14_lab/__pycache__) by extension 'python_setup_py'
[1.725s] Level 1:colcon.colcon_core.package_identification:_identify(lab_code/ch14_lab/nav_bringup_lab) by extensions ['ignore', 'ignore_ament_install']
[1.726s] Level 1:colcon.colcon_core.package_identification:_identify(lab_code/ch14_lab/nav_bringup_lab) by extension 'ignore'
[1.727s] Level 1:colcon.colcon_core.package_identification:_identify(lab_code/ch14_lab/nav_bringup_lab) by extension 'ignore_ament_install'
[1.734s] Level 1:colcon.colcon_core.package_identification:_identify(lab_code/ch14_lab/nav_bringup_lab) by extensions ['colcon_pkg']
[1.735s] Level 1:colcon.colcon_core.package_identification:_identify(lab_code/ch14_lab/nav_bringup_lab) by extension 'colcon_pkg'
[1.736s] Level 1:colcon.colcon_core.package_identification:_identify(lab_code/ch14_lab/nav_bringup_lab) by extensions ['colcon_meta']
[1.736s] Level 1:colcon.colcon_core.package_identification:_identify(lab_code/ch14_lab/nav_bringup_lab) by extension 'colcon_meta'
[1.739s] Level 1:colcon.colcon_core.package_identification:_identify(lab_code/ch14_lab/nav_bringup_lab) by extensions ['ros']
[1.739s] Level 1:colcon.colcon_core.package_identification:_identify(lab_code/ch14_lab/nav_bringup_lab) by extension 'ros'
[1.760s] DEBUG:colcon.colcon_core.package_identification:Package 'lab_code/ch14_lab/nav_bringup_lab' with type 'ros.ament_python' and name 'nav_bringup_lab'
[1.766s] Level 1:colcon.colcon_core.package_identification:_identify(lab_code/ch15_lab) by extensions ['ignore', 'ignore_ament_install']
[1.766s] Level 1:colcon.colcon_core.package_identification:_identify(lab_code/ch15_lab) by extension 'ignore'
[1.768s] Level 1:colcon.colcon_core.package_identification:_identify(lab_code/ch15_lab) by extension 'ignore_ament_install'
[1.770s] Level 1:colcon.colcon_core.package_identification:_identify(lab_code/ch15_lab) by extensions ['colcon_pkg']
[1.770s] Level 1:colcon.colcon_core.package_identification:_identify(lab_code/ch15_lab) by extension 'colcon_pkg'
[1.772s] Level 1:colcon.colcon_core.package_identification:_identify(lab_code/ch15_lab) by extensions ['colcon_meta']
[1.772s] Level 1:colcon.colcon_core.package_identification:_identify(lab_code/ch15_lab) by extension 'colcon_meta'
[1.774s] Level 1:colcon.colcon_core.package_identification:_identify(lab_code/ch15_lab) by extensions ['ros']
[1.775s] Level 1:colcon.colcon_core.package_identification:_identify(lab_code/ch15_lab) by extension 'ros'
[1.781s] Level 1:colcon.colcon_core.package_identification:_identify(lab_code/ch15_lab) by extensions ['cmake', 'python']
[1.782s] Level 1:colcon.colcon_core.package_identification:_identify(lab_code/ch15_lab) by extension 'cmake'
[1.783s] Level 1:colcon.colcon_core.package_identification:_identify(lab_code/ch15_lab) by extension 'python'
[1.784s] Level 1:colcon.colcon_core.package_identification:_identify(lab_code/ch15_lab) by extensions ['python_setup_py']
[1.785s] Level 1:colcon.colcon_core.package_identification:_identify(lab_code/ch15_lab) by extension 'python_setup_py'
[1.790s] Level 1:colcon.colcon_core.package_identification:_identify(lab_code/ch15_lab/arm_joint_pub_lab) by extensions ['ignore', 'ignore_ament_install']
[1.791s] Level 1:colcon.colcon_core.package_identification:_identify(lab_code/ch15_lab/arm_joint_pub_lab) by extension 'ignore'
[1.792s] Level 1:colcon.colcon_core.package_identification:_identify(lab_code/ch15_lab/arm_joint_pub_lab) by extension 'ignore_ament_install'
[1.793s] Level 1:colcon.colcon_core.package_identification:_identify(lab_code/ch15_lab/arm_joint_pub_lab) by extensions ['colcon_pkg']
[1.794s] Level 1:colcon.colcon_core.package_identification:_identify(lab_code/ch15_lab/arm_joint_pub_lab) by extension 'colcon_pkg'
[1.795s] Level 1:colcon.colcon_core.package_identification:_identify(lab_code/ch15_lab/arm_joint_pub_lab) by extensions ['colcon_meta']
[1.795s] Level 1:colcon.colcon_core.package_identification:_identify(lab_code/ch15_lab/arm_joint_pub_lab) by extension 'colcon_meta'
[1.796s] Level 1:colcon.colcon_core.package_identification:_identify(lab_code/ch15_lab/arm_joint_pub_lab) by extensions ['ros']
[1.797s] Level 1:colcon.colcon_core.package_identification:_identify(lab_code/ch15_lab/arm_joint_pub_lab) by extension 'ros'
[1.809s] DEBUG:colcon.colcon_core.package_identification:Package 'lab_code/ch15_lab/arm_joint_pub_lab' with type 'ros.ament_python' and name 'arm_joint_pub_lab'
[1.819s] Level 1:colcon.colcon_core.package_identification:_identify(lab_code/ch15_lab/checker3) by extensions ['ignore', 'ignore_ament_install']
[1.820s] Level 1:colcon.colcon_core.package_identification:_identify(lab_code/ch15_lab/checker3) by extension 'ignore'
[1.821s] Level 1:colcon.colcon_core.package_identification:_identify(lab_code/ch15_lab/checker3) by extension 'ignore_ament_install'
[1.824s] Level 1:colcon.colcon_core.package_identification:_identify(lab_code/ch15_lab/checker3) by extensions ['colcon_pkg']
[1.825s] Level 1:colcon.colcon_core.package_identification:_identify(lab_code/ch15_lab/checker3) by extension 'colcon_pkg'
[1.825s] Level 1:colcon.colcon_core.package_identification:_identify(lab_code/ch15_lab/checker3) by extensions ['colcon_meta']
[1.826s] Level 1:colcon.colcon_core.package_identification:_identify(lab_code/ch15_lab/checker3) by extension 'colcon_meta'
[1.827s] Level 1:colcon.colcon_core.package_identification:_identify(lab_code/ch15_lab/checker3) by extensions ['ros']
[1.828s] Level 1:colcon.colcon_core.package_identification:_identify(lab_code/ch15_lab/checker3) by extension 'ros'
[1.832s] Level 1:colcon.colcon_core.package_identification:_identify(lab_code/ch15_lab/checker3) by extensions ['cmake', 'python']
[1.832s] Level 1:colcon.colcon_core.package_identification:_identify(lab_code/ch15_lab/checker3) by extension 'cmake'
[1.833s] Level 1:colcon.colcon_core.package_identification:_identify(lab_code/ch15_lab/checker3) by extension 'python'
[1.834s] Level 1:colcon.colcon_core.package_identification:_identify(lab_code/ch15_lab/checker3) by extensions ['python_setup_py']
[1.834s] Level 1:colcon.colcon_core.package_identification:_identify(lab_code/ch15_lab/checker3) by extension 'python_setup_py'
[1.840s] Level 1:colcon.colcon_core.package_identification:_identify(lab_code/ch16_lab) by extensions ['ignore', 'ignore_ament_install']
[1.840s] Level 1:colcon.colcon_core.package_identification:_identify(lab_code/ch16_lab) by extension 'ignore'
[1.842s] Level 1:colcon.colcon_core.package_identification:_identify(lab_code/ch16_lab) by extension 'ignore_ament_install'
[1.844s] Level 1:colcon.colcon_core.package_identification:_identify(lab_code/ch16_lab) by extensions ['colcon_pkg']
[1.844s] Level 1:colcon.colcon_core.package_identification:_identify(lab_code/ch16_lab) by extension 'colcon_pkg'
[1.846s] Level 1:colcon.colcon_core.package_identification:_identify(lab_code/ch16_lab) by extensions ['colcon_meta']
[1.846s] Level 1:colcon.colcon_core.package_identification:_identify(lab_code/ch16_lab) by extension 'colcon_meta'
[1.848s] Level 1:colcon.colcon_core.package_identification:_identify(lab_code/ch16_lab) by extensions ['ros']
[1.848s] Level 1:colcon.colcon_core.package_identification:_identify(lab_code/ch16_lab) by extension 'ros'
[1.855s] Level 1:colcon.colcon_core.package_identification:_identify(lab_code/ch16_lab) by extensions ['cmake', 'python']
[1.855s] Level 1:colcon.colcon_core.package_identification:_identify(lab_code/ch16_lab) by extension 'cmake'
[1.857s] Level 1:colcon.colcon_core.package_identification:_identify(lab_code/ch16_lab) by extension 'python'
[1.859s] Level 1:colcon.colcon_core.package_identification:_identify(lab_code/ch16_lab) by extensions ['python_setup_py']
[1.859s] Level 1:colcon.colcon_core.package_identification:_identify(lab_code/ch16_lab) by extension 'python_setup_py'
[1.871s] Level 1:colcon.colcon_core.package_identification:_identify(lab_code/ch16_lab/arm_state_publisher) by extensions ['ignore', 'ignore_ament_install']
[1.871s] Level 1:colcon.colcon_core.package_identification:_identify(lab_code/ch16_lab/arm_state_publisher) by extension 'ignore'
[1.874s] Level 1:colcon.colcon_core.package_identification:_identify(lab_code/ch16_lab/arm_state_publisher) by extension 'ignore_ament_install'
[1.878s] Level 1:colcon.colcon_core.package_identification:_identify(lab_code/ch16_lab/arm_state_publisher) by extensions ['colcon_pkg']
[1.878s] Level 1:colcon.colcon_core.package_identification:_identify(lab_code/ch16_lab/arm_state_publisher) by extension 'colcon_pkg'
[1.880s] Level 1:colcon.colcon_core.package_identification:_identify(lab_code/ch16_lab/arm_state_publisher) by extensions ['colcon_meta']
[1.880s] Level 1:colcon.colcon_core.package_identification:_identify(lab_code/ch16_lab/arm_state_publisher) by extension 'colcon_meta'
[1.885s] Level 1:colcon.colcon_core.package_identification:_identify(lab_code/ch16_lab/arm_state_publisher) by extensions ['ros']
[1.885s] Level 1:colcon.colcon_core.package_identification:_identify(lab_code/ch16_lab/arm_state_publisher) by extension 'ros'
[1.894s] Level 1:colcon.colcon_core.package_identification:_identify(lab_code/ch16_lab/arm_state_publisher) by extensions ['cmake', 'python']
[1.895s] Level 1:colcon.colcon_core.package_identification:_identify(lab_code/ch16_lab/arm_state_publisher) by extension 'cmake'
[1.897s] Level 1:colcon.colcon_core.package_identification:_identify(lab_code/ch16_lab/arm_state_publisher) by extension 'python'
[1.899s] Level 1:colcon.colcon_core.package_identification:_identify(lab_code/ch16_lab/arm_state_publisher) by extensions ['python_setup_py']
[1.899s] Level 1:colcon.colcon_core.package_identification:_identify(lab_code/ch16_lab/arm_state_publisher) by extension 'python_setup_py'
[1.908s] Level 1:colcon.colcon_core.package_identification:_identify(lab_code/ch16_lab/arm_state_publisher/__pycache__) by extensions ['ignore', 'ignore_ament_install']
[1.909s] Level 1:colcon.colcon_core.package_identification:_identify(lab_code/ch16_lab/arm_state_publisher/__pycache__) by extension 'ignore'
[1.911s] Level 1:colcon.colcon_core.package_identification:_identify(lab_code/ch16_lab/arm_state_publisher/__pycache__) by extension 'ignore_ament_install'
[1.914s] Level 1:colcon.colcon_core.package_identification:_identify(lab_code/ch16_lab/arm_state_publisher/__pycache__) by extensions ['colcon_pkg']
[1.915s] Level 1:colcon.colcon_core.package_identification:_identify(lab_code/ch16_lab/arm_state_publisher/__pycache__) by extension 'colcon_pkg'
[1.918s] Level 1:colcon.colcon_core.package_identification:_identify(lab_code/ch16_lab/arm_state_publisher/__pycache__) by extensions ['colcon_meta']
[1.919s] Level 1:colcon.colcon_core.package_identification:_identify(lab_code/ch16_lab/arm_state_publisher/__pycache__) by extension 'colcon_meta'
[1.925s] Level 1:colcon.colcon_core.package_identification:_identify(lab_code/ch16_lab/arm_state_publisher/__pycache__) by extensions ['ros']
[1.925s] Level 1:colcon.colcon_core.package_identification:_identify(lab_code/ch16_lab/arm_state_publisher/__pycache__) by extension 'ros'
[1.935s] Level 1:colcon.colcon_core.package_identification:_identify(lab_code/ch16_lab/arm_state_publisher/__pycache__) by extensions ['cmake', 'python']
[1.936s] Level 1:colcon.colcon_core.package_identification:_identify(lab_code/ch16_lab/arm_state_publisher/__pycache__) by extension 'cmake'
[1.937s] Level 1:colcon.colcon_core.package_identification:_identify(lab_code/ch16_lab/arm_state_publisher/__pycache__) by extension 'python'
[1.939s] Level 1:colcon.colcon_core.package_identification:_identify(lab_code/ch16_lab/arm_state_publisher/__pycache__) by extensions ['python_setup_py']
[1.939s] Level 1:colcon.colcon_core.package_identification:_identify(lab_code/ch16_lab/arm_state_publisher/__pycache__) by extension 'python_setup_py'
[1.945s] Level 1:colcon.colcon_core.package_identification:_identify(lab_code/ch16_lab/arm_urdf) by extensions ['ignore', 'ignore_ament_install']
[1.945s] Level 1:colcon.colcon_core.package_identification:_identify(lab_code/ch16_lab/arm_urdf) by extension 'ignore'
[1.953s] Level 1:colcon.colcon_core.package_identification:_identify(lab_code/ch16_lab/arm_urdf) by extension 'ignore_ament_install'
[1.957s] Level 1:colcon.colcon_core.package_identification:_identify(lab_code/ch16_lab/arm_urdf) by extensions ['colcon_pkg']
[1.957s] Level 1:colcon.colcon_core.package_identification:_identify(lab_code/ch16_lab/arm_urdf) by extension 'colcon_pkg'
[1.959s] Level 1:colcon.colcon_core.package_identification:_identify(lab_code/ch16_lab/arm_urdf) by extensions ['colcon_meta']
[1.960s] Level 1:colcon.colcon_core.package_identification:_identify(lab_code/ch16_lab/arm_urdf) by extension 'colcon_meta'
[1.963s] Level 1:colcon.colcon_core.package_identification:_identify(lab_code/ch16_lab/arm_urdf) by extensions ['ros']
[1.963s] Level 1:colcon.colcon_core.package_identification:_identify(lab_code/ch16_lab/arm_urdf) by extension 'ros'
[1.969s] Level 1:colcon.colcon_core.package_identification:_identify(lab_code/ch16_lab/arm_urdf) by extensions ['cmake', 'python']
[1.969s] Level 1:colcon.colcon_core.package_identification:_identify(lab_code/ch16_lab/arm_urdf) by extension 'cmake'
[1.970s] Level 1:colcon.colcon_core.package_identification:_identify(lab_code/ch16_lab/arm_urdf) by extension 'python'
[1.971s] Level 1:colcon.colcon_core.package_identification:_identify(lab_code/ch16_lab/arm_urdf) by extensions ['python_setup_py']
[1.971s] Level 1:colcon.colcon_core.package_identification:_identify(lab_code/ch16_lab/arm_urdf) by extension 'python_setup_py'
[1.980s] Level 1:colcon.colcon_core.package_identification:_identify(lab_code/ch16_lab/arm_urdf/launch) by extensions ['ignore', 'ignore_ament_install']
[1.981s] Level 1:colcon.colcon_core.package_identification:_identify(lab_code/ch16_lab/arm_urdf/launch) by extension 'ignore'
[1.983s] Level 1:colcon.colcon_core.package_identification:_identify(lab_code/ch16_lab/arm_urdf/launch) by extension 'ignore_ament_install'
[1.986s] Level 1:colcon.colcon_core.package_identification:_identify(lab_code/ch16_lab/arm_urdf/launch) by extensions ['colcon_pkg']
[1.986s] Level 1:colcon.colcon_core.package_identification:_identify(lab_code/ch16_lab/arm_urdf/launch) by extension 'colcon_pkg'
[1.987s] Level 1:colcon.colcon_core.package_identification:_identify(lab_code/ch16_lab/arm_urdf/launch) by extensions ['colcon_meta']
[1.988s] Level 1:colcon.colcon_core.package_identification:_identify(lab_code/ch16_lab/arm_urdf/launch) by extension 'colcon_meta'
[1.995s] Level 1:colcon.colcon_core.package_identification:_identify(lab_code/ch16_lab/arm_urdf/launch) by extensions ['ros']
[1.995s] Level 1:colcon.colcon_core.package_identification:_identify(lab_code/ch16_lab/arm_urdf/launch) by extension 'ros'
[2.002s] Level 1:colcon.colcon_core.package_identification:_identify(lab_code/ch16_lab/arm_urdf/launch) by extensions ['cmake', 'python']
[2.002s] Level 1:colcon.colcon_core.package_identification:_identify(lab_code/ch16_lab/arm_urdf/launch) by extension 'cmake'
[2.004s] Level 1:colcon.colcon_core.package_identification:_identify(lab_code/ch16_lab/arm_urdf/launch) by extension 'python'
[2.005s] Level 1:colcon.colcon_core.package_identification:_identify(lab_code/ch16_lab/arm_urdf/launch) by extensions ['python_setup_py']
[2.006s] Level 1:colcon.colcon_core.package_identification:_identify(lab_code/ch16_lab/arm_urdf/launch) by extension 'python_setup_py'
[2.018s] Level 1:colcon.colcon_core.package_identification:_identify(lab_code/ch16_lab/arm_urdf/launch/__pycache__) by extensions ['ignore', 'ignore_ament_install']
[2.019s] Level 1:colcon.colcon_core.package_identification:_identify(lab_code/ch16_lab/arm_urdf/launch/__pycache__) by extension 'ignore'
[2.022s] Level 1:colcon.colcon_core.package_identification:_identify(lab_code/ch16_lab/arm_urdf/launch/__pycache__) by extension 'ignore_ament_install'
[2.035s] Level 1:colcon.colcon_core.package_identification:_identify(lab_code/ch16_lab/arm_urdf/launch/__pycache__) by extensions ['colcon_pkg']
[2.035s] Level 1:colcon.colcon_core.package_identification:_identify(lab_code/ch16_lab/arm_urdf/launch/__pycache__) by extension 'colcon_pkg'
[2.040s] Level 1:colcon.colcon_core.package_identification:_identify(lab_code/ch16_lab/arm_urdf/launch/__pycache__) by extensions ['colcon_meta']
[2.041s] Level 1:colcon.colcon_core.package_identification:_identify(lab_code/ch16_lab/arm_urdf/launch/__pycache__) by extension 'colcon_meta'
[2.049s] Level 1:colcon.colcon_core.package_identification:_identify(lab_code/ch16_lab/arm_urdf/launch/__pycache__) by extensions ['ros']
[2.049s] Level 1:colcon.colcon_core.package_identification:_identify(lab_code/ch16_lab/arm_urdf/launch/__pycache__) by extension 'ros'
[2.067s] Level 1:colcon.colcon_core.package_identification:_identify(lab_code/ch16_lab/arm_urdf/launch/__pycache__) by extensions ['cmake', 'python']
[2.068s] Level 1:colcon.colcon_core.package_identification:_identify(lab_code/ch16_lab/arm_urdf/launch/__pycache__) by extension 'cmake'
[2.070s] Level 1:colcon.colcon_core.package_identification:_identify(lab_code/ch16_lab/arm_urdf/launch/__pycache__) by extension 'python'
[2.072s] Level 1:colcon.colcon_core.package_identification:_identify(lab_code/ch16_lab/arm_urdf/launch/__pycache__) by extensions ['python_setup_py']
[2.072s] Level 1:colcon.colcon_core.package_identification:_identify(lab_code/ch16_lab/arm_urdf/launch/__pycache__) by extension 'python_setup_py'
[2.079s] Level 1:colcon.colcon_core.package_identification:_identify(lab_code/ch16_lab/arm_urdf/urdf) by extensions ['ignore', 'ignore_ament_install']
[2.080s] Level 1:colcon.colcon_core.package_identification:_identify(lab_code/ch16_lab/arm_urdf/urdf) by extension 'ignore'
[2.081s] Level 1:colcon.colcon_core.package_identification:_identify(lab_code/ch16_lab/arm_urdf/urdf) by extension 'ignore_ament_install'
[2.083s] Level 1:colcon.colcon_core.package_identification:_identify(lab_code/ch16_lab/arm_urdf/urdf) by extensions ['colcon_pkg']
[2.083s] Level 1:colcon.colcon_core.package_identification:_identify(lab_code/ch16_lab/arm_urdf/urdf) by extension 'colcon_pkg'
[2.087s] Level 1:colcon.colcon_core.package_identification:_identify(lab_code/ch16_lab/arm_urdf/urdf) by extensions ['colcon_meta']
[2.088s] Level 1:colcon.colcon_core.package_identification:_identify(lab_code/ch16_lab/arm_urdf/urdf) by extension 'colcon_meta'
[2.094s] Level 1:colcon.colcon_core.package_identification:_identify(lab_code/ch16_lab/arm_urdf/urdf) by extensions ['ros']
[2.095s] Level 1:colcon.colcon_core.package_identification:_identify(lab_code/ch16_lab/arm_urdf/urdf) by extension 'ros'
[2.105s] Level 1:colcon.colcon_core.package_identification:_identify(lab_code/ch16_lab/arm_urdf/urdf) by extensions ['cmake', 'python']
[2.105s] Level 1:colcon.colcon_core.package_identification:_identify(lab_code/ch16_lab/arm_urdf/urdf) by extension 'cmake'
[2.107s] Level 1:colcon.colcon_core.package_identification:_identify(lab_code/ch16_lab/arm_urdf/urdf) by extension 'python'
[2.109s] Level 1:colcon.colcon_core.package_identification:_identify(lab_code/ch16_lab/arm_urdf/urdf) by extensions ['python_setup_py']
[2.110s] Level 1:colcon.colcon_core.package_identification:_identify(lab_code/ch16_lab/arm_urdf/urdf) by extension 'python_setup_py'
[2.115s] Level 1:colcon.colcon_core.package_identification:_identify(lab_code/ch17_lab) by extensions ['ignore', 'ignore_ament_install']
[2.116s] Level 1:colcon.colcon_core.package_identification:_identify(lab_code/ch17_lab) by extension 'ignore'
[2.117s] Level 1:colcon.colcon_core.package_identification:_identify(lab_code/ch17_lab) by extension 'ignore_ament_install'
[2.119s] Level 1:colcon.colcon_core.package_identification:_identify(lab_code/ch17_lab) by extensions ['colcon_pkg']
[2.119s] Level 1:colcon.colcon_core.package_identification:_identify(lab_code/ch17_lab) by extension 'colcon_pkg'
[2.120s] Level 1:colcon.colcon_core.package_identification:_identify(lab_code/ch17_lab) by extensions ['colcon_meta']
[2.120s] Level 1:colcon.colcon_core.package_identification:_identify(lab_code/ch17_lab) by extension 'colcon_meta'
[2.122s] Level 1:colcon.colcon_core.package_identification:_identify(lab_code/ch17_lab) by extensions ['ros']
[2.122s] Level 1:colcon.colcon_core.package_identification:_identify(lab_code/ch17_lab) by extension 'ros'
[2.127s] Level 1:colcon.colcon_core.package_identification:_identify(lab_code/ch17_lab) by extensions ['cmake', 'python']
[2.127s] Level 1:colcon.colcon_core.package_identification:_identify(lab_code/ch17_lab) by extension 'cmake'
[2.128s] Level 1:colcon.colcon_core.package_identification:_identify(lab_code/ch17_lab) by extension 'python'
[2.129s] Level 1:colcon.colcon_core.package_identification:_identify(lab_code/ch17_lab) by extensions ['python_setup_py']
[2.130s] Level 1:colcon.colcon_core.package_identification:_identify(lab_code/ch17_lab) by extension 'python_setup_py'
[2.152s] Level 1:colcon.colcon_core.package_identification:_identify(lab_code/ch17_lab/__pycache__) by extensions ['ignore', 'ignore_ament_install']
[2.153s] Level 1:colcon.colcon_core.package_identification:_identify(lab_code/ch17_lab/__pycache__) by extension 'ignore'
[2.155s] Level 1:colcon.colcon_core.package_identification:_identify(lab_code/ch17_lab/__pycache__) by extension 'ignore_ament_install'
[2.158s] Level 1:colcon.colcon_core.package_identification:_identify(lab_code/ch17_lab/__pycache__) by extensions ['colcon_pkg']
[2.158s] Level 1:colcon.colcon_core.package_identification:_identify(lab_code/ch17_lab/__pycache__) by extension 'colcon_pkg'
[2.159s] Level 1:colcon.colcon_core.package_identification:_identify(lab_code/ch17_lab/__pycache__) by extensions ['colcon_meta']
[2.159s] Level 1:colcon.colcon_core.package_identification:_identify(lab_code/ch17_lab/__pycache__) by extension 'colcon_meta'
[2.164s] Level 1:colcon.colcon_core.package_identification:_identify(lab_code/ch17_lab/__pycache__) by extensions ['ros']
[2.164s] Level 1:colcon.colcon_core.package_identification:_identify(lab_code/ch17_lab/__pycache__) by extension 'ros'
[2.169s] Level 1:colcon.colcon_core.package_identification:_identify(lab_code/ch17_lab/__pycache__) by extensions ['cmake', 'python']
[2.170s] Level 1:colcon.colcon_core.package_identification:_identify(lab_code/ch17_lab/__pycache__) by extension 'cmake'
[2.171s] Level 1:colcon.colcon_core.package_identification:_identify(lab_code/ch17_lab/__pycache__) by extension 'python'
[2.171s] Level 1:colcon.colcon_core.package_identification:_identify(lab_code/ch17_lab/__pycache__) by extensions ['python_setup_py']
[2.172s] Level 1:colcon.colcon_core.package_identification:_identify(lab_code/ch17_lab/__pycache__) by extension 'python_setup_py'
[2.176s] Level 1:colcon.colcon_core.package_identification:_identify(lab_code/ch17_lab/moveit_fk_ik_lab) by extensions ['ignore', 'ignore_ament_install']
[2.176s] Level 1:colcon.colcon_core.package_identification:_identify(lab_code/ch17_lab/moveit_fk_ik_lab) by extension 'ignore'
[2.178s] Level 1:colcon.colcon_core.package_identification:_identify(lab_code/ch17_lab/moveit_fk_ik_lab) by extension 'ignore_ament_install'
[2.180s] Level 1:colcon.colcon_core.package_identification:_identify(lab_code/ch17_lab/moveit_fk_ik_lab) by extensions ['colcon_pkg']
[2.180s] Level 1:colcon.colcon_core.package_identification:_identify(lab_code/ch17_lab/moveit_fk_ik_lab) by extension 'colcon_pkg'
[2.181s] Level 1:colcon.colcon_core.package_identification:_identify(lab_code/ch17_lab/moveit_fk_ik_lab) by extensions ['colcon_meta']
[2.181s] Level 1:colcon.colcon_core.package_identification:_identify(lab_code/ch17_lab/moveit_fk_ik_lab) by extension 'colcon_meta'
[2.183s] Level 1:colcon.colcon_core.package_identification:_identify(lab_code/ch17_lab/moveit_fk_ik_lab) by extensions ['ros']
[2.183s] Level 1:colcon.colcon_core.package_identification:_identify(lab_code/ch17_lab/moveit_fk_ik_lab) by extension 'ros'
[2.191s] DEBUG:colcon.colcon_core.package_identification:Package 'lab_code/ch17_lab/moveit_fk_ik_lab' with type 'ros.ament_python' and name 'moveit_fk_ik_lab'
[2.196s] Level 1:colcon.colcon_core.package_identification:_identify(lab_code/ch18_lab) by extensions ['ignore', 'ignore_ament_install']
[2.196s] Level 1:colcon.colcon_core.package_identification:_identify(lab_code/ch18_lab) by extension 'ignore'
[2.199s] Level 1:colcon.colcon_core.package_identification:_identify(lab_code/ch18_lab) by extension 'ignore_ament_install'
[2.201s] Level 1:colcon.colcon_core.package_identification:_identify(lab_code/ch18_lab) by extensions ['colcon_pkg']
[2.201s] Level 1:colcon.colcon_core.package_identification:_identify(lab_code/ch18_lab) by extension 'colcon_pkg'
[2.201s] Level 1:colcon.colcon_core.package_identification:_identify(lab_code/ch18_lab) by extensions ['colcon_meta']
[2.201s] Level 1:colcon.colcon_core.package_identification:_identify(lab_code/ch18_lab) by extension 'colcon_meta'
[2.202s] Level 1:colcon.colcon_core.package_identification:_identify(lab_code/ch18_lab) by extensions ['ros']
[2.203s] Level 1:colcon.colcon_core.package_identification:_identify(lab_code/ch18_lab) by extension 'ros'
[2.206s] Level 1:colcon.colcon_core.package_identification:_identify(lab_code/ch18_lab) by extensions ['cmake', 'python']
[2.206s] Level 1:colcon.colcon_core.package_identification:_identify(lab_code/ch18_lab) by extension 'cmake'
[2.206s] Level 1:colcon.colcon_core.package_identification:_identify(lab_code/ch18_lab) by extension 'python'
[2.209s] Level 1:colcon.colcon_core.package_identification:_identify(lab_code/ch18_lab) by extensions ['python_setup_py']
[2.209s] Level 1:colcon.colcon_core.package_identification:_identify(lab_code/ch18_lab) by extension 'python_setup_py'
[2.213s] Level 1:colcon.colcon_core.package_identification:_identify(lab_code/ch18_lab/moveit_pick_place_lab) by extensions ['ignore', 'ignore_ament_install']
[2.213s] Level 1:colcon.colcon_core.package_identification:_identify(lab_code/ch18_lab/moveit_pick_place_lab) by extension 'ignore'
[2.214s] Level 1:colcon.colcon_core.package_identification:_identify(lab_code/ch18_lab/moveit_pick_place_lab) by extension 'ignore_ament_install'
[2.217s] Level 1:colcon.colcon_core.package_identification:_identify(lab_code/ch18_lab/moveit_pick_place_lab) by extensions ['colcon_pkg']
[2.217s] Level 1:colcon.colcon_core.package_identification:_identify(lab_code/ch18_lab/moveit_pick_place_lab) by extension 'colcon_pkg'
[2.218s] Level 1:colcon.colcon_core.package_identification:_identify(lab_code/ch18_lab/moveit_pick_place_lab) by extensions ['colcon_meta']
[2.219s] Level 1:colcon.colcon_core.package_identification:_identify(lab_code/ch18_lab/moveit_pick_place_lab) by extension 'colcon_meta'
[2.222s] Level 1:colcon.colcon_core.package_identification:_identify(lab_code/ch18_lab/moveit_pick_place_lab) by extensions ['ros']
[2.222s] Level 1:colcon.colcon_core.package_identification:_identify(lab_code/ch18_lab/moveit_pick_place_lab) by extension 'ros'
[2.238s] DEBUG:colcon.colcon_core.package_identification:Package 'lab_code/ch18_lab/moveit_pick_place_lab' with type 'ros.ament_python' and name 'moveit_pick_place_lab'
[2.250s] Level 1:colcon.colcon_core.package_identification:_identify(lab_code/ch19_lab) by extensions ['ignore', 'ignore_ament_install']
[2.251s] Level 1:colcon.colcon_core.package_identification:_identify(lab_code/ch19_lab) by extension 'ignore'
[2.253s] Level 1:colcon.colcon_core.package_identification:_identify(lab_code/ch19_lab) by extension 'ignore_ament_install'
[2.257s] Level 1:colcon.colcon_core.package_identification:_identify(lab_code/ch19_lab) by extensions ['colcon_pkg']
[2.257s] Level 1:colcon.colcon_core.package_identification:_identify(lab_code/ch19_lab) by extension 'colcon_pkg'
[2.259s] Level 1:colcon.colcon_core.package_identification:_identify(lab_code/ch19_lab) by extensions ['colcon_meta']
[2.259s] Level 1:colcon.colcon_core.package_identification:_identify(lab_code/ch19_lab) by extension 'colcon_meta'
[2.261s] Level 1:colcon.colcon_core.package_identification:_identify(lab_code/ch19_lab) by extensions ['ros']
[2.261s] Level 1:colcon.colcon_core.package_identification:_identify(lab_code/ch19_lab) by extension 'ros'
[2.267s] Level 1:colcon.colcon_core.package_identification:_identify(lab_code/ch19_lab) by extensions ['cmake', 'python']
[2.268s] Level 1:colcon.colcon_core.package_identification:_identify(lab_code/ch19_lab) by extension 'cmake'
[2.269s] Level 1:colcon.colcon_core.package_identification:_identify(lab_code/ch19_lab) by extension 'python'
[2.273s] Level 1:colcon.colcon_core.package_identification:_identify(lab_code/ch19_lab) by extensions ['python_setup_py']
[2.274s] Level 1:colcon.colcon_core.package_identification:_identify(lab_code/ch19_lab) by extension 'python_setup_py'
[2.282s] Level 1:colcon.colcon_core.package_identification:_identify(lab_code/ch19_lab/vision_detection_lab) by extensions ['ignore', 'ignore_ament_install']
[2.282s] Level 1:colcon.colcon_core.package_identification:_identify(lab_code/ch19_lab/vision_detection_lab) by extension 'ignore'
[2.285s] Level 1:colcon.colcon_core.package_identification:_identify(lab_code/ch19_lab/vision_detection_lab) by extension 'ignore_ament_install'
[2.289s] Level 1:colcon.colcon_core.package_identification:_identify(lab_code/ch19_lab/vision_detection_lab) by extensions ['colcon_pkg']
[2.289s] Level 1:colcon.colcon_core.package_identification:_identify(lab_code/ch19_lab/vision_detection_lab) by extension 'colcon_pkg'
[2.292s] Level 1:colcon.colcon_core.package_identification:_identify(lab_code/ch19_lab/vision_detection_lab) by extensions ['colcon_meta']
[2.292s] Level 1:colcon.colcon_core.package_identification:_identify(lab_code/ch19_lab/vision_detection_lab) by extension 'colcon_meta'
[2.296s] Level 1:colcon.colcon_core.package_identification:_identify(lab_code/ch19_lab/vision_detection_lab) by extensions ['ros']
[2.296s] Level 1:colcon.colcon_core.package_identification:_identify(lab_code/ch19_lab/vision_detection_lab) by extension 'ros'
[2.318s] DEBUG:colcon.colcon_core.package_identification:Package 'lab_code/ch19_lab/vision_detection_lab' with type 'ros.ament_python' and name 'vision_detection_lab'
[2.324s] Level 1:colcon.colcon_core.package_identification:_identify(lab_code/ch20_lab) by extensions ['ignore', 'ignore_ament_install']
[2.324s] Level 1:colcon.colcon_core.package_identification:_identify(lab_code/ch20_lab) by extension 'ignore'
[2.326s] Level 1:colcon.colcon_core.package_identification:_identify(lab_code/ch20_lab) by extension 'ignore_ament_install'
[2.329s] Level 1:colcon.colcon_core.package_identification:_identify(lab_code/ch20_lab) by extensions ['colcon_pkg']
[2.329s] Level 1:colcon.colcon_core.package_identification:_identify(lab_code/ch20_lab) by extension 'colcon_pkg'
[2.331s] Level 1:colcon.colcon_core.package_identification:_identify(lab_code/ch20_lab) by extensions ['colcon_meta']
[2.331s] Level 1:colcon.colcon_core.package_identification:_identify(lab_code/ch20_lab) by extension 'colcon_meta'
[2.334s] Level 1:colcon.colcon_core.package_identification:_identify(lab_code/ch20_lab) by extensions ['ros']
[2.334s] Level 1:colcon.colcon_core.package_identification:_identify(lab_code/ch20_lab) by extension 'ros'
[2.341s] Level 1:colcon.colcon_core.package_identification:_identify(lab_code/ch20_lab) by extensions ['cmake', 'python']
[2.341s] Level 1:colcon.colcon_core.package_identification:_identify(lab_code/ch20_lab) by extension 'cmake'
[2.342s] Level 1:colcon.colcon_core.package_identification:_identify(lab_code/ch20_lab) by extension 'python'
[2.344s] Level 1:colcon.colcon_core.package_identification:_identify(lab_code/ch20_lab) by extensions ['python_setup_py']
[2.344s] Level 1:colcon.colcon_core.package_identification:_identify(lab_code/ch20_lab) by extension 'python_setup_py'
[2.358s] Level 1:colcon.colcon_core.package_identification:_identify(lab_code/ch20_lab/vision_llm_demo) by extensions ['ignore', 'ignore_ament_install']
[2.358s] Level 1:colcon.colcon_core.package_identification:_identify(lab_code/ch20_lab/vision_llm_demo) by extension 'ignore'
[2.360s] Level 1:colcon.colcon_core.package_identification:_identify(lab_code/ch20_lab/vision_llm_demo) by extension 'ignore_ament_install'
[2.365s] Level 1:colcon.colcon_core.package_identification:_identify(lab_code/ch20_lab/vision_llm_demo) by extensions ['colcon_pkg']
[2.366s] Level 1:colcon.colcon_core.package_identification:_identify(lab_code/ch20_lab/vision_llm_demo) by extension 'colcon_pkg'
[2.368s] Level 1:colcon.colcon_core.package_identification:_identify(lab_code/ch20_lab/vision_llm_demo) by extensions ['colcon_meta']
[2.368s] Level 1:colcon.colcon_core.package_identification:_identify(lab_code/ch20_lab/vision_llm_demo) by extension 'colcon_meta'
[2.372s] Level 1:colcon.colcon_core.package_identification:_identify(lab_code/ch20_lab/vision_llm_demo) by extensions ['ros']
[2.372s] Level 1:colcon.colcon_core.package_identification:_identify(lab_code/ch20_lab/vision_llm_demo) by extension 'ros'
[2.397s] DEBUG:colcon.colcon_core.package_identification:Package 'lab_code/ch20_lab/vision_llm_demo' with type 'ros.ament_python' and name 'vision_llm_demo'
[2.402s] Level 1:colcon.colcon_core.package_identification:_identify(lab_code/ch21_lab) by extensions ['ignore', 'ignore_ament_install']
[2.402s] Level 1:colcon.colcon_core.package_identification:_identify(lab_code/ch21_lab) by extension 'ignore'
[2.404s] Level 1:colcon.colcon_core.package_identification:_identify(lab_code/ch21_lab) by extension 'ignore_ament_install'
[2.406s] Level 1:colcon.colcon_core.package_identification:_identify(lab_code/ch21_lab) by extensions ['colcon_pkg']
[2.406s] Level 1:colcon.colcon_core.package_identification:_identify(lab_code/ch21_lab) by extension 'colcon_pkg'
[2.408s] Level 1:colcon.colcon_core.package_identification:_identify(lab_code/ch21_lab) by extensions ['colcon_meta']
[2.408s] Level 1:colcon.colcon_core.package_identification:_identify(lab_code/ch21_lab) by extension 'colcon_meta'
[2.411s] Level 1:colcon.colcon_core.package_identification:_identify(lab_code/ch21_lab) by extensions ['ros']
[2.411s] Level 1:colcon.colcon_core.package_identification:_identify(lab_code/ch21_lab) by extension 'ros'
[2.417s] Level 1:colcon.colcon_core.package_identification:_identify(lab_code/ch21_lab) by extensions ['cmake', 'python']
[2.418s] Level 1:colcon.colcon_core.package_identification:_identify(lab_code/ch21_lab) by extension 'cmake'
[2.419s] Level 1:colcon.colcon_core.package_identification:_identify(lab_code/ch21_lab) by extension 'python'
[2.420s] Level 1:colcon.colcon_core.package_identification:_identify(lab_code/ch21_lab) by extensions ['python_setup_py']
[2.420s] Level 1:colcon.colcon_core.package_identification:_identify(lab_code/ch21_lab) by extension 'python_setup_py'
[2.433s] Level 1:colcon.colcon_core.package_identification:_identify(lab_code/ch21_lab/vision_pickup_lab) by extensions ['ignore', 'ignore_ament_install']
[2.434s] Level 1:colcon.colcon_core.package_identification:_identify(lab_code/ch21_lab/vision_pickup_lab) by extension 'ignore'
[2.435s] Level 1:colcon.colcon_core.package_identification:_identify(lab_code/ch21_lab/vision_pickup_lab) by extension 'ignore_ament_install'
[2.438s] Level 1:colcon.colcon_core.package_identification:_identify(lab_code/ch21_lab/vision_pickup_lab) by extensions ['colcon_pkg']
[2.438s] Level 1:colcon.colcon_core.package_identification:_identify(lab_code/ch21_lab/vision_pickup_lab) by extension 'colcon_pkg'
[2.440s] Level 1:colcon.colcon_core.package_identification:_identify(lab_code/ch21_lab/vision_pickup_lab) by extensions ['colcon_meta']
[2.440s] Level 1:colcon.colcon_core.package_identification:_identify(lab_code/ch21_lab/vision_pickup_lab) by extension 'colcon_meta'
[2.443s] Level 1:colcon.colcon_core.package_identification:_identify(lab_code/ch21_lab/vision_pickup_lab) by extensions ['ros']
[2.443s] Level 1:colcon.colcon_core.package_identification:_identify(lab_code/ch21_lab/vision_pickup_lab) by extension 'ros'
[2.462s] DEBUG:colcon.colcon_core.package_identification:Package 'lab_code/ch21_lab/vision_pickup_lab' with type 'ros.ament_python' and name 'vision_pickup_lab'
[2.472s] Level 1:colcon.colcon_core.package_identification:_identify(log) by extensions ['ignore', 'ignore_ament_install']
[2.472s] Level 1:colcon.colcon_core.package_identification:_identify(log) by extension 'ignore'
[2.475s] Level 1:colcon.colcon_core.package_identification:_identify(log) ignored
[2.479s] Level 1:colcon.colcon_core.package_identification:_identify(msgs_demo_interfaces) by extensions ['ignore', 'ignore_ament_install']
[2.479s] Level 1:colcon.colcon_core.package_identification:_identify(msgs_demo_interfaces) by extension 'ignore'
[2.480s] Level 1:colcon.colcon_core.package_identification:_identify(msgs_demo_interfaces) by extension 'ignore_ament_install'
[2.482s] Level 1:colcon.colcon_core.package_identification:_identify(msgs_demo_interfaces) by extensions ['colcon_pkg']
[2.482s] Level 1:colcon.colcon_core.package_identification:_identify(msgs_demo_interfaces) by extension 'colcon_pkg'
[2.483s] Level 1:colcon.colcon_core.package_identification:_identify(msgs_demo_interfaces) by extensions ['colcon_meta']
[2.483s] Level 1:colcon.colcon_core.package_identification:_identify(msgs_demo_interfaces) by extension 'colcon_meta'
[2.484s] Level 1:colcon.colcon_core.package_identification:_identify(msgs_demo_interfaces) by extensions ['ros']
[2.484s] Level 1:colcon.colcon_core.package_identification:_identify(msgs_demo_interfaces) by extension 'ros'
[2.509s] DEBUG:colcon.colcon_core.package_identification:Package 'msgs_demo_interfaces' with type 'ros.ament_cmake' and name 'msgs_demo_interfaces'
[2.513s] Level 1:colcon.colcon_core.package_identification:_identify(name_demo_cpp) by extensions ['ignore', 'ignore_ament_install']
[2.513s] Level 1:colcon.colcon_core.package_identification:_identify(name_demo_cpp) by extension 'ignore'
[2.514s] Level 1:colcon.colcon_core.package_identification:_identify(name_demo_cpp) by extension 'ignore_ament_install'
[2.516s] Level 1:colcon.colcon_core.package_identification:_identify(name_demo_cpp) by extensions ['colcon_pkg']
[2.516s] Level 1:colcon.colcon_core.package_identification:_identify(name_demo_cpp) by extension 'colcon_pkg'
[2.518s] Level 1:colcon.colcon_core.package_identification:_identify(name_demo_cpp) by extensions ['colcon_meta']
[2.518s] Level 1:colcon.colcon_core.package_identification:_identify(name_demo_cpp) by extension 'colcon_meta'
[2.519s] Level 1:colcon.colcon_core.package_identification:_identify(name_demo_cpp) by extensions ['ros']
[2.519s] Level 1:colcon.colcon_core.package_identification:_identify(name_demo_cpp) by extension 'ros'
[2.539s] DEBUG:colcon.colcon_core.package_identification:Package 'name_demo_cpp' with type 'ros.ament_cmake' and name 'name_demo_cpp'
[2.542s] Level 1:colcon.colcon_core.package_identification:_identify(navigation_sim_demo_ros2) by extensions ['ignore', 'ignore_ament_install']
[2.543s] Level 1:colcon.colcon_core.package_identification:_identify(navigation_sim_demo_ros2) by extension 'ignore'
[2.544s] Level 1:colcon.colcon_core.package_identification:_identify(navigation_sim_demo_ros2) by extension 'ignore_ament_install'
[2.545s] Level 1:colcon.colcon_core.package_identification:_identify(navigation_sim_demo_ros2) by extensions ['colcon_pkg']
[2.545s] Level 1:colcon.colcon_core.package_identification:_identify(navigation_sim_demo_ros2) by extension 'colcon_pkg'
[2.546s] Level 1:colcon.colcon_core.package_identification:_identify(navigation_sim_demo_ros2) by extensions ['colcon_meta']
[2.546s] Level 1:colcon.colcon_core.package_identification:_identify(navigation_sim_demo_ros2) by extension 'colcon_meta'
[2.547s] Level 1:colcon.colcon_core.package_identification:_identify(navigation_sim_demo_ros2) by extensions ['ros']
[2.548s] Level 1:colcon.colcon_core.package_identification:_identify(navigation_sim_demo_ros2) by extension 'ros'
[2.557s] DEBUG:colcon.colcon_core.package_identification:Package 'navigation_sim_demo_ros2' with type 'ros.ament_python' and name 'navigation_sim_demo_ros2'
[2.560s] Level 1:colcon.colcon_core.package_identification:_identify(param_demo_cpp) by extensions ['ignore', 'ignore_ament_install']
[2.560s] Level 1:colcon.colcon_core.package_identification:_identify(param_demo_cpp) by extension 'ignore'
[2.561s] Level 1:colcon.colcon_core.package_identification:_identify(param_demo_cpp) by extension 'ignore_ament_install'
[2.565s] Level 1:colcon.colcon_core.package_identification:_identify(param_demo_cpp) by extensions ['colcon_pkg']
[2.566s] Level 1:colcon.colcon_core.package_identification:_identify(param_demo_cpp) by extension 'colcon_pkg'
[2.571s] Level 1:colcon.colcon_core.package_identification:_identify(param_demo_cpp) by extensions ['colcon_meta']
[2.573s] Level 1:colcon.colcon_core.package_identification:_identify(param_demo_cpp) by extension 'colcon_meta'
[2.577s] Level 1:colcon.colcon_core.package_identification:_identify(param_demo_cpp) by extensions ['ros']
[2.578s] Level 1:colcon.colcon_core.package_identification:_identify(param_demo_cpp) by extension 'ros'
[2.588s] DEBUG:colcon.colcon_core.package_identification:Package 'param_demo_cpp' with type 'ros.ament_cmake' and name 'param_demo_cpp'
[2.591s] Level 1:colcon.colcon_core.package_identification:_identify(param_demo_py) by extensions ['ignore', 'ignore_ament_install']
[2.591s] Level 1:colcon.colcon_core.package_identification:_identify(param_demo_py) by extension 'ignore'
[2.592s] Level 1:colcon.colcon_core.package_identification:_identify(param_demo_py) by extension 'ignore_ament_install'
[2.595s] Level 1:colcon.colcon_core.package_identification:_identify(param_demo_py) by extensions ['colcon_pkg']
[2.595s] Level 1:colcon.colcon_core.package_identification:_identify(param_demo_py) by extension 'colcon_pkg'
[2.597s] Level 1:colcon.colcon_core.package_identification:_identify(param_demo_py) by extensions ['colcon_meta']
[2.597s] Level 1:colcon.colcon_core.package_identification:_identify(param_demo_py) by extension 'colcon_meta'
[2.598s] Level 1:colcon.colcon_core.package_identification:_identify(param_demo_py) by extensions ['ros']
[2.598s] Level 1:colcon.colcon_core.package_identification:_identify(param_demo_py) by extension 'ros'
[2.607s] DEBUG:colcon.colcon_core.package_identification:Package 'param_demo_py' with type 'ros.ament_python' and name 'param_demo_py'
[2.613s] Level 1:colcon.colcon_core.package_identification:_identify(robot_sim_demo) by extensions ['ignore', 'ignore_ament_install']
[2.613s] Level 1:colcon.colcon_core.package_identification:_identify(robot_sim_demo) by extension 'ignore'
[2.614s] Level 1:colcon.colcon_core.package_identification:_identify(robot_sim_demo) by extension 'ignore_ament_install'
[2.615s] Level 1:colcon.colcon_core.package_identification:_identify(robot_sim_demo) by extensions ['colcon_pkg']
[2.616s] Level 1:colcon.colcon_core.package_identification:_identify(robot_sim_demo) by extension 'colcon_pkg'
[2.617s] Level 1:colcon.colcon_core.package_identification:_identify(robot_sim_demo) by extensions ['colcon_meta']
[2.617s] Level 1:colcon.colcon_core.package_identification:_identify(robot_sim_demo) by extension 'colcon_meta'
[2.618s] Level 1:colcon.colcon_core.package_identification:_identify(robot_sim_demo) by extensions ['ros']
[2.618s] Level 1:colcon.colcon_core.package_identification:_identify(robot_sim_demo) by extension 'ros'
[2.625s] DEBUG:colcon.colcon_core.package_identification:Package 'robot_sim_demo' with type 'ros.ament_python' and name 'robot_sim_demo'
[2.628s] Level 1:colcon.colcon_core.package_identification:_identify(service_demo_cpp) by extensions ['ignore', 'ignore_ament_install']
[2.628s] Level 1:colcon.colcon_core.package_identification:_identify(service_demo_cpp) by extension 'ignore'
[2.629s] Level 1:colcon.colcon_core.package_identification:_identify(service_demo_cpp) by extension 'ignore_ament_install'
[2.631s] Level 1:colcon.colcon_core.package_identification:_identify(service_demo_cpp) by extensions ['colcon_pkg']
[2.631s] Level 1:colcon.colcon_core.package_identification:_identify(service_demo_cpp) by extension 'colcon_pkg'
[2.632s] Level 1:colcon.colcon_core.package_identification:_identify(service_demo_cpp) by extensions ['colcon_meta']
[2.632s] Level 1:colcon.colcon_core.package_identification:_identify(service_demo_cpp) by extension 'colcon_meta'
[2.633s] Level 1:colcon.colcon_core.package_identification:_identify(service_demo_cpp) by extensions ['ros']
[2.633s] Level 1:colcon.colcon_core.package_identification:_identify(service_demo_cpp) by extension 'ros'
[2.642s] DEBUG:colcon.colcon_core.package_identification:Package 'service_demo_cpp' with type 'ros.ament_cmake' and name 'service_demo_cpp'
[2.644s] Level 1:colcon.colcon_core.package_identification:_identify(service_demo_interfaces) by extensions ['ignore', 'ignore_ament_install']
[2.645s] Level 1:colcon.colcon_core.package_identification:_identify(service_demo_interfaces) by extension 'ignore'
[2.646s] Level 1:colcon.colcon_core.package_identification:_identify(service_demo_interfaces) by extension 'ignore_ament_install'
[2.647s] Level 1:colcon.colcon_core.package_identification:_identify(service_demo_interfaces) by extensions ['colcon_pkg']
[2.647s] Level 1:colcon.colcon_core.package_identification:_identify(service_demo_interfaces) by extension 'colcon_pkg'
[2.648s] Level 1:colcon.colcon_core.package_identification:_identify(service_demo_interfaces) by extensions ['colcon_meta']
[2.648s] Level 1:colcon.colcon_core.package_identification:_identify(service_demo_interfaces) by extension 'colcon_meta'
[2.649s] Level 1:colcon.colcon_core.package_identification:_identify(service_demo_interfaces) by extensions ['ros']
[2.649s] Level 1:colcon.colcon_core.package_identification:_identify(service_demo_interfaces) by extension 'ros'
[2.659s] DEBUG:colcon.colcon_core.package_identification:Package 'service_demo_interfaces' with type 'ros.ament_cmake' and name 'service_demo_interfaces'
[2.661s] Level 1:colcon.colcon_core.package_identification:_identify(service_demo_py) by extensions ['ignore', 'ignore_ament_install']
[2.662s] Level 1:colcon.colcon_core.package_identification:_identify(service_demo_py) by extension 'ignore'
[2.666s] Level 1:colcon.colcon_core.package_identification:_identify(service_demo_py) by extension 'ignore_ament_install'
[2.669s] Level 1:colcon.colcon_core.package_identification:_identify(service_demo_py) by extensions ['colcon_pkg']
[2.669s] Level 1:colcon.colcon_core.package_identification:_identify(service_demo_py) by extension 'colcon_pkg'
[2.670s] Level 1:colcon.colcon_core.package_identification:_identify(service_demo_py) by extensions ['colcon_meta']
[2.670s] Level 1:colcon.colcon_core.package_identification:_identify(service_demo_py) by extension 'colcon_meta'
[2.671s] Level 1:colcon.colcon_core.package_identification:_identify(service_demo_py) by extensions ['ros']
[2.671s] Level 1:colcon.colcon_core.package_identification:_identify(service_demo_py) by extension 'ros'
[2.678s] DEBUG:colcon.colcon_core.package_identification:Package 'service_demo_py' with type 'ros.ament_python' and name 'service_demo_py'
[2.680s] Level 1:colcon.colcon_core.package_identification:_identify(slam_sim_demo_ros2) by extensions ['ignore', 'ignore_ament_install']
[2.681s] Level 1:colcon.colcon_core.package_identification:_identify(slam_sim_demo_ros2) by extension 'ignore'
[2.681s] Level 1:colcon.colcon_core.package_identification:_identify(slam_sim_demo_ros2) by extension 'ignore_ament_install'
[2.682s] Level 1:colcon.colcon_core.package_identification:_identify(slam_sim_demo_ros2) by extensions ['colcon_pkg']
[2.683s] Level 1:colcon.colcon_core.package_identification:_identify(slam_sim_demo_ros2) by extension 'colcon_pkg'
[2.683s] Level 1:colcon.colcon_core.package_identification:_identify(slam_sim_demo_ros2) by extensions ['colcon_meta']
[2.683s] Level 1:colcon.colcon_core.package_identification:_identify(slam_sim_demo_ros2) by extension 'colcon_meta'
[2.684s] Level 1:colcon.colcon_core.package_identification:_identify(slam_sim_demo_ros2) by extensions ['ros']
[2.684s] Level 1:colcon.colcon_core.package_identification:_identify(slam_sim_demo_ros2) by extension 'ros'
[2.700s] DEBUG:colcon.colcon_core.package_identification:Package 'slam_sim_demo_ros2' with type 'ros.ament_python' and name 'slam_sim_demo_ros2'
[2.703s] Level 1:colcon.colcon_core.package_identification:_identify(tf_demo_cpp) by extensions ['ignore', 'ignore_ament_install']
[2.703s] Level 1:colcon.colcon_core.package_identification:_identify(tf_demo_cpp) by extension 'ignore'
[2.704s] Level 1:colcon.colcon_core.package_identification:_identify(tf_demo_cpp) by extension 'ignore_ament_install'
[2.705s] Level 1:colcon.colcon_core.package_identification:_identify(tf_demo_cpp) by extensions ['colcon_pkg']
[2.705s] Level 1:colcon.colcon_core.package_identification:_identify(tf_demo_cpp) by extension 'colcon_pkg'
[2.706s] Level 1:colcon.colcon_core.package_identification:_identify(tf_demo_cpp) by extensions ['colcon_meta']
[2.706s] Level 1:colcon.colcon_core.package_identification:_identify(tf_demo_cpp) by extension 'colcon_meta'
[2.706s] Level 1:colcon.colcon_core.package_identification:_identify(tf_demo_cpp) by extensions ['ros']
[2.707s] Level 1:colcon.colcon_core.package_identification:_identify(tf_demo_cpp) by extension 'ros'
[2.713s] DEBUG:colcon.colcon_core.package_identification:Package 'tf_demo_cpp' with type 'ros.ament_cmake' and name 'tf_demo_cpp'
[2.715s] Level 1:colcon.colcon_core.package_identification:_identify(tf_demo_py) by extensions ['ignore', 'ignore_ament_install']
[2.715s] Level 1:colcon.colcon_core.package_identification:_identify(tf_demo_py) by extension 'ignore'
[2.715s] Level 1:colcon.colcon_core.package_identification:_identify(tf_demo_py) by extension 'ignore_ament_install'
[2.717s] Level 1:colcon.colcon_core.package_identification:_identify(tf_demo_py) by extensions ['colcon_pkg']
[2.717s] Level 1:colcon.colcon_core.package_identification:_identify(tf_demo_py) by extension 'colcon_pkg'
[2.718s] Level 1:colcon.colcon_core.package_identification:_identify(tf_demo_py) by extensions ['colcon_meta']
[2.718s] Level 1:colcon.colcon_core.package_identification:_identify(tf_demo_py) by extension 'colcon_meta'
[2.719s] Level 1:colcon.colcon_core.package_identification:_identify(tf_demo_py) by extensions ['ros']
[2.719s] Level 1:colcon.colcon_core.package_identification:_identify(tf_demo_py) by extension 'ros'
[2.727s] DEBUG:colcon.colcon_core.package_identification:Package 'tf_demo_py' with type 'ros.ament_python' and name 'tf_demo_py'
[2.729s] Level 1:colcon.colcon_core.package_identification:_identify(tf_follower_ros2) by extensions ['ignore', 'ignore_ament_install']
[2.729s] Level 1:colcon.colcon_core.package_identification:_identify(tf_follower_ros2) by extension 'ignore'
[2.730s] Level 1:colcon.colcon_core.package_identification:_identify(tf_follower_ros2) by extension 'ignore_ament_install'
[2.731s] Level 1:colcon.colcon_core.package_identification:_identify(tf_follower_ros2) by extensions ['colcon_pkg']
[2.732s] Level 1:colcon.colcon_core.package_identification:_identify(tf_follower_ros2) by extension 'colcon_pkg'
[2.735s] Level 1:colcon.colcon_core.package_identification:_identify(tf_follower_ros2) by extensions ['colcon_meta']
[2.735s] Level 1:colcon.colcon_core.package_identification:_identify(tf_follower_ros2) by extension 'colcon_meta'
[2.735s] Level 1:colcon.colcon_core.package_identification:_identify(tf_follower_ros2) by extensions ['ros']
[2.736s] Level 1:colcon.colcon_core.package_identification:_identify(tf_follower_ros2) by extension 'ros'
[2.743s] DEBUG:colcon.colcon_core.package_identification:Package 'tf_follower_ros2' with type 'ros.ament_python' and name 'tf_follower_ros2'
[2.745s] Level 1:colcon.colcon_core.package_identification:_identify(topic_demo_cpp) by extensions ['ignore', 'ignore_ament_install']
[2.745s] Level 1:colcon.colcon_core.package_identification:_identify(topic_demo_cpp) by extension 'ignore'
[2.746s] Level 1:colcon.colcon_core.package_identification:_identify(topic_demo_cpp) by extension 'ignore_ament_install'
[2.747s] Level 1:colcon.colcon_core.package_identification:_identify(topic_demo_cpp) by extensions ['colcon_pkg']
[2.748s] Level 1:colcon.colcon_core.package_identification:_identify(topic_demo_cpp) by extension 'colcon_pkg'
[2.748s] Level 1:colcon.colcon_core.package_identification:_identify(topic_demo_cpp) by extensions ['colcon_meta']
[2.748s] Level 1:colcon.colcon_core.package_identification:_identify(topic_demo_cpp) by extension 'colcon_meta'
[2.749s] Level 1:colcon.colcon_core.package_identification:_identify(topic_demo_cpp) by extensions ['ros']
[2.749s] Level 1:colcon.colcon_core.package_identification:_identify(topic_demo_cpp) by extension 'ros'
[2.756s] DEBUG:colcon.colcon_core.package_identification:Package 'topic_demo_cpp' with type 'ros.ament_cmake' and name 'topic_demo_cpp'
[2.758s] Level 1:colcon.colcon_core.package_identification:_identify(topic_demo_interfaces) by extensions ['ignore', 'ignore_ament_install']
[2.758s] Level 1:colcon.colcon_core.package_identification:_identify(topic_demo_interfaces) by extension 'ignore'
[2.759s] Level 1:colcon.colcon_core.package_identification:_identify(topic_demo_interfaces) by extension 'ignore_ament_install'
[2.760s] Level 1:colcon.colcon_core.package_identification:_identify(topic_demo_interfaces) by extensions ['colcon_pkg']
[2.760s] Level 1:colcon.colcon_core.package_identification:_identify(topic_demo_interfaces) by extension 'colcon_pkg'
[2.761s] Level 1:colcon.colcon_core.package_identification:_identify(topic_demo_interfaces) by extensions ['colcon_meta']
[2.761s] Level 1:colcon.colcon_core.package_identification:_identify(topic_demo_interfaces) by extension 'colcon_meta'
[2.761s] Level 1:colcon.colcon_core.package_identification:_identify(topic_demo_interfaces) by extensions ['ros']
[2.762s] Level 1:colcon.colcon_core.package_identification:_identify(topic_demo_interfaces) by extension 'ros'
[2.770s] DEBUG:colcon.colcon_core.package_identification:Package 'topic_demo_interfaces' with type 'ros.ament_cmake' and name 'topic_demo_interfaces'
[2.773s] Level 1:colcon.colcon_core.package_identification:_identify(topic_demo_py) by extensions ['ignore', 'ignore_ament_install']
[2.773s] Level 1:colcon.colcon_core.package_identification:_identify(topic_demo_py) by extension 'ignore'
[2.777s] Level 1:colcon.colcon_core.package_identification:_identify(topic_demo_py) by extension 'ignore_ament_install'
[2.780s] Level 1:colcon.colcon_core.package_identification:_identify(topic_demo_py) by extensions ['colcon_pkg']
[2.780s] Level 1:colcon.colcon_core.package_identification:_identify(topic_demo_py) by extension 'colcon_pkg'
[2.781s] Level 1:colcon.colcon_core.package_identification:_identify(topic_demo_py) by extensions ['colcon_meta']
[2.781s] Level 1:colcon.colcon_core.package_identification:_identify(topic_demo_py) by extension 'colcon_meta'
[2.781s] Level 1:colcon.colcon_core.package_identification:_identify(topic_demo_py) by extensions ['ros']
[2.782s] Level 1:colcon.colcon_core.package_identification:_identify(topic_demo_py) by extension 'ros'
[2.790s] DEBUG:colcon.colcon_core.package_identification:Package 'topic_demo_py' with type 'ros.ament_python' and name 'topic_demo_py'
[2.792s] Level 1:colcon.colcon_core.package_identification:_identify(urdf_demo_ros2) by extensions ['ignore', 'ignore_ament_install']
[2.793s] Level 1:colcon.colcon_core.package_identification:_identify(urdf_demo_ros2) by extension 'ignore'
[2.793s] Level 1:colcon.colcon_core.package_identification:_identify(urdf_demo_ros2) by extension 'ignore_ament_install'
[2.799s] Level 1:colcon.colcon_core.package_identification:_identify(urdf_demo_ros2) by extensions ['colcon_pkg']
[2.799s] Level 1:colcon.colcon_core.package_identification:_identify(urdf_demo_ros2) by extension 'colcon_pkg'
[2.799s] Level 1:colcon.colcon_core.package_identification:_identify(urdf_demo_ros2) by extensions ['colcon_meta']
[2.800s] Level 1:colcon.colcon_core.package_identification:_identify(urdf_demo_ros2) by extension 'colcon_meta'
[2.800s] Level 1:colcon.colcon_core.package_identification:_identify(urdf_demo_ros2) by extensions ['ros']
[2.800s] Level 1:colcon.colcon_core.package_identification:_identify(urdf_demo_ros2) by extension 'ros'
[2.807s] DEBUG:colcon.colcon_core.package_identification:Package 'urdf_demo_ros2' with type 'ros.ament_python' and name 'urdf_demo_ros2'
[2.810s] Level 1:colcon.colcon_core.package_identification:_identify(xarm) by extensions ['ignore', 'ignore_ament_install']
[2.810s] Level 1:colcon.colcon_core.package_identification:_identify(xarm) by extension 'ignore'
[2.811s] Level 1:colcon.colcon_core.package_identification:_identify(xarm) by extension 'ignore_ament_install'
[2.812s] Level 1:colcon.colcon_core.package_identification:_identify(xarm) by extensions ['colcon_pkg']
[2.812s] Level 1:colcon.colcon_core.package_identification:_identify(xarm) by extension 'colcon_pkg'
[2.812s] Level 1:colcon.colcon_core.package_identification:_identify(xarm) by extensions ['colcon_meta']
[2.812s] Level 1:colcon.colcon_core.package_identification:_identify(xarm) by extension 'colcon_meta'
[2.813s] Level 1:colcon.colcon_core.package_identification:_identify(xarm) by extensions ['ros']
[2.813s] Level 1:colcon.colcon_core.package_identification:_identify(xarm) by extension 'ros'
[2.820s] DEBUG:colcon.colcon_core.package_identification:Package 'xarm' with type 'ros.ament_python' and name 'xarm_ros2_arm_only'
[2.822s] Level 1:colcon.colcon_core.package_identification:_identify(xarm_description) by extensions ['ignore', 'ignore_ament_install']
[2.822s] Level 1:colcon.colcon_core.package_identification:_identify(xarm_description) by extension 'ignore'
[2.823s] Level 1:colcon.colcon_core.package_identification:_identify(xarm_description) by extension 'ignore_ament_install'
[2.824s] Level 1:colcon.colcon_core.package_identification:_identify(xarm_description) by extensions ['colcon_pkg']
[2.824s] Level 1:colcon.colcon_core.package_identification:_identify(xarm_description) by extension 'colcon_pkg'
[2.825s] Level 1:colcon.colcon_core.package_identification:_identify(xarm_description) by extensions ['colcon_meta']
[2.826s] Level 1:colcon.colcon_core.package_identification:_identify(xarm_description) by extension 'colcon_meta'
[2.828s] Level 1:colcon.colcon_core.package_identification:_identify(xarm_description) by extensions ['ros']
[2.828s] Level 1:colcon.colcon_core.package_identification:_identify(xarm_description) by extension 'ros'
[2.835s] DEBUG:colcon.colcon_core.package_identification:Package 'xarm_description' with type 'ros.ament_cmake' and name 'xarm_description'
[2.836s] Level 1:colcon.colcon_core.package_discovery:discover_packages(recursive) using defaults
[2.836s] Level 1:colcon.colcon_core.package_discovery:discover_packages(ignore) discover
[2.836s] Level 1:colcon.colcon_core.package_discovery:discover_packages(ignore) using defaults
[2.837s] Level 1:colcon.colcon_core.package_discovery:discover_packages(path) discover
[2.837s] Level 1:colcon.colcon_core.package_discovery:discover_packages(path) using defaults
